provider,model,task,regime,method,metric,metric_label,direction,n,mean,median,bootstrap_95_low,bootstrap_95_high,block_values
alibaba-token-plan-cn,qwen3.7-plus,binpack,slots8,niche,validation_selected_test_loss,validation-selected mean test loss,lower,5,0.1100736213451577,0.10892689570996252,0.10545916129654795,0.11460680397412712,"{""0"": 0.10892689570996252, ""1"": 0.11352826487106794, ""2"": 0.10182804463758785, ""3"": 0.11780149380826194, ""4"": 0.10828340769890829}"
alibaba-token-plan-cn,qwen3.7-plus,binpack,slots8,niche,validation_selected_test_valid,validation-selected rule has valid test execution,higher,5,1.0,1.0,1.0,1.0,"{""0"": 1.0, ""1"": 1.0, ""2"": 1.0, ""3"": 1.0, ""4"": 1.0}"
alibaba-token-plan-cn,qwen3.7-plus,binpack,slots8,niche,common_gate_test_behavior_modes,test behavior modes within common quality gate,higher,5,2.6,2.0,2.0,3.4,"{""0"": 4.0, ""1"": 2.0, ""2"": 3.0, ""3"": 2.0, ""4"": 2.0}"
alibaba-token-plan-cn,qwen3.7-plus,binpack,slots8,niche,common_gate_test_eligible_size,test-eligible common-gate archive size,higher,5,2.6,2.0,2.0,3.4,"{""0"": 4.0, ""1"": 2.0, ""2"": 3.0, ""3"": 2.0, ""4"": 2.0}"
alibaba-token-plan-cn,qwen3.7-plus,binpack,slots8,niche,valid_fraction,valid generated fraction,higher,5,1.0,1.0,1.0,1.0,"{""0"": 1.0, ""1"": 1.0, ""2"": 1.0, ""3"": 1.0, ""4"": 1.0}"
alibaba-token-plan-cn,qwen3.7-plus,binpack,slots8,niche,tokens_used,reported input plus output tokens,lower,5,16417.0,16071.0,16022.6,17104.4,"{""0"": 17768.0, ""1"": 16225.0, ""2"": 16071.0, ""3"": 15993.0, ""4"": 16028.0}"
alibaba-token-plan-cn,qwen3.7-plus,binpack,slots8,niche,token_budget_valid,valid hard-token-ceiling run,higher,0,,,,,{}
alibaba-token-plan-cn,qwen3.7-plus,binpack,slots8,niche,learned_selector_test_loss,validation-fitted selector mean test loss,lower,0,,,,,{}
alibaba-token-plan-cn,qwen3.7-plus,binpack,slots8,niche,selector_gain_vs_single,selector improvement over validation-selected single rule,higher,0,,,,,{}
alibaba-token-plan-cn,qwen3.7-plus,binpack,slots8,niche,selector_seconds_per_instance,selector feature and prediction seconds per test instance,lower,0,,,,,{}
alibaba-token-plan-cn,qwen3.7-plus,binpack,slots8,niche,oracle_gain_upper_bound,test-instance oracle gain (upper bound only),higher,0,,,,,{}
alibaba-token-plan-cn,qwen3.7-plus,binpack,slots8,niche,parent_improvements,parent improvements,higher,5,2.8,3.0,1.8,4.0,"{""0"": 5.0, ""1"": 3.0, ""2"": 1.0, ""3"": 2.0, ""4"": 3.0}"
alibaba-token-plan-cn,qwen3.7-plus,binpack,slots8,niche,neighborhood_improvements,behavior-neighborhood improvements,higher,5,0.0,0.0,0.0,0.0,"{""0"": 0.0, ""1"": 0.0, ""2"": 0.0, ""3"": 0.0, ""4"": 0.0}"
alibaba-token-plan-cn,qwen3.7-plus,binpack,slots8,niche,productive_collisions,productive behavior collisions,higher,5,2.6,3.0,1.6,3.4,"{""0"": 4.0, ""1"": 3.0, ""2"": 1.0, ""3"": 2.0, ""4"": 3.0}"
alibaba-token-plan-cn,qwen3.7-plus,binpack,slots8,niche,unproductive_collisions,unproductive behavior collisions,lower,5,4.8,5.0,3.4,5.8,"{""0"": 2.0, ""1"": 5.0, ""2"": 6.0, ""3"": 6.0, ""4"": 5.0}"
alibaba-token-plan-cn,qwen3.7-plus,binpack,slots8,niche,restarts,restarts,lower,5,1.0,1.0,1.0,1.0,"{""0"": 1.0, ""1"": 1.0, ""2"": 1.0, ""3"": 1.0, ""4"": 1.0}"
alibaba-token-plan-cn,qwen3.7-plus,binpack,slots8,relational,validation_selected_test_loss,validation-selected mean test loss,lower,5,0.1100736213451577,0.10892689570996252,0.10545916129654795,0.11460680397412712,"{""0"": 0.10892689570996252, ""1"": 0.11352826487106794, ""2"": 0.10182804463758785, ""3"": 0.11780149380826194, ""4"": 0.10828340769890829}"
alibaba-token-plan-cn,qwen3.7-plus,binpack,slots8,relational,validation_selected_test_valid,validation-selected rule has valid test execution,higher,5,1.0,1.0,1.0,1.0,"{""0"": 1.0, ""1"": 1.0, ""2"": 1.0, ""3"": 1.0, ""4"": 1.0}"
alibaba-token-plan-cn,qwen3.7-plus,binpack,slots8,relational,common_gate_test_behavior_modes,test behavior modes within common quality gate,higher,5,2.4,2.0,2.0,2.8,"{""0"": 2.0, ""1"": 3.0, ""2"": 3.0, ""3"": 2.0, ""4"": 2.0}"
alibaba-token-plan-cn,qwen3.7-plus,binpack,slots8,relational,common_gate_test_eligible_size,test-eligible common-gate archive size,higher,5,2.4,2.0,2.0,2.8,"{""0"": 2.0, ""1"": 3.0, ""2"": 3.0, ""3"": 2.0, ""4"": 2.0}"
alibaba-token-plan-cn,qwen3.7-plus,binpack,slots8,relational,valid_fraction,valid generated fraction,higher,5,0.925,1.0,0.825,1.0,"{""0"": 1.0, ""1"": 0.75, ""2"": 0.875, ""3"": 1.0, ""4"": 1.0}"
alibaba-token-plan-cn,qwen3.7-plus,binpack,slots8,relational,tokens_used,reported input plus output tokens,lower,5,27610.2,27483.0,27317.4,27903.0,"{""0"": 27974.0, ""1"": 27246.0, ""2"": 27306.0, ""3"": 28042.0, ""4"": 27483.0}"
alibaba-token-plan-cn,qwen3.7-plus,binpack,slots8,relational,token_budget_valid,valid hard-token-ceiling run,higher,0,,,,,{}
alibaba-token-plan-cn,qwen3.7-plus,binpack,slots8,relational,learned_selector_test_loss,validation-fitted selector mean test loss,lower,0,,,,,{}
alibaba-token-plan-cn,qwen3.7-plus,binpack,slots8,relational,selector_gain_vs_single,selector improvement over validation-selected single rule,higher,0,,,,,{}
alibaba-token-plan-cn,qwen3.7-plus,binpack,slots8,relational,selector_seconds_per_instance,selector feature and prediction seconds per test instance,lower,0,,,,,{}
alibaba-token-plan-cn,qwen3.7-plus,binpack,slots8,relational,oracle_gain_upper_bound,test-instance oracle gain (upper bound only),higher,0,,,,,{}
alibaba-token-plan-cn,qwen3.7-plus,binpack,slots8,relational,parent_improvements,parent improvements,higher,5,0.8,1.0,0.4,1.0,"{""0"": 1.0, ""1"": 1.0, ""2"": 0.0, ""3"": 1.0, ""4"": 1.0}"
alibaba-token-plan-cn,qwen3.7-plus,binpack,slots8,relational,neighborhood_improvements,behavior-neighborhood improvements,higher,5,0.0,0.0,0.0,0.0,"{""0"": 0.0, ""1"": 0.0, ""2"": 0.0, ""3"": 0.0, ""4"": 0.0}"
alibaba-token-plan-cn,qwen3.7-plus,binpack,slots8,relational,productive_collisions,productive behavior collisions,higher,5,0.8,1.0,0.4,1.0,"{""0"": 1.0, ""1"": 1.0, ""2"": 0.0, ""3"": 1.0, ""4"": 1.0}"
alibaba-token-plan-cn,qwen3.7-plus,binpack,slots8,relational,unproductive_collisions,unproductive behavior collisions,lower,5,6.2,7.0,5.0,7.0,"{""0"": 7.0, ""1"": 4.0, ""2"": 6.0, ""3"": 7.0, ""4"": 7.0}"
alibaba-token-plan-cn,qwen3.7-plus,binpack,slots8,relational,restarts,restarts,lower,5,7.0,7.0,7.0,7.0,"{""0"": 7.0, ""1"": 7.0, ""2"": 7.0, ""3"": 7.0, ""4"": 7.0}"
alibaba-token-plan-cn,qwen3.7-plus,binpack,slots8,relational_qp,validation_selected_test_loss,validation-selected mean test loss,lower,5,0.1100736213451577,0.10892689570996252,0.10545916129654795,0.11460680397412712,"{""0"": 0.10892689570996252, ""1"": 0.11352826487106794, ""2"": 0.10182804463758785, ""3"": 0.11780149380826194, ""4"": 0.10828340769890829}"
alibaba-token-plan-cn,qwen3.7-plus,binpack,slots8,relational_qp,validation_selected_test_valid,validation-selected rule has valid test execution,higher,5,1.0,1.0,1.0,1.0,"{""0"": 1.0, ""1"": 1.0, ""2"": 1.0, ""3"": 1.0, ""4"": 1.0}"
alibaba-token-plan-cn,qwen3.7-plus,binpack,slots8,relational_qp,common_gate_test_behavior_modes,test behavior modes within common quality gate,higher,5,2.4,2.0,2.0,2.8,"{""0"": 2.0, ""1"": 2.0, ""2"": 2.0, ""3"": 3.0, ""4"": 3.0}"
alibaba-token-plan-cn,qwen3.7-plus,binpack,slots8,relational_qp,common_gate_test_eligible_size,test-eligible common-gate archive size,higher,5,2.4,2.0,2.0,2.8,"{""0"": 2.0, ""1"": 2.0, ""2"": 2.0, ""3"": 3.0, ""4"": 3.0}"
alibaba-token-plan-cn,qwen3.7-plus,binpack,slots8,relational_qp,valid_fraction,valid generated fraction,higher,5,1.0,1.0,1.0,1.0,"{""0"": 1.0, ""1"": 1.0, ""2"": 1.0, ""3"": 1.0, ""4"": 1.0}"
alibaba-token-plan-cn,qwen3.7-plus,binpack,slots8,relational_qp,tokens_used,reported input plus output tokens,lower,5,27865.2,27902.0,27483.6,28215.6,"{""0"": 28434.0, ""1"": 28125.0, ""2"": 27902.0, ""3"": 27651.0, ""4"": 27214.0}"
alibaba-token-plan-cn,qwen3.7-plus,binpack,slots8,relational_qp,token_budget_valid,valid hard-token-ceiling run,higher,0,,,,,{}
alibaba-token-plan-cn,qwen3.7-plus,binpack,slots8,relational_qp,learned_selector_test_loss,validation-fitted selector mean test loss,lower,0,,,,,{}
alibaba-token-plan-cn,qwen3.7-plus,binpack,slots8,relational_qp,selector_gain_vs_single,selector improvement over validation-selected single rule,higher,0,,,,,{}
alibaba-token-plan-cn,qwen3.7-plus,binpack,slots8,relational_qp,selector_seconds_per_instance,selector feature and prediction seconds per test instance,lower,0,,,,,{}
alibaba-token-plan-cn,qwen3.7-plus,binpack,slots8,relational_qp,oracle_gain_upper_bound,test-instance oracle gain (upper bound only),higher,0,,,,,{}
alibaba-token-plan-cn,qwen3.7-plus,binpack,slots8,relational_qp,parent_improvements,parent improvements,higher,5,1.0,1.0,0.4,1.6,"{""0"": 1.0, ""1"": 2.0, ""2"": 1.0, ""3"": 1.0, ""4"": 0.0}"
alibaba-token-plan-cn,qwen3.7-plus,binpack,slots8,relational_qp,neighborhood_improvements,behavior-neighborhood improvements,higher,5,0.0,0.0,0.0,0.0,"{""0"": 0.0, ""1"": 0.0, ""2"": 0.0, ""3"": 0.0, ""4"": 0.0}"
alibaba-token-plan-cn,qwen3.7-plus,binpack,slots8,relational_qp,productive_collisions,productive behavior collisions,higher,5,1.0,1.0,0.4,1.6,"{""0"": 1.0, ""1"": 2.0, ""2"": 1.0, ""3"": 1.0, ""4"": 0.0}"
alibaba-token-plan-cn,qwen3.7-plus,binpack,slots8,relational_qp,unproductive_collisions,unproductive behavior collisions,lower,5,6.4,6.0,6.0,6.8,"{""0"": 7.0, ""1"": 6.0, ""2"": 6.0, ""3"": 6.0, ""4"": 7.0}"
alibaba-token-plan-cn,qwen3.7-plus,binpack,slots8,relational_qp,restarts,restarts,lower,5,6.2,6.0,6.0,6.6,"{""0"": 6.0, ""1"": 6.0, ""2"": 6.0, ""3"": 6.0, ""4"": 7.0}"
alibaba-token-plan-cn,qwen3.7-plus,binpack,slots8,relational_qp_rr,validation_selected_test_loss,validation-selected mean test loss,lower,5,0.1100736213451577,0.10892689570996252,0.10545916129654795,0.11460680397412712,"{""0"": 0.10892689570996252, ""1"": 0.11352826487106794, ""2"": 0.10182804463758785, ""3"": 0.11780149380826194, ""4"": 0.10828340769890829}"
alibaba-token-plan-cn,qwen3.7-plus,binpack,slots8,relational_qp_rr,validation_selected_test_valid,validation-selected rule has valid test execution,higher,5,1.0,1.0,1.0,1.0,"{""0"": 1.0, ""1"": 1.0, ""2"": 1.0, ""3"": 1.0, ""4"": 1.0}"
alibaba-token-plan-cn,qwen3.7-plus,binpack,slots8,relational_qp_rr,common_gate_test_behavior_modes,test behavior modes within common quality gate,higher,5,2.6,3.0,2.2,3.0,"{""0"": 2.0, ""1"": 3.0, ""2"": 2.0, ""3"": 3.0, ""4"": 3.0}"
alibaba-token-plan-cn,qwen3.7-plus,binpack,slots8,relational_qp_rr,common_gate_test_eligible_size,test-eligible common-gate archive size,higher,5,2.6,3.0,2.2,3.0,"{""0"": 2.0, ""1"": 3.0, ""2"": 2.0, ""3"": 3.0, ""4"": 3.0}"
alibaba-token-plan-cn,qwen3.7-plus,binpack,slots8,relational_qp_rr,valid_fraction,valid generated fraction,higher,5,0.925,1.0,0.825,1.0,"{""0"": 1.0, ""1"": 0.875, ""2"": 0.75, ""3"": 1.0, ""4"": 1.0}"
alibaba-token-plan-cn,qwen3.7-plus,binpack,slots8,relational_qp_rr,tokens_used,reported input plus output tokens,lower,5,28025.4,28044.0,27698.4,28369.4,"{""0"": 28630.0, ""1"": 27496.0, ""2"": 28044.0, ""3"": 28208.0, ""4"": 27749.0}"
alibaba-token-plan-cn,qwen3.7-plus,binpack,slots8,relational_qp_rr,token_budget_valid,valid hard-token-ceiling run,higher,0,,,,,{}
alibaba-token-plan-cn,qwen3.7-plus,binpack,slots8,relational_qp_rr,learned_selector_test_loss,validation-fitted selector mean test loss,lower,0,,,,,{}
alibaba-token-plan-cn,qwen3.7-plus,binpack,slots8,relational_qp_rr,selector_gain_vs_single,selector improvement over validation-selected single rule,higher,0,,,,,{}
alibaba-token-plan-cn,qwen3.7-plus,binpack,slots8,relational_qp_rr,selector_seconds_per_instance,selector feature and prediction seconds per test instance,lower,0,,,,,{}
alibaba-token-plan-cn,qwen3.7-plus,binpack,slots8,relational_qp_rr,oracle_gain_upper_bound,test-instance oracle gain (upper bound only),higher,0,,,,,{}
alibaba-token-plan-cn,qwen3.7-plus,binpack,slots8,relational_qp_rr,parent_improvements,parent improvements,higher,5,0.6,0.0,0.0,1.4,"{""0"": 2.0, ""1"": 0.0, ""2"": 0.0, ""3"": 0.0, ""4"": 1.0}"
alibaba-token-plan-cn,qwen3.7-plus,binpack,slots8,relational_qp_rr,neighborhood_improvements,behavior-neighborhood improvements,higher,5,0.0,0.0,0.0,0.0,"{""0"": 0.0, ""1"": 0.0, ""2"": 0.0, ""3"": 0.0, ""4"": 0.0}"
alibaba-token-plan-cn,qwen3.7-plus,binpack,slots8,relational_qp_rr,productive_collisions,productive behavior collisions,higher,5,0.6,0.0,0.0,1.4,"{""0"": 2.0, ""1"": 0.0, ""2"": 0.0, ""3"": 0.0, ""4"": 1.0}"
alibaba-token-plan-cn,qwen3.7-plus,binpack,slots8,relational_qp_rr,unproductive_collisions,unproductive behavior collisions,lower,5,6.2,6.0,6.0,6.6,"{""0"": 6.0, ""1"": 6.0, ""2"": 6.0, ""3"": 7.0, ""4"": 6.0}"
alibaba-token-plan-cn,qwen3.7-plus,binpack,slots8,relational_qp_rr,restarts,restarts,lower,5,6.4,6.0,6.0,6.8,"{""0"": 6.0, ""1"": 7.0, ""2"": 7.0, ""3"": 6.0, ""4"": 6.0}"
alibaba-token-plan-cn,qwen3.7-plus,binpack,slots8,relational_rr,validation_selected_test_loss,validation-selected mean test loss,lower,5,0.1100736213451577,0.10892689570996252,0.10545916129654795,0.11460680397412712,"{""0"": 0.10892689570996252, ""1"": 0.11352826487106794, ""2"": 0.10182804463758785, ""3"": 0.11780149380826194, ""4"": 0.10828340769890829}"
alibaba-token-plan-cn,qwen3.7-plus,binpack,slots8,relational_rr,validation_selected_test_valid,validation-selected rule has valid test execution,higher,5,1.0,1.0,1.0,1.0,"{""0"": 1.0, ""1"": 1.0, ""2"": 1.0, ""3"": 1.0, ""4"": 1.0}"
alibaba-token-plan-cn,qwen3.7-plus,binpack,slots8,relational_rr,common_gate_test_behavior_modes,test behavior modes within common quality gate,higher,5,2.8,3.0,2.2,3.4,"{""0"": 3.0, ""1"": 2.0, ""2"": 3.0, ""3"": 4.0, ""4"": 2.0}"
alibaba-token-plan-cn,qwen3.7-plus,binpack,slots8,relational_rr,common_gate_test_eligible_size,test-eligible common-gate archive size,higher,5,2.8,3.0,2.2,3.4,"{""0"": 3.0, ""1"": 2.0, ""2"": 3.0, ""3"": 4.0, ""4"": 2.0}"
alibaba-token-plan-cn,qwen3.7-plus,binpack,slots8,relational_rr,valid_fraction,valid generated fraction,higher,5,0.9,1.0,0.8,1.0,"{""0"": 1.0, ""1"": 0.75, ""2"": 1.0, ""3"": 0.75, ""4"": 1.0}"
alibaba-token-plan-cn,qwen3.7-plus,binpack,slots8,relational_rr,tokens_used,reported input plus output tokens,lower,4,27789.5,27845.0,27544.75,27979.5,"{""0"": 27777.0, ""2"": 28046.0, ""3"": 27913.0, ""4"": 27422.0}"
alibaba-token-plan-cn,qwen3.7-plus,binpack,slots8,relational_rr,token_budget_valid,valid hard-token-ceiling run,higher,0,,,,,{}
alibaba-token-plan-cn,qwen3.7-plus,binpack,slots8,relational_rr,learned_selector_test_loss,validation-fitted selector mean test loss,lower,0,,,,,{}
alibaba-token-plan-cn,qwen3.7-plus,binpack,slots8,relational_rr,selector_gain_vs_single,selector improvement over validation-selected single rule,higher,0,,,,,{}
alibaba-token-plan-cn,qwen3.7-plus,binpack,slots8,relational_rr,selector_seconds_per_instance,selector feature and prediction seconds per test instance,lower,0,,,,,{}
alibaba-token-plan-cn,qwen3.7-plus,binpack,slots8,relational_rr,oracle_gain_upper_bound,test-instance oracle gain (upper bound only),higher,0,,,,,{}
alibaba-token-plan-cn,qwen3.7-plus,binpack,slots8,relational_rr,parent_improvements,parent improvements,higher,5,0.4,0.0,0.0,0.8,"{""0"": 1.0, ""1"": 0.0, ""2"": 0.0, ""3"": 0.0, ""4"": 1.0}"
alibaba-token-plan-cn,qwen3.7-plus,binpack,slots8,relational_rr,neighborhood_improvements,behavior-neighborhood improvements,higher,5,0.0,0.0,0.0,0.0,"{""0"": 0.0, ""1"": 0.0, ""2"": 0.0, ""3"": 0.0, ""4"": 0.0}"
alibaba-token-plan-cn,qwen3.7-plus,binpack,slots8,relational_rr,productive_collisions,productive behavior collisions,higher,5,0.4,0.0,0.0,0.8,"{""0"": 1.0, ""1"": 0.0, ""2"": 0.0, ""3"": 0.0, ""4"": 1.0}"
alibaba-token-plan-cn,qwen3.7-plus,binpack,slots8,relational_rr,unproductive_collisions,unproductive behavior collisions,lower,5,5.8,6.0,4.8,6.6,"{""0"": 6.0, ""1"": 6.0, ""2"": 6.0, ""3"": 4.0, ""4"": 7.0}"
alibaba-token-plan-cn,qwen3.7-plus,binpack,slots8,relational_rr,restarts,restarts,lower,5,6.8,7.0,6.4,7.0,"{""0"": 7.0, ""1"": 7.0, ""2"": 7.0, ""3"": 6.0, ""4"": 7.0}"
alibaba-token-plan-cn,qwen3.7-plus,binpack,tokens30000,niche,validation_selected_test_loss,validation-selected mean test loss,lower,5,0.1100736213451577,0.10892689570996252,0.10545916129654795,0.11460680397412712,"{""0"": 0.10892689570996252, ""1"": 0.11352826487106794, ""2"": 0.10182804463758785, ""3"": 0.11780149380826194, ""4"": 0.10828340769890829}"
alibaba-token-plan-cn,qwen3.7-plus,binpack,tokens30000,niche,validation_selected_test_valid,validation-selected rule has valid test execution,higher,5,1.0,1.0,1.0,1.0,"{""0"": 1.0, ""1"": 1.0, ""2"": 1.0, ""3"": 1.0, ""4"": 1.0}"
alibaba-token-plan-cn,qwen3.7-plus,binpack,tokens30000,niche,common_gate_test_behavior_modes,test behavior modes within common quality gate,higher,5,3.8,3.0,2.6,5.2,"{""0"": 2.0, ""1"": 3.0, ""2"": 5.0, ""3"": 6.0, ""4"": 3.0}"
alibaba-token-plan-cn,qwen3.7-plus,binpack,tokens30000,niche,common_gate_test_eligible_size,test-eligible common-gate archive size,higher,5,4.0,4.0,2.8,5.2,"{""0"": 2.0, ""1"": 3.0, ""2"": 5.0, ""3"": 6.0, ""4"": 4.0}"
alibaba-token-plan-cn,qwen3.7-plus,binpack,tokens30000,niche,valid_fraction,valid generated fraction,higher,5,0.9303030303030303,0.9090909090909091,0.8787878787878787,0.9818181818181818,"{""0"": 0.8333333333333334, ""1"": 1.0, ""2"": 0.9090909090909091, ""3"": 1.0, ""4"": 0.9090909090909091}"
alibaba-token-plan-cn,qwen3.7-plus,binpack,tokens30000,niche,tokens_used,reported input plus output tokens,lower,4,23574.0,23728.0,22877.5,24116.5,"{""1"": 22594.0, ""2"": 23728.0, ""3"": 23728.0, ""4"": 24246.0}"
alibaba-token-plan-cn,qwen3.7-plus,binpack,tokens30000,niche,token_budget_valid,valid hard-token-ceiling run,higher,5,0.8,1.0,0.4,1.0,"{""0"": 0.0, ""1"": 1.0, ""2"": 1.0, ""3"": 1.0, ""4"": 1.0}"
alibaba-token-plan-cn,qwen3.7-plus,binpack,tokens30000,niche,learned_selector_test_loss,validation-fitted selector mean test loss,lower,0,,,,,{}
alibaba-token-plan-cn,qwen3.7-plus,binpack,tokens30000,niche,selector_gain_vs_single,selector improvement over validation-selected single rule,higher,0,,,,,{}
alibaba-token-plan-cn,qwen3.7-plus,binpack,tokens30000,niche,selector_seconds_per_instance,selector feature and prediction seconds per test instance,lower,0,,,,,{}
alibaba-token-plan-cn,qwen3.7-plus,binpack,tokens30000,niche,oracle_gain_upper_bound,test-instance oracle gain (upper bound only),higher,0,,,,,{}
alibaba-token-plan-cn,qwen3.7-plus,binpack,tokens30000,niche,parent_improvements,parent improvements,higher,5,3.0,3.0,1.8,4.2,"{""0"": 3.0, ""1"": 5.0, ""2"": 3.0, ""3"": 3.0, ""4"": 1.0}"
alibaba-token-plan-cn,qwen3.7-plus,binpack,tokens30000,niche,neighborhood_improvements,behavior-neighborhood improvements,higher,5,0.0,0.0,0.0,0.0,"{""0"": 0.0, ""1"": 0.0, ""2"": 0.0, ""3"": 0.0, ""4"": 0.0}"
alibaba-token-plan-cn,qwen3.7-plus,binpack,tokens30000,niche,productive_collisions,productive behavior collisions,higher,5,2.0,1.0,0.6,3.8,"{""0"": 3.0, ""1"": 5.0, ""2"": 1.0, ""3"": 1.0, ""4"": 0.0}"
alibaba-token-plan-cn,qwen3.7-plus,binpack,tokens30000,niche,unproductive_collisions,unproductive behavior collisions,lower,5,5.0,5.0,3.2,6.8,"{""0"": 2.0, ""1"": 5.0, ""2"": 6.0, ""3"": 4.0, ""4"": 8.0}"
alibaba-token-plan-cn,qwen3.7-plus,binpack,tokens30000,niche,restarts,restarts,lower,5,1.8,2.0,1.4,2.0,"{""0"": 1.0, ""1"": 2.0, ""2"": 2.0, ""3"": 2.0, ""4"": 2.0}"
alibaba-token-plan-cn,qwen3.7-plus,binpack,tokens30000,relational,validation_selected_test_loss,validation-selected mean test loss,lower,5,0.1100736213451577,0.10892689570996252,0.10545916129654795,0.11460680397412712,"{""0"": 0.10892689570996252, ""1"": 0.11352826487106794, ""2"": 0.10182804463758785, ""3"": 0.11780149380826194, ""4"": 0.10828340769890829}"
alibaba-token-plan-cn,qwen3.7-plus,binpack,tokens30000,relational,validation_selected_test_valid,validation-selected rule has valid test execution,higher,5,1.0,1.0,1.0,1.0,"{""0"": 1.0, ""1"": 1.0, ""2"": 1.0, ""3"": 1.0, ""4"": 1.0}"
alibaba-token-plan-cn,qwen3.7-plus,binpack,tokens30000,relational,common_gate_test_behavior_modes,test behavior modes within common quality gate,higher,5,3.0,3.0,2.2,4.0,"{""0"": 3.0, ""1"": 2.0, ""2"": 5.0, ""3"": 3.0, ""4"": 2.0}"
alibaba-token-plan-cn,qwen3.7-plus,binpack,tokens30000,relational,common_gate_test_eligible_size,test-eligible common-gate archive size,higher,5,3.0,3.0,2.2,4.0,"{""0"": 3.0, ""1"": 2.0, ""2"": 5.0, ""3"": 3.0, ""4"": 2.0}"
alibaba-token-plan-cn,qwen3.7-plus,binpack,tokens30000,relational,valid_fraction,valid generated fraction,higher,5,0.9666666666666666,1.0,0.9,1.0,"{""0"": 1.0, ""1"": 1.0, ""2"": 1.0, ""3"": 1.0, ""4"": 0.8333333333333334}"
alibaba-token-plan-cn,qwen3.7-plus,binpack,tokens30000,relational,tokens_used,reported input plus output tokens,lower,5,20796.6,20495.0,20244.8,21626.6,"{""0"": 20495.0, ""1"": 20030.0, ""2"": 22381.0, ""3"": 20388.0, ""4"": 20689.0}"
alibaba-token-plan-cn,qwen3.7-plus,binpack,tokens30000,relational,token_budget_valid,valid hard-token-ceiling run,higher,5,1.0,1.0,1.0,1.0,"{""0"": 1.0, ""1"": 1.0, ""2"": 1.0, ""3"": 1.0, ""4"": 1.0}"
alibaba-token-plan-cn,qwen3.7-plus,binpack,tokens30000,relational,learned_selector_test_loss,validation-fitted selector mean test loss,lower,0,,,,,{}
alibaba-token-plan-cn,qwen3.7-plus,binpack,tokens30000,relational,selector_gain_vs_single,selector improvement over validation-selected single rule,higher,0,,,,,{}
alibaba-token-plan-cn,qwen3.7-plus,binpack,tokens30000,relational,selector_seconds_per_instance,selector feature and prediction seconds per test instance,lower,0,,,,,{}
alibaba-token-plan-cn,qwen3.7-plus,binpack,tokens30000,relational,oracle_gain_upper_bound,test-instance oracle gain (upper bound only),higher,0,,,,,{}
alibaba-token-plan-cn,qwen3.7-plus,binpack,tokens30000,relational,parent_improvements,parent improvements,higher,5,0.0,0.0,0.0,0.0,"{""0"": 0.0, ""1"": 0.0, ""2"": 0.0, ""3"": 0.0, ""4"": 0.0}"
alibaba-token-plan-cn,qwen3.7-plus,binpack,tokens30000,relational,neighborhood_improvements,behavior-neighborhood improvements,higher,5,0.2,0.0,0.0,0.6,"{""0"": 0.0, ""1"": 0.0, ""2"": 0.0, ""3"": 0.0, ""4"": 1.0}"
alibaba-token-plan-cn,qwen3.7-plus,binpack,tokens30000,relational,productive_collisions,productive behavior collisions,higher,5,0.0,0.0,0.0,0.0,"{""0"": 0.0, ""1"": 0.0, ""2"": 0.0, ""3"": 0.0, ""4"": 0.0}"
alibaba-token-plan-cn,qwen3.7-plus,binpack,tokens30000,relational,unproductive_collisions,unproductive behavior collisions,lower,5,5.0,5.0,4.4,5.6,"{""0"": 5.0, ""1"": 6.0, ""2"": 4.0, ""3"": 5.0, ""4"": 5.0}"
alibaba-token-plan-cn,qwen3.7-plus,binpack,tokens30000,relational,restarts,restarts,lower,5,5.6,6.0,5.2,6.0,"{""0"": 5.0, ""1"": 6.0, ""2"": 5.0, ""3"": 6.0, ""4"": 6.0}"
alibaba-token-plan-cn,qwen3.7-plus,binpack,tokens30000,relational_qp,validation_selected_test_loss,validation-selected mean test loss,lower,5,0.1100736213451577,0.10892689570996252,0.10545916129654795,0.11460680397412712,"{""0"": 0.10892689570996252, ""1"": 0.11352826487106794, ""2"": 0.10182804463758785, ""3"": 0.11780149380826194, ""4"": 0.10828340769890829}"
alibaba-token-plan-cn,qwen3.7-plus,binpack,tokens30000,relational_qp,validation_selected_test_valid,validation-selected rule has valid test execution,higher,5,1.0,1.0,1.0,1.0,"{""0"": 1.0, ""1"": 1.0, ""2"": 1.0, ""3"": 1.0, ""4"": 1.0}"
alibaba-token-plan-cn,qwen3.7-plus,binpack,tokens30000,relational_qp,common_gate_test_behavior_modes,test behavior modes within common quality gate,higher,5,2.0,2.0,2.0,2.0,"{""0"": 2.0, ""1"": 2.0, ""2"": 2.0, ""3"": 2.0, ""4"": 2.0}"
alibaba-token-plan-cn,qwen3.7-plus,binpack,tokens30000,relational_qp,common_gate_test_eligible_size,test-eligible common-gate archive size,higher,5,2.0,2.0,2.0,2.0,"{""0"": 2.0, ""1"": 2.0, ""2"": 2.0, ""3"": 2.0, ""4"": 2.0}"
alibaba-token-plan-cn,qwen3.7-plus,binpack,tokens30000,relational_qp,valid_fraction,valid generated fraction,higher,5,0.8666666666666666,0.8333333333333334,0.7666666666666666,0.9666666666666666,"{""0"": 0.6666666666666666, ""1"": 1.0, ""2"": 0.8333333333333334, ""3"": 1.0, ""4"": 0.8333333333333334}"
alibaba-token-plan-cn,qwen3.7-plus,binpack,tokens30000,relational_qp,tokens_used,reported input plus output tokens,lower,5,19945.6,20077.0,19583.8,20186.2,"{""0"": 19255.0, ""1"": 19996.0, ""2"": 20077.0, ""3"": 20131.0, ""4"": 20269.0}"
alibaba-token-plan-cn,qwen3.7-plus,binpack,tokens30000,relational_qp,token_budget_valid,valid hard-token-ceiling run,higher,5,1.0,1.0,1.0,1.0,"{""0"": 1.0, ""1"": 1.0, ""2"": 1.0, ""3"": 1.0, ""4"": 1.0}"
alibaba-token-plan-cn,qwen3.7-plus,binpack,tokens30000,relational_qp,learned_selector_test_loss,validation-fitted selector mean test loss,lower,0,,,,,{}
alibaba-token-plan-cn,qwen3.7-plus,binpack,tokens30000,relational_qp,selector_gain_vs_single,selector improvement over validation-selected single rule,higher,0,,,,,{}
alibaba-token-plan-cn,qwen3.7-plus,binpack,tokens30000,relational_qp,selector_seconds_per_instance,selector feature and prediction seconds per test instance,lower,0,,,,,{}
alibaba-token-plan-cn,qwen3.7-plus,binpack,tokens30000,relational_qp,oracle_gain_upper_bound,test-instance oracle gain (upper bound only),higher,0,,,,,{}
alibaba-token-plan-cn,qwen3.7-plus,binpack,tokens30000,relational_qp,parent_improvements,parent improvements,higher,5,0.0,0.0,0.0,0.0,"{""0"": 0.0, ""1"": 0.0, ""2"": 0.0, ""3"": 0.0, ""4"": 0.0}"
alibaba-token-plan-cn,qwen3.7-plus,binpack,tokens30000,relational_qp,neighborhood_improvements,behavior-neighborhood improvements,higher,5,0.0,0.0,0.0,0.0,"{""0"": 0.0, ""1"": 0.0, ""2"": 0.0, ""3"": 0.0, ""4"": 0.0}"
alibaba-token-plan-cn,qwen3.7-plus,binpack,tokens30000,relational_qp,productive_collisions,productive behavior collisions,higher,5,0.0,0.0,0.0,0.0,"{""0"": 0.0, ""1"": 0.0, ""2"": 0.0, ""3"": 0.0, ""4"": 0.0}"
alibaba-token-plan-cn,qwen3.7-plus,binpack,tokens30000,relational_qp,unproductive_collisions,unproductive behavior collisions,lower,5,5.2,5.0,4.6,5.8,"{""0"": 4.0, ""1"": 6.0, ""2"": 5.0, ""3"": 6.0, ""4"": 5.0}"
alibaba-token-plan-cn,qwen3.7-plus,binpack,tokens30000,relational_qp,restarts,restarts,lower,5,6.0,6.0,6.0,6.0,"{""0"": 6.0, ""1"": 6.0, ""2"": 6.0, ""3"": 6.0, ""4"": 6.0}"
alibaba-token-plan-cn,qwen3.7-plus,binpack,tokens30000,relational_qp_rr,validation_selected_test_loss,validation-selected mean test loss,lower,5,0.1100736213451577,0.10892689570996252,0.10545916129654795,0.11460680397412712,"{""0"": 0.10892689570996252, ""1"": 0.11352826487106794, ""2"": 0.10182804463758785, ""3"": 0.11780149380826194, ""4"": 0.10828340769890829}"
alibaba-token-plan-cn,qwen3.7-plus,binpack,tokens30000,relational_qp_rr,validation_selected_test_valid,validation-selected rule has valid test execution,higher,5,1.0,1.0,1.0,1.0,"{""0"": 1.0, ""1"": 1.0, ""2"": 1.0, ""3"": 1.0, ""4"": 1.0}"
alibaba-token-plan-cn,qwen3.7-plus,binpack,tokens30000,relational_qp_rr,common_gate_test_behavior_modes,test behavior modes within common quality gate,higher,5,2.0,2.0,2.0,2.0,"{""0"": 2.0, ""1"": 2.0, ""2"": 2.0, ""3"": 2.0, ""4"": 2.0}"
alibaba-token-plan-cn,qwen3.7-plus,binpack,tokens30000,relational_qp_rr,common_gate_test_eligible_size,test-eligible common-gate archive size,higher,5,2.0,2.0,2.0,2.0,"{""0"": 2.0, ""1"": 2.0, ""2"": 2.0, ""3"": 2.0, ""4"": 2.0}"
alibaba-token-plan-cn,qwen3.7-plus,binpack,tokens30000,relational_qp_rr,valid_fraction,valid generated fraction,higher,5,1.0,1.0,1.0,1.0,"{""0"": 1.0, ""1"": 1.0, ""2"": 1.0, ""3"": 1.0, ""4"": 1.0}"
alibaba-token-plan-cn,qwen3.7-plus,binpack,tokens30000,relational_qp_rr,tokens_used,reported input plus output tokens,lower,5,20064.0,19951.0,19901.4,20270.6,"{""0"": 20453.0, ""1"": 19951.0, ""2"": 19922.0, ""3"": 20138.0, ""4"": 19856.0}"
alibaba-token-plan-cn,qwen3.7-plus,binpack,tokens30000,relational_qp_rr,token_budget_valid,valid hard-token-ceiling run,higher,5,1.0,1.0,1.0,1.0,"{""0"": 1.0, ""1"": 1.0, ""2"": 1.0, ""3"": 1.0, ""4"": 1.0}"
alibaba-token-plan-cn,qwen3.7-plus,binpack,tokens30000,relational_qp_rr,learned_selector_test_loss,validation-fitted selector mean test loss,lower,0,,,,,{}
alibaba-token-plan-cn,qwen3.7-plus,binpack,tokens30000,relational_qp_rr,selector_gain_vs_single,selector improvement over validation-selected single rule,higher,0,,,,,{}
alibaba-token-plan-cn,qwen3.7-plus,binpack,tokens30000,relational_qp_rr,selector_seconds_per_instance,selector feature and prediction seconds per test instance,lower,0,,,,,{}
alibaba-token-plan-cn,qwen3.7-plus,binpack,tokens30000,relational_qp_rr,oracle_gain_upper_bound,test-instance oracle gain (upper bound only),higher,0,,,,,{}
alibaba-token-plan-cn,qwen3.7-plus,binpack,tokens30000,relational_qp_rr,parent_improvements,parent improvements,higher,5,0.0,0.0,0.0,0.0,"{""0"": 0.0, ""1"": 0.0, ""2"": 0.0, ""3"": 0.0, ""4"": 0.0}"
alibaba-token-plan-cn,qwen3.7-plus,binpack,tokens30000,relational_qp_rr,neighborhood_improvements,behavior-neighborhood improvements,higher,5,0.0,0.0,0.0,0.0,"{""0"": 0.0, ""1"": 0.0, ""2"": 0.0, ""3"": 0.0, ""4"": 0.0}"
alibaba-token-plan-cn,qwen3.7-plus,binpack,tokens30000,relational_qp_rr,productive_collisions,productive behavior collisions,higher,5,0.0,0.0,0.0,0.0,"{""0"": 0.0, ""1"": 0.0, ""2"": 0.0, ""3"": 0.0, ""4"": 0.0}"
alibaba-token-plan-cn,qwen3.7-plus,binpack,tokens30000,relational_qp_rr,unproductive_collisions,unproductive behavior collisions,lower,5,6.0,6.0,6.0,6.0,"{""0"": 6.0, ""1"": 6.0, ""2"": 6.0, ""3"": 6.0, ""4"": 6.0}"
alibaba-token-plan-cn,qwen3.7-plus,binpack,tokens30000,relational_qp_rr,restarts,restarts,lower,5,6.0,6.0,6.0,6.0,"{""0"": 6.0, ""1"": 6.0, ""2"": 6.0, ""3"": 6.0, ""4"": 6.0}"
alibaba-token-plan-cn,qwen3.7-plus,binpack,tokens30000,relational_rr,validation_selected_test_loss,validation-selected mean test loss,lower,5,0.1100736213451577,0.10892689570996252,0.10545916129654795,0.11460680397412712,"{""0"": 0.10892689570996252, ""1"": 0.11352826487106794, ""2"": 0.10182804463758785, ""3"": 0.11780149380826194, ""4"": 0.10828340769890829}"
alibaba-token-plan-cn,qwen3.7-plus,binpack,tokens30000,relational_rr,validation_selected_test_valid,validation-selected rule has valid test execution,higher,5,1.0,1.0,1.0,1.0,"{""0"": 1.0, ""1"": 1.0, ""2"": 1.0, ""3"": 1.0, ""4"": 1.0}"
alibaba-token-plan-cn,qwen3.7-plus,binpack,tokens30000,relational_rr,common_gate_test_behavior_modes,test behavior modes within common quality gate,higher,5,2.4,2.0,2.0,2.8,"{""0"": 2.0, ""1"": 3.0, ""2"": 2.0, ""3"": 3.0, ""4"": 2.0}"
alibaba-token-plan-cn,qwen3.7-plus,binpack,tokens30000,relational_rr,common_gate_test_eligible_size,test-eligible common-gate archive size,higher,5,2.4,2.0,2.0,2.8,"{""0"": 2.0, ""1"": 3.0, ""2"": 2.0, ""3"": 3.0, ""4"": 2.0}"
alibaba-token-plan-cn,qwen3.7-plus,binpack,tokens30000,relational_rr,valid_fraction,valid generated fraction,higher,5,1.0,1.0,1.0,1.0,"{""0"": 1.0, ""1"": 1.0, ""2"": 1.0, ""3"": 1.0, ""4"": 1.0}"
alibaba-token-plan-cn,qwen3.7-plus,binpack,tokens30000,relational_rr,tokens_used,reported input plus output tokens,lower,5,20100.8,19866.0,19616.4,20691.6,"{""0"": 20398.0, ""1"": 19343.0, ""2"": 21132.0, ""3"": 19765.0, ""4"": 19866.0}"
alibaba-token-plan-cn,qwen3.7-plus,binpack,tokens30000,relational_rr,token_budget_valid,valid hard-token-ceiling run,higher,5,1.0,1.0,1.0,1.0,"{""0"": 1.0, ""1"": 1.0, ""2"": 1.0, ""3"": 1.0, ""4"": 1.0}"
alibaba-token-plan-cn,qwen3.7-plus,binpack,tokens30000,relational_rr,learned_selector_test_loss,validation-fitted selector mean test loss,lower,0,,,,,{}
alibaba-token-plan-cn,qwen3.7-plus,binpack,tokens30000,relational_rr,selector_gain_vs_single,selector improvement over validation-selected single rule,higher,0,,,,,{}
alibaba-token-plan-cn,qwen3.7-plus,binpack,tokens30000,relational_rr,selector_seconds_per_instance,selector feature and prediction seconds per test instance,lower,0,,,,,{}
alibaba-token-plan-cn,qwen3.7-plus,binpack,tokens30000,relational_rr,oracle_gain_upper_bound,test-instance oracle gain (upper bound only),higher,0,,,,,{}
alibaba-token-plan-cn,qwen3.7-plus,binpack,tokens30000,relational_rr,parent_improvements,parent improvements,higher,5,0.0,0.0,0.0,0.0,"{""0"": 0.0, ""1"": 0.0, ""2"": 0.0, ""3"": 0.0, ""4"": 0.0}"
alibaba-token-plan-cn,qwen3.7-plus,binpack,tokens30000,relational_rr,neighborhood_improvements,behavior-neighborhood improvements,higher,5,0.0,0.0,0.0,0.0,"{""0"": 0.0, ""1"": 0.0, ""2"": 0.0, ""3"": 0.0, ""4"": 0.0}"
alibaba-token-plan-cn,qwen3.7-plus,binpack,tokens30000,relational_rr,productive_collisions,productive behavior collisions,higher,5,0.0,0.0,0.0,0.0,"{""0"": 0.0, ""1"": 0.0, ""2"": 0.0, ""3"": 0.0, ""4"": 0.0}"
alibaba-token-plan-cn,qwen3.7-plus,binpack,tokens30000,relational_rr,unproductive_collisions,unproductive behavior collisions,lower,5,5.4,5.0,5.0,5.8,"{""0"": 6.0, ""1"": 5.0, ""2"": 5.0, ""3"": 5.0, ""4"": 6.0}"
alibaba-token-plan-cn,qwen3.7-plus,binpack,tokens30000,relational_rr,restarts,restarts,lower,5,6.0,6.0,6.0,6.0,"{""0"": 6.0, ""1"": 6.0, ""2"": 6.0, ""3"": 6.0, ""4"": 6.0}"
alibaba-token-plan-cn,qwen3.7-plus,tsp,slots8,niche,validation_selected_test_loss,validation-selected mean test loss,lower,5,0.051217132928692136,0.05186313643800565,0.04340616719851907,0.0610258077747867,"{""0"": 0.05186313643800565, ""1"": 0.044768149506068146, ""2"": 0.05206376641266345, ""3"": 0.06943237431840063, ""4"": 0.037958237968322796}"
alibaba-token-plan-cn,qwen3.7-plus,tsp,slots8,niche,validation_selected_test_valid,validation-selected rule has valid test execution,higher,5,1.0,1.0,1.0,1.0,"{""0"": 1.0, ""1"": 1.0, ""2"": 1.0, ""3"": 1.0, ""4"": 1.0}"
alibaba-token-plan-cn,qwen3.7-plus,tsp,slots8,niche,common_gate_test_behavior_modes,test behavior modes within common quality gate,higher,5,4.8,4.0,4.0,6.0,"{""0"": 4.0, ""1"": 5.0, ""2"": 4.0, ""3"": 7.0, ""4"": 4.0}"
alibaba-token-plan-cn,qwen3.7-plus,tsp,slots8,niche,common_gate_test_eligible_size,test-eligible common-gate archive size,higher,5,5.2,5.0,4.4,6.2,"{""0"": 4.0, ""1"": 5.0, ""2"": 5.0, ""3"": 7.0, ""4"": 5.0}"
alibaba-token-plan-cn,qwen3.7-plus,tsp,slots8,niche,valid_fraction,valid generated fraction,higher,5,1.0,1.0,1.0,1.0,"{""0"": 1.0, ""1"": 1.0, ""2"": 1.0, ""3"": 1.0, ""4"": 1.0}"
alibaba-token-plan-cn,qwen3.7-plus,tsp,slots8,niche,tokens_used,reported input plus output tokens,lower,5,19794.0,19725.0,19376.6,20211.4,"{""0"": 19316.0, ""1"": 19725.0, ""2"": 20261.0, ""3"": 19263.0, ""4"": 20405.0}"
alibaba-token-plan-cn,qwen3.7-plus,tsp,slots8,niche,token_budget_valid,valid hard-token-ceiling run,higher,0,,,,,{}
alibaba-token-plan-cn,qwen3.7-plus,tsp,slots8,niche,learned_selector_test_loss,validation-fitted selector mean test loss,lower,5,0.057745395630204685,0.04857774135877112,0.04091926957004001,0.07726221483401868,"{""0"": 0.07158817005956007, ""1"": 0.04857774135877112, ""2"": 0.04306761364959994, ""3"": 0.0905517634869778, ""4"": 0.03494168959611453}"
alibaba-token-plan-cn,qwen3.7-plus,tsp,slots8,niche,selector_gain_vs_single,selector improvement over validation-selected single rule,higher,5,-0.006528262701512555,-0.003809591852702972,-0.017099687486593223,0.004043162083568115,"{""0"": -0.019725033621554422, ""1"": -0.003809591852702972, ""2"": 0.008996152763063509, ""3"": -0.021119389168577155, ""4"": 0.003016548372208265}"
alibaba-token-plan-cn,qwen3.7-plus,tsp,slots8,niche,selector_seconds_per_instance,selector feature and prediction seconds per test instance,lower,5,0.002337860555983045,0.0024739750014204118,0.0019421661117424566,0.002733555000223633,"{""0"": 0.0026846888876106176, ""1"": 0.0024739750014204118, ""2"": 0.001826727778987131, ""3"": 0.00291221111223826, ""4"": 0.0017916999996588048}"
alibaba-token-plan-cn,qwen3.7-plus,tsp,slots8,niche,oracle_gain_upper_bound,test-instance oracle gain (upper bound only),higher,5,0.02444243497157656,0.021742206636140272,0.01955501827735051,0.03068169267763581,"{""0"": 0.018861010584664717, ""1"": 0.01915543179064142, ""2"": 0.026406562367897454, ""3"": 0.03604696347853895, ""4"": 0.021742206636140272}"
alibaba-token-plan-cn,qwen3.7-plus,tsp,slots8,niche,parent_improvements,parent improvements,higher,5,2.2,1.0,0.6,4.0,"{""0"": 1.0, ""1"": 4.0, ""2"": 0.0, ""3"": 5.0, ""4"": 1.0}"
alibaba-token-plan-cn,qwen3.7-plus,tsp,slots8,niche,neighborhood_improvements,behavior-neighborhood improvements,higher,5,1.0,1.0,0.2,1.8,"{""0"": 2.0, ""1"": 2.0, ""2"": 1.0, ""3"": 0.0, ""4"": 0.0}"
alibaba-token-plan-cn,qwen3.7-plus,tsp,slots8,niche,productive_collisions,productive behavior collisions,higher,5,1.0,1.0,0.2,1.8,"{""0"": 2.0, ""1"": 2.0, ""2"": 1.0, ""3"": 0.0, ""4"": 0.0}"
alibaba-token-plan-cn,qwen3.7-plus,tsp,slots8,niche,unproductive_collisions,unproductive behavior collisions,lower,5,1.8,1.0,0.6,3.2,"{""0"": 4.0, ""1"": 3.0, ""2"": 0.0, ""3"": 1.0, ""4"": 1.0}"
alibaba-token-plan-cn,qwen3.7-plus,tsp,slots8,niche,restarts,restarts,lower,5,1.0,1.0,1.0,1.0,"{""0"": 1.0, ""1"": 1.0, ""2"": 1.0, ""3"": 1.0, ""4"": 1.0}"
alibaba-token-plan-cn,qwen3.7-plus,tsp,slots8,relational,validation_selected_test_loss,validation-selected mean test loss,lower,5,0.04273520054990518,0.037958237968322796,0.03125439928199671,0.05686504930033979,"{""0"": 0.02889961230452498, ""1"": 0.047128511241972065, ""2"": 0.030257266916305408, ""3"": 0.06943237431840063, ""4"": 0.037958237968322796}"
alibaba-token-plan-cn,qwen3.7-plus,tsp,slots8,relational,validation_selected_test_valid,validation-selected rule has valid test execution,higher,5,1.0,1.0,1.0,1.0,"{""0"": 1.0, ""1"": 1.0, ""2"": 1.0, ""3"": 1.0, ""4"": 1.0}"
alibaba-token-plan-cn,qwen3.7-plus,tsp,slots8,relational,common_gate_test_behavior_modes,test behavior modes within common quality gate,higher,5,4.0,4.0,3.2,4.8,"{""0"": 4.0, ""1"": 5.0, ""2"": 5.0, ""3"": 3.0, ""4"": 3.0}"
alibaba-token-plan-cn,qwen3.7-plus,tsp,slots8,relational,common_gate_test_eligible_size,test-eligible common-gate archive size,higher,5,5.0,5.0,4.2,5.8,"{""0"": 6.0, ""1"": 6.0, ""2"": 5.0, ""3"": 4.0, ""4"": 4.0}"
alibaba-token-plan-cn,qwen3.7-plus,tsp,slots8,relational,valid_fraction,valid generated fraction,higher,5,1.0,1.0,1.0,1.0,"{""0"": 1.0, ""1"": 1.0, ""2"": 1.0, ""3"": 1.0, ""4"": 1.0}"
alibaba-token-plan-cn,qwen3.7-plus,tsp,slots8,relational,tokens_used,reported input plus output tokens,lower,5,27483.2,27093.0,26435.0,28725.0,"{""0"": 26340.0, ""1"": 29813.0, ""2"": 27093.0, ""3"": 26201.0, ""4"": 27969.0}"
alibaba-token-plan-cn,qwen3.7-plus,tsp,slots8,relational,token_budget_valid,valid hard-token-ceiling run,higher,0,,,,,{}
alibaba-token-plan-cn,qwen3.7-plus,tsp,slots8,relational,learned_selector_test_loss,validation-fitted selector mean test loss,lower,5,0.045009909655067654,0.03848757926722852,0.032229481529767,0.06346482089854599,"{""0"": 0.033263448635462795, ""1"": 0.0451157394978822, ""2"": 0.02806646555534044, ""3"": 0.08011631531942431, ""4"": 0.03848757926722852}"
alibaba-token-plan-cn,qwen3.7-plus,tsp,slots8,relational,selector_gain_vs_single,selector improvement over validation-selected single rule,higher,5,-0.002274709105162475,-0.0005293412989057222,-0.006880577517983792,0.0015755609822407882,"{""0"": -0.004363836330937815, ""1"": 0.0020127717440898626, ""2"": 0.002190801360964969, ""3"": -0.01068394100102367, ""4"": -0.0005293412989057222}"
alibaba-token-plan-cn,qwen3.7-plus,tsp,slots8,relational,selector_seconds_per_instance,selector feature and prediction seconds per test instance,lower,5,0.002503664999838091,0.0024046638896430116,0.0020599972217395486,0.0030532238888554275,"{""0"": 0.0021555361130999196, ""1"": 0.0024046638896430116, ""2"": 0.0026365666643768135, ""3"": 0.003491338888933468, ""4"": 0.0018302194431372401}"
alibaba-token-plan-cn,qwen3.7-plus,tsp,slots8,relational,oracle_gain_upper_bound,test-instance oracle gain (upper bound only),higher,5,0.019864329590281803,0.019287825881308604,0.012201802581371905,0.02633866453672064,"{""0"": 0.006007207238543883, ""1"": 0.024463550463853213, ""2"": 0.018523840727374664, ""3"": 0.031039223640328663, ""4"": 0.019287825881308604}"
alibaba-token-plan-cn,qwen3.7-plus,tsp,slots8,relational,parent_improvements,parent improvements,higher,5,0.6,1.0,0.2,1.0,"{""0"": 0.0, ""1"": 1.0, ""2"": 1.0, ""3"": 1.0, ""4"": 0.0}"
alibaba-token-plan-cn,qwen3.7-plus,tsp,slots8,relational,neighborhood_improvements,behavior-neighborhood improvements,higher,5,0.6,0.0,0.0,1.4,"{""0"": 0.0, ""1"": 2.0, ""2"": 0.0, ""3"": 1.0, ""4"": 0.0}"
alibaba-token-plan-cn,qwen3.7-plus,tsp,slots8,relational,productive_collisions,productive behavior collisions,higher,5,0.6,0.0,0.0,1.4,"{""0"": 0.0, ""1"": 2.0, ""2"": 0.0, ""3"": 1.0, ""4"": 0.0}"
alibaba-token-plan-cn,qwen3.7-plus,tsp,slots8,relational,unproductive_collisions,unproductive behavior collisions,lower,5,0.6,0.0,0.0,1.4,"{""0"": 1.0, ""1"": 2.0, ""2"": 0.0, ""3"": 0.0, ""4"": 0.0}"
alibaba-token-plan-cn,qwen3.7-plus,tsp,slots8,relational,restarts,restarts,lower,5,5.2,5.0,5.0,5.6,"{""0"": 5.0, ""1"": 5.0, ""2"": 5.0, ""3"": 5.0, ""4"": 6.0}"
alibaba-token-plan-cn,qwen3.7-plus,tsp,slots8,relational_qp,validation_selected_test_loss,validation-selected mean test loss,lower,5,0.052931272593401225,0.05206376641266345,0.048362280952246525,0.057169039651709254,"{""0"": 0.05844785886118298, ""1"": 0.043833333534036484, ""2"": 0.05206376641266345, ""3"": 0.05844285706175843, ""4"": 0.05186854709736476}"
alibaba-token-plan-cn,qwen3.7-plus,tsp,slots8,relational_qp,validation_selected_test_valid,validation-selected rule has valid test execution,higher,5,1.0,1.0,1.0,1.0,"{""0"": 1.0, ""1"": 1.0, ""2"": 1.0, ""3"": 1.0, ""4"": 1.0}"
alibaba-token-plan-cn,qwen3.7-plus,tsp,slots8,relational_qp,common_gate_test_behavior_modes,test behavior modes within common quality gate,higher,5,3.4,3.0,1.8,5.0,"{""0"": 6.0, ""1"": 5.0, ""2"": 1.0, ""3"": 3.0, ""4"": 2.0}"
alibaba-token-plan-cn,qwen3.7-plus,tsp,slots8,relational_qp,common_gate_test_eligible_size,test-eligible common-gate archive size,higher,5,3.8,3.0,1.8,5.8,"{""0"": 6.0, ""1"": 7.0, ""2"": 1.0, ""3"": 3.0, ""4"": 2.0}"
alibaba-token-plan-cn,qwen3.7-plus,tsp,slots8,relational_qp,valid_fraction,valid generated fraction,higher,5,1.0,1.0,1.0,1.0,"{""0"": 1.0, ""1"": 1.0, ""2"": 1.0, ""3"": 1.0, ""4"": 1.0}"
alibaba-token-plan-cn,qwen3.7-plus,tsp,slots8,relational_qp,tokens_used,reported input plus output tokens,lower,5,27543.2,27593.0,26223.4,28863.0,"{""0"": 29033.0, ""1"": 27593.0, ""2"": 25441.0, ""3"": 26321.0, ""4"": 29328.0}"
alibaba-token-plan-cn,qwen3.7-plus,tsp,slots8,relational_qp,token_budget_valid,valid hard-token-ceiling run,higher,0,,,,,{}
alibaba-token-plan-cn,qwen3.7-plus,tsp,slots8,relational_qp,learned_selector_test_loss,validation-fitted selector mean test loss,lower,5,0.0541230511961505,0.05206376641266345,0.05037972093524475,0.05787754262316893,"{""0"": 0.059191522645223364, ""1"": 0.04804887203441539, ""2"": 0.05206376641266345, ""3"": 0.0594425477910855, ""4"": 0.05186854709736476}"
alibaba-token-plan-cn,qwen3.7-plus,tsp,slots8,relational_qp,selector_gain_vs_single,selector improvement over validation-selected single rule,higher,5,-0.0011917786027492716,-0.0007436637840403867,-0.0027292612460927553,-0.00014873275680807736,"{""0"": -0.0007436637840403867, ""1"": -0.004215538500378903, ""2"": 0.0, ""3"": -0.0009996907293270685, ""4"": 0.0}"
alibaba-token-plan-cn,qwen3.7-plus,tsp,slots8,relational_qp,selector_seconds_per_instance,selector feature and prediction seconds per test instance,lower,5,0.0019784477778658684,0.0019221277778140372,0.0018401366671443812,0.0021506727776593633,"{""0"": 0.0023030361108895806, ""1"": 0.0019221277778140372, ""2"": 0.001812186111540844, ""3"": 0.0018270916674130906, ""4"": 0.00202779722167179}"
alibaba-token-plan-cn,qwen3.7-plus,tsp,slots8,relational_qp,oracle_gain_upper_bound,test-instance oracle gain (upper bound only),higher,5,0.018513038616336554,0.022207117666347004,0.008882847066538802,0.025389480240904073,"{""0"": 0.028505645075901205, ""1"": 0.01922334831046975, ""2"": 0.0, ""3"": 0.022207117666347004, ""4"": 0.022629082028964822}"
alibaba-token-plan-cn,qwen3.7-plus,tsp,slots8,relational_qp,parent_improvements,parent improvements,higher,5,1.0,1.0,0.2,2.0,"{""0"": 1.0, ""1"": 3.0, ""2"": 0.0, ""3"": 1.0, ""4"": 0.0}"
alibaba-token-plan-cn,qwen3.7-plus,tsp,slots8,relational_qp,neighborhood_improvements,behavior-neighborhood improvements,higher,5,0.6,0.0,0.0,1.4,"{""0"": 2.0, ""1"": 0.0, ""2"": 0.0, ""3"": 0.0, ""4"": 1.0}"
alibaba-token-plan-cn,qwen3.7-plus,tsp,slots8,relational_qp,productive_collisions,productive behavior collisions,higher,5,0.2,0.0,0.0,0.6,"{""0"": 1.0, ""1"": 0.0, ""2"": 0.0, ""3"": 0.0, ""4"": 0.0}"
alibaba-token-plan-cn,qwen3.7-plus,tsp,slots8,relational_qp,unproductive_collisions,unproductive behavior collisions,lower,5,1.6,1.0,0.6,2.6,"{""0"": 1.0, ""1"": 3.0, ""2"": 0.0, ""3"": 1.0, ""4"": 3.0}"
alibaba-token-plan-cn,qwen3.7-plus,tsp,slots8,relational_qp,restarts,restarts,lower,5,5.6,5.0,5.0,6.4,"{""0"": 5.0, ""1"": 5.0, ""2"": 7.0, ""3"": 5.0, ""4"": 6.0}"
alibaba-token-plan-cn,qwen3.7-plus,tsp,slots8,relational_qp_rr,validation_selected_test_loss,validation-selected mean test loss,lower,5,0.052092360912820615,0.05434974124647226,0.04451483927958258,0.058039063007127766,"{""0"": 0.05434974124647226, ""1"": 0.06126060245883437, ""2"": 0.05206376641266345, ""3"": 0.05482945647781017, ""4"": 0.037958237968322796}"
alibaba-token-plan-cn,qwen3.7-plus,tsp,slots8,relational_qp_rr,validation_selected_test_valid,validation-selected rule has valid test execution,higher,5,1.0,1.0,1.0,1.0,"{""0"": 1.0, ""1"": 1.0, ""2"": 1.0, ""3"": 1.0, ""4"": 1.0}"
alibaba-token-plan-cn,qwen3.7-plus,tsp,slots8,relational_qp_rr,common_gate_test_behavior_modes,test behavior modes within common quality gate,higher,5,3.6,4.0,2.6,4.4,"{""0"": 3.0, ""1"": 5.0, ""2"": 2.0, ""3"": 4.0, ""4"": 4.0}"
alibaba-token-plan-cn,qwen3.7-plus,tsp,slots8,relational_qp_rr,common_gate_test_eligible_size,test-eligible common-gate archive size,higher,5,3.6,4.0,2.6,4.4,"{""0"": 3.0, ""1"": 5.0, ""2"": 2.0, ""3"": 4.0, ""4"": 4.0}"
alibaba-token-plan-cn,qwen3.7-plus,tsp,slots8,relational_qp_rr,valid_fraction,valid generated fraction,higher,5,0.975,1.0,0.925,1.0,"{""0"": 1.0, ""1"": 0.875, ""2"": 1.0, ""3"": 1.0, ""4"": 1.0}"
alibaba-token-plan-cn,qwen3.7-plus,tsp,slots8,relational_qp_rr,tokens_used,reported input plus output tokens,lower,5,27600.2,27523.0,26265.4,28935.0,"{""0"": 29704.0, ""1"": 28872.0, ""2"": 26582.0, ""3"": 25320.0, ""4"": 27523.0}"
alibaba-token-plan-cn,qwen3.7-plus,tsp,slots8,relational_qp_rr,token_budget_valid,valid hard-token-ceiling run,higher,0,,,,,{}
alibaba-token-plan-cn,qwen3.7-plus,tsp,slots8,relational_qp_rr,learned_selector_test_loss,validation-fitted selector mean test loss,lower,5,0.054148139039575216,0.0565781759785986,0.045020376764596595,0.06264725005594463,"{""0"": 0.05204609596075099, ""1"": 0.06820399278012451, ""2"": 0.0565781759785986, ""3"": 0.05659725318980671, ""4"": 0.037315177288595264}"
alibaba-token-plan-cn,qwen3.7-plus,tsp,slots8,relational_qp_rr,selector_gain_vs_single,selector improvement over validation-selected single rule,higher,5,-0.0020557781267546067,-0.0017677967119965401,-0.004940303970015608,0.0008251230437802112,"{""0"": 0.002303645285721266, ""1"": -0.006943390321290141, ""2"": -0.00451440956593515, ""3"": -0.0017677967119965401, ""4"": 0.0006430606797275321}"
alibaba-token-plan-cn,qwen3.7-plus,tsp,slots8,relational_qp_rr,selector_seconds_per_instance,selector feature and prediction seconds per test instance,lower,5,0.0020162277770901307,0.0019145611117386983,0.0017899833322088752,0.002314981110652702,"{""0"": 0.001767166663840827, ""1"": 0.0017505111108120116, ""2"": 0.0019145611117386983, ""3"": 0.002066972222463745, ""4"": 0.002581927776595371}"
alibaba-token-plan-cn,qwen3.7-plus,tsp,slots8,relational_qp_rr,oracle_gain_upper_bound,test-instance oracle gain (upper bound only),higher,5,0.018943608846900266,0.02235929201917674,0.012619743196334044,0.02526747449746649,"{""0"": 0.008967758441199652, ""1"": 0.024893472456850627, ""2"": 0.011401953540047083, ""3"": 0.02235929201917674, ""4"": 0.027095567777227235}"
alibaba-token-plan-cn,qwen3.7-plus,tsp,slots8,relational_qp_rr,parent_improvements,parent improvements,higher,5,0.8,1.0,0.2,1.4,"{""0"": 0.0, ""1"": 1.0, ""2"": 0.0, ""3"": 2.0, ""4"": 1.0}"
alibaba-token-plan-cn,qwen3.7-plus,tsp,slots8,relational_qp_rr,neighborhood_improvements,behavior-neighborhood improvements,higher,5,0.8,1.0,0.2,1.4,"{""0"": 2.0, ""1"": 1.0, ""2"": 0.0, ""3"": 1.0, ""4"": 0.0}"
alibaba-token-plan-cn,qwen3.7-plus,tsp,slots8,relational_qp_rr,productive_collisions,productive behavior collisions,higher,5,0.6,0.0,0.0,1.4,"{""0"": 2.0, ""1"": 1.0, ""2"": 0.0, ""3"": 0.0, ""4"": 0.0}"
alibaba-token-plan-cn,qwen3.7-plus,tsp,slots8,relational_qp_rr,unproductive_collisions,unproductive behavior collisions,lower,5,1.4,1.0,0.6,2.4,"{""0"": 3.0, ""1"": 0.0, ""2"": 2.0, ""3"": 1.0, ""4"": 1.0}"
alibaba-token-plan-cn,qwen3.7-plus,tsp,slots8,relational_qp_rr,restarts,restarts,lower,5,5.6,5.0,5.0,6.4,"{""0"": 6.0, ""1"": 5.0, ""2"": 7.0, ""3"": 5.0, ""4"": 5.0}"
alibaba-token-plan-cn,qwen3.7-plus,tsp,slots8,relational_rr,validation_selected_test_loss,validation-selected mean test loss,lower,5,0.052910942890515476,0.05206376641266345,0.0473663412261648,0.05838930187374027,"{""0"": 0.04347354180268412, ""1"": 0.06260632551445816, ""2"": 0.05206376641266345, ""3"": 0.054542533625406876, ""4"": 0.05186854709736476}"
alibaba-token-plan-cn,qwen3.7-plus,tsp,slots8,relational_rr,validation_selected_test_valid,validation-selected rule has valid test execution,higher,5,1.0,1.0,1.0,1.0,"{""0"": 1.0, ""1"": 1.0, ""2"": 1.0, ""3"": 1.0, ""4"": 1.0}"
alibaba-token-plan-cn,qwen3.7-plus,tsp,slots8,relational_rr,common_gate_test_behavior_modes,test behavior modes within common quality gate,higher,5,3.4,3.0,2.2,4.8,"{""0"": 4.0, ""1"": 6.0, ""2"": 2.0, ""3"": 3.0, ""4"": 2.0}"
alibaba-token-plan-cn,qwen3.7-plus,tsp,slots8,relational_rr,common_gate_test_eligible_size,test-eligible common-gate archive size,higher,5,3.6,3.0,2.2,5.4,"{""0"": 4.0, ""1"": 7.0, ""2"": 2.0, ""3"": 3.0, ""4"": 2.0}"
alibaba-token-plan-cn,qwen3.7-plus,tsp,slots8,relational_rr,valid_fraction,valid generated fraction,higher,5,1.0,1.0,1.0,1.0,"{""0"": 1.0, ""1"": 1.0, ""2"": 1.0, ""3"": 1.0, ""4"": 1.0}"
alibaba-token-plan-cn,qwen3.7-plus,tsp,slots8,relational_rr,tokens_used,reported input plus output tokens,lower,5,27502.2,27316.0,26340.8,28663.6,"{""0"": 29184.0, ""1"": 28817.0, ""2"": 25470.0, ""3"": 27316.0, ""4"": 26724.0}"
alibaba-token-plan-cn,qwen3.7-plus,tsp,slots8,relational_rr,token_budget_valid,valid hard-token-ceiling run,higher,0,,,,,{}
alibaba-token-plan-cn,qwen3.7-plus,tsp,slots8,relational_rr,learned_selector_test_loss,validation-fitted selector mean test loss,lower,5,0.05308495542570106,0.054542533625406876,0.04797359742431645,0.058196313427085665,"{""0"": 0.059219215872887476, ""1"": 0.059000300882123255, ""2"": 0.048121828983359316, ""3"": 0.054542533625406876, ""4"": 0.04454089776472837}"
alibaba-token-plan-cn,qwen3.7-plus,tsp,slots8,relational_rr,selector_gain_vs_single,selector improvement over validation-selected single rule,higher,5,-0.00017401253518558452,0.003606024632334906,-0.008004994589188052,0.005229039631243193,"{""0"": -0.015745674070203358, ""1"": 0.003606024632334906, ""2"": 0.003941937429304133, ""3"": 0.0, ""4"": 0.007327649332636396}"
alibaba-token-plan-cn,qwen3.7-plus,tsp,slots8,relational_rr,selector_seconds_per_instance,selector feature and prediction seconds per test instance,lower,5,0.0024147994447654736,0.002709158334053225,0.002024997222987521,0.002804065000317577,"{""0"": 0.0017949527795685248, ""1"": 0.0019143027764382875, ""2"": 0.002709158334053225, ""3"": 0.0028297583339735866, ""4"": 0.0028258249997937432}"
alibaba-token-plan-cn,qwen3.7-plus,tsp,slots8,relational_rr,oracle_gain_upper_bound,test-instance oracle gain (upper bound only),higher,5,0.023038603075955094,0.018120201472732765,0.01714665335472159,0.03027922465483207,"{""0"": 0.017620594532652346, ""1"": 0.035254623742451446, ""2"": 0.016185938117785244, ""3"": 0.018120201472732765, ""4"": 0.028011657514153666}"
alibaba-token-plan-cn,qwen3.7-plus,tsp,slots8,relational_rr,parent_improvements,parent improvements,higher,5,0.8,1.0,0.2,1.4,"{""0"": 1.0, ""1"": 2.0, ""2"": 0.0, ""3"": 1.0, ""4"": 0.0}"
alibaba-token-plan-cn,qwen3.7-plus,tsp,slots8,relational_rr,neighborhood_improvements,behavior-neighborhood improvements,higher,5,1.0,1.0,0.4,1.6,"{""0"": 2.0, ""1"": 1.0, ""2"": 0.0, ""3"": 1.0, ""4"": 1.0}"
alibaba-token-plan-cn,qwen3.7-plus,tsp,slots8,relational_rr,productive_collisions,productive behavior collisions,higher,5,0.8,1.0,0.2,1.4,"{""0"": 2.0, ""1"": 1.0, ""2"": 0.0, ""3"": 0.0, ""4"": 1.0}"
alibaba-token-plan-cn,qwen3.7-plus,tsp,slots8,relational_rr,unproductive_collisions,unproductive behavior collisions,lower,5,1.0,1.0,0.2,1.8,"{""0"": 1.0, ""1"": 2.0, ""2"": 0.0, ""3"": 2.0, ""4"": 0.0}"
alibaba-token-plan-cn,qwen3.7-plus,tsp,slots8,relational_rr,restarts,restarts,lower,5,5.8,5.0,5.0,6.6,"{""0"": 5.0, ""1"": 5.0, ""2"": 7.0, ""3"": 5.0, ""4"": 7.0}"
alibaba-token-plan-cn,qwen3.7-plus,tsp,tokens30000,niche,validation_selected_test_loss,validation-selected mean test loss,lower,5,0.05475362776134031,0.055793825972090975,0.04798103832721007,0.060451067867755545,"{""0"": 0.055793825972090975, ""1"": 0.06342870067576761, ""2"": 0.05206376641266345, ""3"": 0.05980205600757577, ""4"": 0.0426797897386037}"
alibaba-token-plan-cn,qwen3.7-plus,tsp,tokens30000,niche,validation_selected_test_valid,validation-selected rule has valid test execution,higher,5,1.0,1.0,1.0,1.0,"{""0"": 1.0, ""1"": 1.0, ""2"": 1.0, ""3"": 1.0, ""4"": 1.0}"
alibaba-token-plan-cn,qwen3.7-plus,tsp,tokens30000,niche,common_gate_test_behavior_modes,test behavior modes within common quality gate,higher,5,4.2,4.0,3.6,4.8,"{""0"": 3.0, ""1"": 5.0, ""2"": 4.0, ""3"": 4.0, ""4"": 5.0}"
alibaba-token-plan-cn,qwen3.7-plus,tsp,tokens30000,niche,common_gate_test_eligible_size,test-eligible common-gate archive size,higher,5,4.6,4.0,3.6,5.8,"{""0"": 3.0, ""1"": 5.0, ""2"": 4.0, ""3"": 4.0, ""4"": 7.0}"
alibaba-token-plan-cn,qwen3.7-plus,tsp,tokens30000,niche,valid_fraction,valid generated fraction,higher,5,1.0,1.0,1.0,1.0,"{""0"": 1.0, ""1"": 1.0, ""2"": 1.0, ""3"": 1.0, ""4"": 1.0}"
alibaba-token-plan-cn,qwen3.7-plus,tsp,tokens30000,niche,tokens_used,reported input plus output tokens,lower,5,24953.8,25005.0,24688.8,25184.0,"{""0"": 24478.0, ""1"": 24851.0, ""2"": 25317.0, ""3"": 25005.0, ""4"": 25118.0}"
alibaba-token-plan-cn,qwen3.7-plus,tsp,tokens30000,niche,token_budget_valid,valid hard-token-ceiling run,higher,5,1.0,1.0,1.0,1.0,"{""0"": 1.0, ""1"": 1.0, ""2"": 1.0, ""3"": 1.0, ""4"": 1.0}"
alibaba-token-plan-cn,qwen3.7-plus,tsp,tokens30000,niche,learned_selector_test_loss,validation-fitted selector mean test loss,lower,5,0.05098184860636519,0.057758430677019704,0.04008913236887911,0.061874564843851274,"{""0"": 0.057758430677019704, ""1"": 0.060931303732214635, ""2"": 0.035829466068654524, ""3"": 0.0648758930389037, ""4"": 0.035514149515033386}"
alibaba-token-plan-cn,qwen3.7-plus,tsp,tokens30000,niche,selector_gain_vs_single,selector improvement over validation-selected single rule,higher,5,0.003771779154975112,0.0024973969435529778,-0.0023158973057920682,0.010780787310133672,"{""0"": -0.0019646047049287282, ""1"": 0.0024973969435529778, ""2"": 0.016234300344008926, ""3"": -0.005073837031327931, ""4"": 0.007165640223570316}"
alibaba-token-plan-cn,qwen3.7-plus,tsp,tokens30000,niche,selector_seconds_per_instance,selector feature and prediction seconds per test instance,lower,5,0.0022645400002753984,0.002490755555401039,0.0019276588877093874,0.002601421112841409,"{""0"": 0.002570047224354413, ""1"": 0.0017766749984326048, ""2"": 0.002490755555401039, ""3"": 0.0017970944431403445, ""4"": 0.0026881277800485906}"
alibaba-token-plan-cn,qwen3.7-plus,tsp,tokens30000,niche,oracle_gain_upper_bound,test-instance oracle gain (upper bound only),higher,5,0.02792846433380162,0.030045450988989274,0.022884370282213042,0.03203649564764105,"{""0"": 0.019163219755167264, ""1"": 0.03368617128873458, ""2"": 0.030045450988989274, ""3"": 0.025365137300243562, ""4"": 0.031382342335873406}"
alibaba-token-plan-cn,qwen3.7-plus,tsp,tokens30000,niche,parent_improvements,parent improvements,higher,5,2.4,3.0,1.2,3.4,"{""0"": 2.0, ""1"": 4.0, ""2"": 0.0, ""3"": 3.0, ""4"": 3.0}"
alibaba-token-plan-cn,qwen3.7-plus,tsp,tokens30000,niche,neighborhood_improvements,behavior-neighborhood improvements,higher,5,1.4,0.0,0.0,3.8,"{""0"": 1.0, ""1"": 6.0, ""2"": 0.0, ""3"": 0.0, ""4"": 0.0}"
alibaba-token-plan-cn,qwen3.7-plus,tsp,tokens30000,niche,productive_collisions,productive behavior collisions,higher,5,1.6,1.0,0.2,3.4,"{""0"": 2.0, ""1"": 5.0, ""2"": 0.0, ""3"": 1.0, ""4"": 0.0}"
alibaba-token-plan-cn,qwen3.7-plus,tsp,tokens30000,niche,unproductive_collisions,unproductive behavior collisions,lower,5,3.2,3.0,2.4,4.2,"{""0"": 5.0, ""1"": 2.0, ""2"": 3.0, ""3"": 3.0, ""4"": 3.0}"
alibaba-token-plan-cn,qwen3.7-plus,tsp,tokens30000,niche,restarts,restarts,lower,5,2.0,2.0,2.0,2.0,"{""0"": 2.0, ""1"": 2.0, ""2"": 2.0, ""3"": 2.0, ""4"": 2.0}"
alibaba-token-plan-cn,qwen3.7-plus,tsp,tokens30000,relational,validation_selected_test_loss,validation-selected mean test loss,lower,5,0.05545975546228554,0.05206376641266345,0.05089042444540705,0.06029396823088625,"{""0"": 0.04932563080982112, ""1"": 0.06126060245883437, ""2"": 0.05206376641266345, ""3"": 0.06278023053274404, ""4"": 0.05186854709736476}"
alibaba-token-plan-cn,qwen3.7-plus,tsp,tokens30000,relational,validation_selected_test_valid,validation-selected rule has valid test execution,higher,5,1.0,1.0,1.0,1.0,"{""0"": 1.0, ""1"": 1.0, ""2"": 1.0, ""3"": 1.0, ""4"": 1.0}"
alibaba-token-plan-cn,qwen3.7-plus,tsp,tokens30000,relational,common_gate_test_behavior_modes,test behavior modes within common quality gate,higher,5,3.0,2.0,2.0,4.2,"{""0"": 2.0, ""1"": 5.0, ""2"": 2.0, ""3"": 4.0, ""4"": 2.0}"
alibaba-token-plan-cn,qwen3.7-plus,tsp,tokens30000,relational,common_gate_test_eligible_size,test-eligible common-gate archive size,higher,5,3.0,2.0,2.0,4.2,"{""0"": 2.0, ""1"": 5.0, ""2"": 2.0, ""3"": 4.0, ""4"": 2.0}"
alibaba-token-plan-cn,qwen3.7-plus,tsp,tokens30000,relational,valid_fraction,valid generated fraction,higher,5,1.0,1.0,1.0,1.0,"{""0"": 1.0, ""1"": 1.0, ""2"": 1.0, ""3"": 1.0, ""4"": 1.0}"
alibaba-token-plan-cn,qwen3.7-plus,tsp,tokens30000,relational,tokens_used,reported input plus output tokens,lower,5,21168.8,21400.0,20223.2,22051.2,"{""0"": 20464.0, ""1"": 21400.0, ""2"": 22432.0, ""3"": 19552.0, ""4"": 21996.0}"
alibaba-token-plan-cn,qwen3.7-plus,tsp,tokens30000,relational,token_budget_valid,valid hard-token-ceiling run,higher,5,1.0,1.0,1.0,1.0,"{""0"": 1.0, ""1"": 1.0, ""2"": 1.0, ""3"": 1.0, ""4"": 1.0}"
alibaba-token-plan-cn,qwen3.7-plus,tsp,tokens30000,relational,learned_selector_test_loss,validation-fitted selector mean test loss,lower,5,0.05712558500866198,0.0565781759785986,0.046969115546544565,0.06586411892075336,"{""0"": 0.056434471343260295, ""1"": 0.06485270570364099, ""2"": 0.0565781759785986, ""3"": 0.06990977178920285, ""4"": 0.03785280022860718}"
alibaba-token-plan-cn,qwen3.7-plus,tsp,tokens30000,relational,selector_gain_vs_single,selector improvement over validation-selected single rule,higher,5,-0.001665829546376435,-0.00451440956593515,-0.006598234629146225,0.006269259365605391,"{""0"": -0.007108840533439173, ""1"": -0.0035921032448066187, ""2"": -0.00451440956593515, ""3"": -0.007129541256458816, ""4"": 0.014015746868757582}"
alibaba-token-plan-cn,qwen3.7-plus,tsp,tokens30000,relational,selector_seconds_per_instance,selector feature and prediction seconds per test instance,lower,5,0.002118860555735106,0.0018350305553111765,0.0017900705557420023,0.0024684705558077743,"{""0"": 0.0017425250003321304, ""1"": 0.0026628027780033234, ""2"": 0.0018151361113672869, ""3"": 0.002538808333661614, ""4"": 0.0018350305553111765}"
alibaba-token-plan-cn,qwen3.7-plus,tsp,tokens30000,relational,oracle_gain_upper_bound,test-instance oracle gain (upper bound only),higher,5,0.019022521300440454,0.020062443439177624,0.013852294719738006,0.024192747881142902,"{""0"": 0.013197561539709121, ""1"": 0.020062443439177624, ""2"": 0.011401953540047083, ""3"": 0.023160075568538156, ""4"": 0.02729057241473028}"
alibaba-token-plan-cn,qwen3.7-plus,tsp,tokens30000,relational,parent_improvements,parent improvements,higher,5,0.2,0.0,0.0,0.6,"{""0"": 0.0, ""1"": 1.0, ""2"": 0.0, ""3"": 0.0, ""4"": 0.0}"
alibaba-token-plan-cn,qwen3.7-plus,tsp,tokens30000,relational,neighborhood_improvements,behavior-neighborhood improvements,higher,5,0.6,1.0,0.2,1.0,"{""0"": 1.0, ""1"": 1.0, ""2"": 0.0, ""3"": 1.0, ""4"": 0.0}"
alibaba-token-plan-cn,qwen3.7-plus,tsp,tokens30000,relational,productive_collisions,productive behavior collisions,higher,5,0.6,1.0,0.2,1.0,"{""0"": 1.0, ""1"": 1.0, ""2"": 0.0, ""3"": 1.0, ""4"": 0.0}"
alibaba-token-plan-cn,qwen3.7-plus,tsp,tokens30000,relational,unproductive_collisions,unproductive behavior collisions,lower,5,0.6,0.0,0.0,1.4,"{""0"": 2.0, ""1"": 0.0, ""2"": 0.0, ""3"": 1.0, ""4"": 0.0}"
alibaba-token-plan-cn,qwen3.7-plus,tsp,tokens30000,relational,restarts,restarts,lower,5,5.4,6.0,4.6,6.0,"{""0"": 6.0, ""1"": 5.0, ""2"": 6.0, ""3"": 4.0, ""4"": 6.0}"
alibaba-token-plan-cn,qwen3.7-plus,tsp,tokens30000,relational_qp,validation_selected_test_loss,validation-selected mean test loss,lower,5,0.0591338330933748,0.05844785886118298,0.05326249717624788,0.06660913002349617,"{""0"": 0.05844785886118298, ""1"": 0.0738464453045773, ""2"": 0.05206376641266345, ""3"": 0.05944254779108549, ""4"": 0.05186854709736476}"
alibaba-token-plan-cn,qwen3.7-plus,tsp,tokens30000,relational_qp,validation_selected_test_valid,validation-selected rule has valid test execution,higher,5,1.0,1.0,1.0,1.0,"{""0"": 1.0, ""1"": 1.0, ""2"": 1.0, ""3"": 1.0, ""4"": 1.0}"
alibaba-token-plan-cn,qwen3.7-plus,tsp,tokens30000,relational_qp,common_gate_test_behavior_modes,test behavior modes within common quality gate,higher,5,3.4,4.0,2.6,4.0,"{""0"": 3.0, ""1"": 4.0, ""2"": 4.0, ""3"": 4.0, ""4"": 2.0}"
alibaba-token-plan-cn,qwen3.7-plus,tsp,tokens30000,relational_qp,common_gate_test_eligible_size,test-eligible common-gate archive size,higher,5,3.6,4.0,2.6,4.4,"{""0"": 3.0, ""1"": 5.0, ""2"": 4.0, ""3"": 4.0, ""4"": 2.0}"
alibaba-token-plan-cn,qwen3.7-plus,tsp,tokens30000,relational_qp,valid_fraction,valid generated fraction,higher,5,1.0,1.0,1.0,1.0,"{""0"": 1.0, ""1"": 1.0, ""2"": 1.0, ""3"": 1.0, ""4"": 1.0}"
alibaba-token-plan-cn,qwen3.7-plus,tsp,tokens30000,relational_qp,tokens_used,reported input plus output tokens,lower,5,21109.8,20708.0,20449.6,22098.6,"{""0"": 20374.0, ""1"": 20708.0, ""2"": 23024.0, ""3"": 20396.0, ""4"": 21047.0}"
alibaba-token-plan-cn,qwen3.7-plus,tsp,tokens30000,relational_qp,token_budget_valid,valid hard-token-ceiling run,higher,5,1.0,1.0,1.0,1.0,"{""0"": 1.0, ""1"": 1.0, ""2"": 1.0, ""3"": 1.0, ""4"": 1.0}"
alibaba-token-plan-cn,qwen3.7-plus,tsp,tokens30000,relational_qp,learned_selector_test_loss,validation-fitted selector mean test loss,lower,5,0.0622520959705938,0.05884482392874836,0.05744877193202454,0.06981063711796973,"{""0"": 0.05844785886118298, ""1"": 0.07712117924411732, ""2"": 0.060896476280633466, ""3"": 0.05884482392874836, ""4"": 0.05595014153828686}"
alibaba-token-plan-cn,qwen3.7-plus,tsp,tokens30000,relational_qp,selector_gain_vs_single,selector improvement over validation-selected single rule,higher,5,-0.0031182628772189955,-0.0032747339395400032,-0.006115944808966429,-0.0004158572429731444,"{""0"": 0.0, ""1"": -0.0032747339395400032, ""2"": -0.008832709867970016, ""3"": 0.0005977238623371406, ""4"": -0.004081594440922098}"
alibaba-token-plan-cn,qwen3.7-plus,tsp,tokens30000,relational_qp,selector_seconds_per_instance,selector feature and prediction seconds per test instance,lower,5,0.002104862777438636,0.001887702777619577,0.0018165416666306555,0.002393183888246616,"{""0"": 0.001887702777619577, ""1"": 0.002540652775981774, ""2"": 0.001832499999889276, ""3"": 0.002498455555824977, ""4"": 0.001765002777877574}"
alibaba-token-plan-cn,qwen3.7-plus,tsp,tokens30000,relational_qp,oracle_gain_upper_bound,test-instance oracle gain (upper bound only),higher,5,0.02599132155915059,0.025475239597410947,0.021228442147304027,0.030663437817376293,"{""0"": 0.01725707833053456, ""1"": 0.031067660621844267, ""2"": 0.025475239597410947, ""3"": 0.032853314122891, ""4"": 0.023303315123072186}"
alibaba-token-plan-cn,qwen3.7-plus,tsp,tokens30000,relational_qp,parent_improvements,parent improvements,higher,5,0.6,0.0,0.0,1.4,"{""0"": 0.0, ""1"": 2.0, ""2"": 0.0, ""3"": 1.0, ""4"": 0.0}"
alibaba-token-plan-cn,qwen3.7-plus,tsp,tokens30000,relational_qp,neighborhood_improvements,behavior-neighborhood improvements,higher,5,1.2,2.0,0.4,2.0,"{""0"": 2.0, ""1"": 2.0, ""2"": 0.0, ""3"": 0.0, ""4"": 2.0}"
alibaba-token-plan-cn,qwen3.7-plus,tsp,tokens30000,relational_qp,productive_collisions,productive behavior collisions,higher,5,0.8,1.0,0.2,1.4,"{""0"": 1.0, ""1"": 2.0, ""2"": 0.0, ""3"": 0.0, ""4"": 1.0}"
alibaba-token-plan-cn,qwen3.7-plus,tsp,tokens30000,relational_qp,unproductive_collisions,unproductive behavior collisions,lower,5,0.8,1.0,0.2,1.4,"{""0"": 2.0, ""1"": 0.0, ""2"": 0.0, ""3"": 1.0, ""4"": 1.0}"
alibaba-token-plan-cn,qwen3.7-plus,tsp,tokens30000,relational_qp,restarts,restarts,lower,5,5.2,6.0,4.4,6.0,"{""0"": 6.0, ""1"": 4.0, ""2"": 6.0, ""3"": 4.0, ""4"": 6.0}"
alibaba-token-plan-cn,qwen3.7-plus,tsp,tokens30000,relational_qp_rr,validation_selected_test_loss,validation-selected mean test loss,lower,5,0.06295106490068578,0.06278023053274404,0.054128971510560085,0.07177315829081148,"{""0"": 0.07798923407672351, ""1"": 0.07005354638393319, ""2"": 0.05206376641266345, ""3"": 0.06278023053274404, ""4"": 0.05186854709736476}"
alibaba-token-plan-cn,qwen3.7-plus,tsp,tokens30000,relational_qp_rr,validation_selected_test_valid,validation-selected rule has valid test execution,higher,5,1.0,1.0,1.0,1.0,"{""0"": 1.0, ""1"": 1.0, ""2"": 1.0, ""3"": 1.0, ""4"": 1.0}"
alibaba-token-plan-cn,qwen3.7-plus,tsp,tokens30000,relational_qp_rr,common_gate_test_behavior_modes,test behavior modes within common quality gate,higher,5,2.8,2.0,1.6,4.2,"{""0"": 2.0, ""1"": 4.0, ""2"": 5.0, ""3"": 2.0, ""4"": 1.0}"
alibaba-token-plan-cn,qwen3.7-plus,tsp,tokens30000,relational_qp_rr,common_gate_test_eligible_size,test-eligible common-gate archive size,higher,5,2.8,2.0,1.6,4.2,"{""0"": 2.0, ""1"": 4.0, ""2"": 5.0, ""3"": 2.0, ""4"": 1.0}"
alibaba-token-plan-cn,qwen3.7-plus,tsp,tokens30000,relational_qp_rr,valid_fraction,valid generated fraction,higher,5,1.0,1.0,1.0,1.0,"{""0"": 1.0, ""1"": 1.0, ""2"": 1.0, ""3"": 1.0, ""4"": 1.0}"
alibaba-token-plan-cn,qwen3.7-plus,tsp,tokens30000,relational_qp_rr,tokens_used,reported input plus output tokens,lower,5,21338.0,21890.0,20576.8,22039.2,"{""0"": 21951.0, ""1"": 21890.0, ""2"": 22202.0, ""3"": 20504.0, ""4"": 20143.0}"
alibaba-token-plan-cn,qwen3.7-plus,tsp,tokens30000,relational_qp_rr,token_budget_valid,valid hard-token-ceiling run,higher,5,1.0,1.0,1.0,1.0,"{""0"": 1.0, ""1"": 1.0, ""2"": 1.0, ""3"": 1.0, ""4"": 1.0}"
alibaba-token-plan-cn,qwen3.7-plus,tsp,tokens30000,relational_qp_rr,learned_selector_test_loss,validation-fitted selector mean test loss,lower,5,0.06417126657733616,0.059141627545738644,0.049813992179660094,0.07928083853898275,"{""0"": 0.08889255346644391, ""1"": 0.07785798519821727, ""2"": 0.043095619578916146, ""3"": 0.059141627545738644, ""4"": 0.05186854709736476}"
alibaba-token-plan-cn,qwen3.7-plus,tsp,tokens30000,relational_qp_rr,selector_gain_vs_single,selector improvement over validation-selected single rule,higher,5,-0.0012202016766503523,0.0,-0.007483103281601783,0.005042699928301078,"{""0"": -0.01090331938972039, ""1"": -0.007804438814284068, ""2"": 0.008968146833747304, ""3"": 0.003638602987005392, ""4"": 0.0}"
alibaba-token-plan-cn,qwen3.7-plus,tsp,tokens30000,relational_qp_rr,selector_seconds_per_instance,selector feature and prediction seconds per test instance,lower,5,0.002367260000513246,0.002269327776351323,0.0019294922233610932,0.0028888777771499006,"{""0"": 0.0033019111110156197, ""1"": 0.002518605557270348, ""2"": 0.002269327776351323, ""3"": 0.0020552555571258482, ""4"": 0.0016912000008030897}"
alibaba-token-plan-cn,qwen3.7-plus,tsp,tokens30000,relational_qp_rr,oracle_gain_upper_bound,test-instance oracle gain (upper bound only),higher,5,0.024745117966182714,0.028506767417598576,0.01140270696703943,0.034444520473659125,"{""0"": 0.029773632625287053, ""1"": 0.03913532258133455, ""2"": 0.028506767417598576, ""3"": 0.026309867206693392, ""4"": 0.0}"
alibaba-token-plan-cn,qwen3.7-plus,tsp,tokens30000,relational_qp_rr,parent_improvements,parent improvements,higher,5,0.2,0.0,0.0,0.6,"{""0"": 0.0, ""1"": 1.0, ""2"": 0.0, ""3"": 0.0, ""4"": 0.0}"
alibaba-token-plan-cn,qwen3.7-plus,tsp,tokens30000,relational_qp_rr,neighborhood_improvements,behavior-neighborhood improvements,higher,5,0.6,0.0,0.0,1.4,"{""0"": 1.0, ""1"": 2.0, ""2"": 0.0, ""3"": 0.0, ""4"": 0.0}"
alibaba-token-plan-cn,qwen3.7-plus,tsp,tokens30000,relational_qp_rr,productive_collisions,productive behavior collisions,higher,5,0.6,0.0,0.0,1.4,"{""0"": 1.0, ""1"": 2.0, ""2"": 0.0, ""3"": 0.0, ""4"": 0.0}"
alibaba-token-plan-cn,qwen3.7-plus,tsp,tokens30000,relational_qp_rr,unproductive_collisions,unproductive behavior collisions,lower,5,1.2,1.0,0.4,2.2,"{""0"": 3.0, ""1"": 1.0, ""2"": 1.0, ""3"": 1.0, ""4"": 0.0}"
alibaba-token-plan-cn,qwen3.7-plus,tsp,tokens30000,relational_qp_rr,restarts,restarts,lower,5,5.0,5.0,4.2,5.8,"{""0"": 6.0, ""1"": 4.0, ""2"": 5.0, ""3"": 4.0, ""4"": 6.0}"
alibaba-token-plan-cn,qwen3.7-plus,tsp,tokens30000,relational_rr,validation_selected_test_loss,validation-selected mean test loss,lower,5,0.05908353428430189,0.05316243736720468,0.052205412877452215,0.06923398715901766,"{""0"": 0.07798923407672351, ""1"": 0.05316243736720468, ""2"": 0.05206376641266345, ""3"": 0.06033368646755304, ""4"": 0.05186854709736476}"
alibaba-token-plan-cn,qwen3.7-plus,tsp,tokens30000,relational_rr,validation_selected_test_valid,validation-selected rule has valid test execution,higher,5,1.0,1.0,1.0,1.0,"{""0"": 1.0, ""1"": 1.0, ""2"": 1.0, ""3"": 1.0, ""4"": 1.0}"
alibaba-token-plan-cn,qwen3.7-plus,tsp,tokens30000,relational_rr,common_gate_test_behavior_modes,test behavior modes within common quality gate,higher,5,4.6,4.0,3.2,6.4,"{""0"": 3.0, ""1"": 8.0, ""2"": 5.0, ""3"": 3.0, ""4"": 4.0}"
alibaba-token-plan-cn,qwen3.7-plus,tsp,tokens30000,relational_rr,common_gate_test_eligible_size,test-eligible common-gate archive size,higher,5,4.8,5.0,3.4,6.4,"{""0"": 3.0, ""1"": 8.0, ""2"": 5.0, ""3"": 3.0, ""4"": 5.0}"
alibaba-token-plan-cn,qwen3.7-plus,tsp,tokens30000,relational_rr,valid_fraction,valid generated fraction,higher,5,1.0,1.0,1.0,1.0,"{""0"": 1.0, ""1"": 1.0, ""2"": 1.0, ""3"": 1.0, ""4"": 1.0}"
alibaba-token-plan-cn,qwen3.7-plus,tsp,tokens30000,relational_rr,tokens_used,reported input plus output tokens,lower,5,20777.0,21805.0,18968.0,22513.0,"{""0"": 17815.0, ""1"": 22510.0, ""2"": 21805.0, ""3"": 18885.0, ""4"": 22870.0}"
alibaba-token-plan-cn,qwen3.7-plus,tsp,tokens30000,relational_rr,token_budget_valid,valid hard-token-ceiling run,higher,5,1.0,1.0,1.0,1.0,"{""0"": 1.0, ""1"": 1.0, ""2"": 1.0, ""3"": 1.0, ""4"": 1.0}"
alibaba-token-plan-cn,qwen3.7-plus,tsp,tokens30000,relational_rr,learned_selector_test_loss,validation-fitted selector mean test loss,lower,5,0.05919211606463755,0.056675690081855544,0.05018566332546084,0.07124364139988777,"{""0"": 0.08114188322661392, ""1"": 0.056675690081855544, ""2"": 0.05459127985951196, ""3"": 0.058201277460085105, ""4"": 0.04535044969512118}"
alibaba-token-plan-cn,qwen3.7-plus,tsp,tokens30000,relational_rr,selector_gain_vs_single,selector improvement over validation-selected single rule,higher,5,-0.00010858178033564953,-0.0025275134468485116,-0.003171863435186206,0.0037068104128616594,"{""0"": -0.003152649149890399, ""1"": -0.0035132527146508608, ""2"": -0.0025275134468485116, ""3"": 0.0021324090074679378, ""4"": 0.006518097402243586}"
alibaba-token-plan-cn,qwen3.7-plus,tsp,tokens30000,relational_rr,selector_seconds_per_instance,selector feature and prediction seconds per test instance,lower,5,0.0021686061117280686,0.0020616833321077544,0.001813253332834898,0.00252395889062124,"{""0"": 0.002573022224371218, ""1"": 0.002706033336128005, ""2"": 0.0020616833321077544, ""3"": 0.0017925138882775274, ""4"": 0.00170977777775584}"
alibaba-token-plan-cn,qwen3.7-plus,tsp,tokens30000,relational_rr,oracle_gain_upper_bound,test-instance oracle gain (upper bound only),higher,5,0.031728752336076235,0.03055638068127996,0.026162288089368473,0.03735813846899032,"{""0"": 0.03727592925630584, ""1"": 0.03055638068127996, ""2"": 0.027462997508603246, ""3"": 0.02266453237417796, ""4"": 0.04068392186001416}"
alibaba-token-plan-cn,qwen3.7-plus,tsp,tokens30000,relational_rr,parent_improvements,parent improvements,higher,5,0.8,0.0,0.0,2.0,"{""0"": 0.0, ""1"": 3.0, ""2"": 0.0, ""3"": 1.0, ""4"": 0.0}"
alibaba-token-plan-cn,qwen3.7-plus,tsp,tokens30000,relational_rr,neighborhood_improvements,behavior-neighborhood improvements,higher,5,1.2,1.0,0.6,1.8,"{""0"": 2.0, ""1"": 1.0, ""2"": 0.0, ""3"": 1.0, ""4"": 2.0}"
alibaba-token-plan-cn,qwen3.7-plus,tsp,tokens30000,relational_rr,productive_collisions,productive behavior collisions,higher,5,1.0,1.0,0.4,1.6,"{""0"": 2.0, ""1"": 1.0, ""2"": 0.0, ""3"": 1.0, ""4"": 1.0}"
alibaba-token-plan-cn,qwen3.7-plus,tsp,tokens30000,relational_rr,unproductive_collisions,unproductive behavior collisions,lower,5,0.8,1.0,0.2,1.4,"{""0"": 2.0, ""1"": 0.0, ""2"": 0.0, ""3"": 1.0, ""4"": 1.0}"
alibaba-token-plan-cn,qwen3.7-plus,tsp,tokens30000,relational_rr,restarts,restarts,lower,5,4.6,5.0,4.2,5.0,"{""0"": 5.0, ""1"": 4.0, ""2"": 5.0, ""3"": 4.0, ""4"": 5.0}"
minimax-cn-coding-plan,MiniMax-M3,binpack,slots8,niche,validation_selected_test_loss,validation-selected mean test loss,lower,5,0.1100736213451577,0.10892689570996252,0.10545916129654795,0.11460680397412712,"{""0"": 0.10892689570996252, ""1"": 0.11352826487106794, ""2"": 0.10182804463758785, ""3"": 0.11780149380826194, ""4"": 0.10828340769890829}"
minimax-cn-coding-plan,MiniMax-M3,binpack,slots8,niche,validation_selected_test_valid,validation-selected rule has valid test execution,higher,5,1.0,1.0,1.0,1.0,"{""0"": 1.0, ""1"": 1.0, ""2"": 1.0, ""3"": 1.0, ""4"": 1.0}"
minimax-cn-coding-plan,MiniMax-M3,binpack,slots8,niche,common_gate_test_behavior_modes,test behavior modes within common quality gate,higher,5,5.2,5.0,3.6,6.6,"{""0"": 5.0, ""1"": 7.0, ""2"": 2.0, ""3"": 5.0, ""4"": 7.0}"
minimax-cn-coding-plan,MiniMax-M3,binpack,slots8,niche,common_gate_test_eligible_size,test-eligible common-gate archive size,higher,5,5.4,6.0,3.6,6.8,"{""0"": 6.0, ""1"": 7.0, ""2"": 2.0, ""3"": 5.0, ""4"": 7.0}"
minimax-cn-coding-plan,MiniMax-M3,binpack,slots8,niche,valid_fraction,valid generated fraction,higher,5,0.925,1.0,0.825,1.0,"{""0"": 1.0, ""1"": 1.0, ""2"": 0.75, ""3"": 0.875, ""4"": 1.0}"
minimax-cn-coding-plan,MiniMax-M3,binpack,slots8,niche,tokens_used,reported input plus output tokens,lower,5,24164.4,23776.0,22612.6,25815.4,"{""0"": 23776.0, ""1"": 23600.0, ""2"": 21508.0, ""3"": 27175.0, ""4"": 24763.0}"
minimax-cn-coding-plan,MiniMax-M3,binpack,slots8,niche,token_budget_valid,valid hard-token-ceiling run,higher,0,,,,,{}
minimax-cn-coding-plan,MiniMax-M3,binpack,slots8,niche,learned_selector_test_loss,validation-fitted selector mean test loss,lower,0,,,,,{}
minimax-cn-coding-plan,MiniMax-M3,binpack,slots8,niche,selector_gain_vs_single,selector improvement over validation-selected single rule,higher,0,,,,,{}
minimax-cn-coding-plan,MiniMax-M3,binpack,slots8,niche,selector_seconds_per_instance,selector feature and prediction seconds per test instance,lower,0,,,,,{}
minimax-cn-coding-plan,MiniMax-M3,binpack,slots8,niche,oracle_gain_upper_bound,test-instance oracle gain (upper bound only),higher,0,,,,,{}
minimax-cn-coding-plan,MiniMax-M3,binpack,slots8,niche,parent_improvements,parent improvements,higher,5,1.4,1.0,1.0,1.8,"{""0"": 2.0, ""1"": 1.0, ""2"": 1.0, ""3"": 2.0, ""4"": 1.0}"
minimax-cn-coding-plan,MiniMax-M3,binpack,slots8,niche,neighborhood_improvements,behavior-neighborhood improvements,higher,5,0.2,0.0,0.0,0.6,"{""0"": 0.0, ""1"": 0.0, ""2"": 0.0, ""3"": 0.0, ""4"": 1.0}"
minimax-cn-coding-plan,MiniMax-M3,binpack,slots8,niche,productive_collisions,productive behavior collisions,higher,5,0.8,1.0,0.4,1.0,"{""0"": 1.0, ""1"": 1.0, ""2"": 1.0, ""3"": 1.0, ""4"": 0.0}"
minimax-cn-coding-plan,MiniMax-M3,binpack,slots8,niche,unproductive_collisions,unproductive behavior collisions,lower,5,2.4,2.0,1.2,3.8,"{""0"": 3.0, ""1"": 1.0, ""2"": 5.0, ""3"": 2.0, ""4"": 1.0}"
minimax-cn-coding-plan,MiniMax-M3,binpack,slots8,niche,restarts,restarts,lower,5,1.0,1.0,1.0,1.0,"{""0"": 1.0, ""1"": 1.0, ""2"": 1.0, ""3"": 1.0, ""4"": 1.0}"
minimax-cn-coding-plan,MiniMax-M3,binpack,slots8,relational,validation_selected_test_loss,validation-selected mean test loss,lower,5,0.1100736213451577,0.10892689570996252,0.10545916129654795,0.11460680397412712,"{""0"": 0.10892689570996252, ""1"": 0.11352826487106794, ""2"": 0.10182804463758785, ""3"": 0.11780149380826194, ""4"": 0.10828340769890829}"
minimax-cn-coding-plan,MiniMax-M3,binpack,slots8,relational,validation_selected_test_valid,validation-selected rule has valid test execution,higher,5,1.0,1.0,1.0,1.0,"{""0"": 1.0, ""1"": 1.0, ""2"": 1.0, ""3"": 1.0, ""4"": 1.0}"
minimax-cn-coding-plan,MiniMax-M3,binpack,slots8,relational,common_gate_test_behavior_modes,test behavior modes within common quality gate,higher,5,4.4,5.0,3.0,5.8,"{""0"": 5.0, ""1"": 6.0, ""2"": 2.0, ""3"": 6.0, ""4"": 3.0}"
minimax-cn-coding-plan,MiniMax-M3,binpack,slots8,relational,common_gate_test_eligible_size,test-eligible common-gate archive size,higher,5,4.6,6.0,3.0,6.0,"{""0"": 6.0, ""1"": 6.0, ""2"": 2.0, ""3"": 6.0, ""4"": 3.0}"
minimax-cn-coding-plan,MiniMax-M3,binpack,slots8,relational,valid_fraction,valid generated fraction,higher,5,0.925,0.875,0.875,0.975,"{""0"": 1.0, ""1"": 0.875, ""2"": 0.875, ""3"": 1.0, ""4"": 0.875}"
minimax-cn-coding-plan,MiniMax-M3,binpack,slots8,relational,tokens_used,reported input plus output tokens,lower,5,31131.2,31519.0,30028.6,31940.2,"{""0"": 31011.0, ""1"": 29035.0, ""2"": 32091.0, ""3"": 32000.0, ""4"": 31519.0}"
minimax-cn-coding-plan,MiniMax-M3,binpack,slots8,relational,token_budget_valid,valid hard-token-ceiling run,higher,0,,,,,{}
minimax-cn-coding-plan,MiniMax-M3,binpack,slots8,relational,learned_selector_test_loss,validation-fitted selector mean test loss,lower,0,,,,,{}
minimax-cn-coding-plan,MiniMax-M3,binpack,slots8,relational,selector_gain_vs_single,selector improvement over validation-selected single rule,higher,0,,,,,{}
minimax-cn-coding-plan,MiniMax-M3,binpack,slots8,relational,selector_seconds_per_instance,selector feature and prediction seconds per test instance,lower,0,,,,,{}
minimax-cn-coding-plan,MiniMax-M3,binpack,slots8,relational,oracle_gain_upper_bound,test-instance oracle gain (upper bound only),higher,0,,,,,{}
minimax-cn-coding-plan,MiniMax-M3,binpack,slots8,relational,parent_improvements,parent improvements,higher,5,0.6,1.0,0.2,1.0,"{""0"": 1.0, ""1"": 0.0, ""2"": 0.0, ""3"": 1.0, ""4"": 1.0}"
minimax-cn-coding-plan,MiniMax-M3,binpack,slots8,relational,neighborhood_improvements,behavior-neighborhood improvements,higher,5,0.0,0.0,0.0,0.0,"{""0"": 0.0, ""1"": 0.0, ""2"": 0.0, ""3"": 0.0, ""4"": 0.0}"
minimax-cn-coding-plan,MiniMax-M3,binpack,slots8,relational,productive_collisions,productive behavior collisions,higher,5,0.2,0.0,0.0,0.6,"{""0"": 1.0, ""1"": 0.0, ""2"": 0.0, ""3"": 0.0, ""4"": 0.0}"
minimax-cn-coding-plan,MiniMax-M3,binpack,slots8,relational,unproductive_collisions,unproductive behavior collisions,lower,5,3.8,4.0,2.2,5.2,"{""0"": 1.0, ""1"": 3.0, ""2"": 5.0, ""3"": 4.0, ""4"": 6.0}"
minimax-cn-coding-plan,MiniMax-M3,binpack,slots8,relational,restarts,restarts,lower,5,5.8,6.0,5.2,6.4,"{""0"": 5.0, ""1"": 6.0, ""2"": 7.0, ""3"": 5.0, ""4"": 6.0}"
minimax-cn-coding-plan,MiniMax-M3,binpack,slots8,relational_qp,validation_selected_test_loss,validation-selected mean test loss,lower,5,0.1103151672388775,0.10892689570996252,0.10545916129654795,0.11557298754900636,"{""0"": 0.10892689570996252, ""1"": 0.11352826487106794, ""2"": 0.10182804463758785, ""3"": 0.11900922327686098, ""4"": 0.10828340769890829}"
minimax-cn-coding-plan,MiniMax-M3,binpack,slots8,relational_qp,validation_selected_test_valid,validation-selected rule has valid test execution,higher,5,1.0,1.0,1.0,1.0,"{""0"": 1.0, ""1"": 1.0, ""2"": 1.0, ""3"": 1.0, ""4"": 1.0}"
minimax-cn-coding-plan,MiniMax-M3,binpack,slots8,relational_qp,common_gate_test_behavior_modes,test behavior modes within common quality gate,higher,5,3.8,4.0,3.4,4.0,"{""0"": 4.0, ""1"": 3.0, ""2"": 4.0, ""3"": 4.0, ""4"": 4.0}"
minimax-cn-coding-plan,MiniMax-M3,binpack,slots8,relational_qp,common_gate_test_eligible_size,test-eligible common-gate archive size,higher,5,4.0,4.0,3.4,4.6,"{""0"": 5.0, ""1"": 3.0, ""2"": 4.0, ""3"": 4.0, ""4"": 4.0}"
minimax-cn-coding-plan,MiniMax-M3,binpack,slots8,relational_qp,valid_fraction,valid generated fraction,higher,5,0.925,1.0,0.825,1.0,"{""0"": 1.0, ""1"": 0.75, ""2"": 1.0, ""3"": 0.875, ""4"": 1.0}"
minimax-cn-coding-plan,MiniMax-M3,binpack,slots8,relational_qp,tokens_used,reported input plus output tokens,lower,5,31769.4,31452.0,31158.2,32646.0,"{""0"": 33442.0, ""1"": 31452.0, ""2"": 31708.0, ""3"": 31368.0, ""4"": 30877.0}"
minimax-cn-coding-plan,MiniMax-M3,binpack,slots8,relational_qp,token_budget_valid,valid hard-token-ceiling run,higher,0,,,,,{}
minimax-cn-coding-plan,MiniMax-M3,binpack,slots8,relational_qp,learned_selector_test_loss,validation-fitted selector mean test loss,lower,0,,,,,{}
minimax-cn-coding-plan,MiniMax-M3,binpack,slots8,relational_qp,selector_gain_vs_single,selector improvement over validation-selected single rule,higher,0,,,,,{}
minimax-cn-coding-plan,MiniMax-M3,binpack,slots8,relational_qp,selector_seconds_per_instance,selector feature and prediction seconds per test instance,lower,0,,,,,{}
minimax-cn-coding-plan,MiniMax-M3,binpack,slots8,relational_qp,oracle_gain_upper_bound,test-instance oracle gain (upper bound only),higher,0,,,,,{}
minimax-cn-coding-plan,MiniMax-M3,binpack,slots8,relational_qp,parent_improvements,parent improvements,higher,5,0.2,0.0,0.0,0.6,"{""0"": 0.0, ""1"": 0.0, ""2"": 0.0, ""3"": 0.0, ""4"": 1.0}"
minimax-cn-coding-plan,MiniMax-M3,binpack,slots8,relational_qp,neighborhood_improvements,behavior-neighborhood improvements,higher,5,0.0,0.0,0.0,0.0,"{""0"": 0.0, ""1"": 0.0, ""2"": 0.0, ""3"": 0.0, ""4"": 0.0}"
minimax-cn-coding-plan,MiniMax-M3,binpack,slots8,relational_qp,productive_collisions,productive behavior collisions,higher,5,0.2,0.0,0.0,0.6,"{""0"": 0.0, ""1"": 0.0, ""2"": 0.0, ""3"": 0.0, ""4"": 1.0}"
minimax-cn-coding-plan,MiniMax-M3,binpack,slots8,relational_qp,unproductive_collisions,unproductive behavior collisions,lower,5,4.8,5.0,4.4,5.0,"{""0"": 5.0, ""1"": 5.0, ""2"": 5.0, ""3"": 4.0, ""4"": 5.0}"
minimax-cn-coding-plan,MiniMax-M3,binpack,slots8,relational_qp,restarts,restarts,lower,5,6.0,6.0,5.4,6.6,"{""0"": 5.0, ""1"": 7.0, ""2"": 6.0, ""3"": 6.0, ""4"": 6.0}"
minimax-cn-coding-plan,MiniMax-M3,binpack,slots8,relational_qp_rr,validation_selected_test_loss,validation-selected mean test loss,lower,5,0.1100736213451577,0.10892689570996252,0.10545916129654795,0.11460680397412712,"{""0"": 0.10892689570996252, ""1"": 0.11352826487106794, ""2"": 0.10182804463758785, ""3"": 0.11780149380826194, ""4"": 0.10828340769890829}"
minimax-cn-coding-plan,MiniMax-M3,binpack,slots8,relational_qp_rr,validation_selected_test_valid,validation-selected rule has valid test execution,higher,5,1.0,1.0,1.0,1.0,"{""0"": 1.0, ""1"": 1.0, ""2"": 1.0, ""3"": 1.0, ""4"": 1.0}"
minimax-cn-coding-plan,MiniMax-M3,binpack,slots8,relational_qp_rr,common_gate_test_behavior_modes,test behavior modes within common quality gate,higher,5,3.8,3.0,2.2,6.0,"{""0"": 8.0, ""1"": 3.0, ""2"": 2.0, ""3"": 2.0, ""4"": 4.0}"
minimax-cn-coding-plan,MiniMax-M3,binpack,slots8,relational_qp_rr,common_gate_test_eligible_size,test-eligible common-gate archive size,higher,5,4.0,3.0,2.2,6.6,"{""0"": 9.0, ""1"": 3.0, ""2"": 2.0, ""3"": 2.0, ""4"": 4.0}"
minimax-cn-coding-plan,MiniMax-M3,binpack,slots8,relational_qp_rr,valid_fraction,valid generated fraction,higher,5,0.9,0.875,0.825,0.975,"{""0"": 0.875, ""1"": 1.0, ""2"": 0.875, ""3"": 1.0, ""4"": 0.75}"
minimax-cn-coding-plan,MiniMax-M3,binpack,slots8,relational_qp_rr,tokens_used,reported input plus output tokens,lower,5,31406.2,31340.0,29878.6,32678.0,"{""0"": 28636.0, ""1"": 31340.0, ""2"": 33570.0, ""3"": 31071.0, ""4"": 32414.0}"
minimax-cn-coding-plan,MiniMax-M3,binpack,slots8,relational_qp_rr,token_budget_valid,valid hard-token-ceiling run,higher,0,,,,,{}
minimax-cn-coding-plan,MiniMax-M3,binpack,slots8,relational_qp_rr,learned_selector_test_loss,validation-fitted selector mean test loss,lower,0,,,,,{}
minimax-cn-coding-plan,MiniMax-M3,binpack,slots8,relational_qp_rr,selector_gain_vs_single,selector improvement over validation-selected single rule,higher,0,,,,,{}
minimax-cn-coding-plan,MiniMax-M3,binpack,slots8,relational_qp_rr,selector_seconds_per_instance,selector feature and prediction seconds per test instance,lower,0,,,,,{}
minimax-cn-coding-plan,MiniMax-M3,binpack,slots8,relational_qp_rr,oracle_gain_upper_bound,test-instance oracle gain (upper bound only),higher,0,,,,,{}
minimax-cn-coding-plan,MiniMax-M3,binpack,slots8,relational_qp_rr,parent_improvements,parent improvements,higher,5,1.0,1.0,0.2,1.8,"{""0"": 1.0, ""1"": 0.0, ""2"": 0.0, ""3"": 2.0, ""4"": 2.0}"
minimax-cn-coding-plan,MiniMax-M3,binpack,slots8,relational_qp_rr,neighborhood_improvements,behavior-neighborhood improvements,higher,5,0.0,0.0,0.0,0.0,"{""0"": 0.0, ""1"": 0.0, ""2"": 0.0, ""3"": 0.0, ""4"": 0.0}"
minimax-cn-coding-plan,MiniMax-M3,binpack,slots8,relational_qp_rr,productive_collisions,productive behavior collisions,higher,5,0.6,0.0,0.0,1.4,"{""0"": 0.0, ""1"": 0.0, ""2"": 0.0, ""3"": 2.0, ""4"": 1.0}"
minimax-cn-coding-plan,MiniMax-M3,binpack,slots8,relational_qp_rr,unproductive_collisions,unproductive behavior collisions,lower,5,4.0,5.0,1.8,5.8,"{""0"": 0.0, ""1"": 5.0, ""2"": 6.0, ""3"": 6.0, ""4"": 3.0}"
minimax-cn-coding-plan,MiniMax-M3,binpack,slots8,relational_qp_rr,restarts,restarts,lower,5,5.8,6.0,5.2,6.4,"{""0"": 5.0, ""1"": 7.0, ""2"": 6.0, ""3"": 6.0, ""4"": 5.0}"
minimax-cn-coding-plan,MiniMax-M3,binpack,slots8,relational_rr,validation_selected_test_loss,validation-selected mean test loss,lower,5,0.1100736213451577,0.10892689570996252,0.10545916129654795,0.11460680397412712,"{""0"": 0.10892689570996252, ""1"": 0.11352826487106794, ""2"": 0.10182804463758785, ""3"": 0.11780149380826194, ""4"": 0.10828340769890829}"
minimax-cn-coding-plan,MiniMax-M3,binpack,slots8,relational_rr,validation_selected_test_valid,validation-selected rule has valid test execution,higher,5,1.0,1.0,1.0,1.0,"{""0"": 1.0, ""1"": 1.0, ""2"": 1.0, ""3"": 1.0, ""4"": 1.0}"
minimax-cn-coding-plan,MiniMax-M3,binpack,slots8,relational_rr,common_gate_test_behavior_modes,test behavior modes within common quality gate,higher,5,3.4,3.0,2.4,4.8,"{""0"": 3.0, ""1"": 2.0, ""2"": 6.0, ""3"": 3.0, ""4"": 3.0}"
minimax-cn-coding-plan,MiniMax-M3,binpack,slots8,relational_rr,common_gate_test_eligible_size,test-eligible common-gate archive size,higher,5,3.6,3.0,3.0,4.8,"{""0"": 3.0, ""1"": 3.0, ""2"": 6.0, ""3"": 3.0, ""4"": 3.0}"
minimax-cn-coding-plan,MiniMax-M3,binpack,slots8,relational_rr,valid_fraction,valid generated fraction,higher,5,0.875,0.875,0.775,0.975,"{""0"": 0.75, ""1"": 0.75, ""2"": 1.0, ""3"": 0.875, ""4"": 1.0}"
minimax-cn-coding-plan,MiniMax-M3,binpack,slots8,relational_rr,tokens_used,reported input plus output tokens,lower,5,31612.8,30870.0,30707.2,33160.2,"{""0"": 30701.0, ""1"": 34654.0, ""2"": 30870.0, ""3"": 30632.0, ""4"": 31207.0}"
minimax-cn-coding-plan,MiniMax-M3,binpack,slots8,relational_rr,token_budget_valid,valid hard-token-ceiling run,higher,0,,,,,{}
minimax-cn-coding-plan,MiniMax-M3,binpack,slots8,relational_rr,learned_selector_test_loss,validation-fitted selector mean test loss,lower,0,,,,,{}
minimax-cn-coding-plan,MiniMax-M3,binpack,slots8,relational_rr,selector_gain_vs_single,selector improvement over validation-selected single rule,higher,0,,,,,{}
minimax-cn-coding-plan,MiniMax-M3,binpack,slots8,relational_rr,selector_seconds_per_instance,selector feature and prediction seconds per test instance,lower,0,,,,,{}
minimax-cn-coding-plan,MiniMax-M3,binpack,slots8,relational_rr,oracle_gain_upper_bound,test-instance oracle gain (upper bound only),higher,0,,,,,{}
minimax-cn-coding-plan,MiniMax-M3,binpack,slots8,relational_rr,parent_improvements,parent improvements,higher,5,0.6,1.0,0.2,1.0,"{""0"": 1.0, ""1"": 0.0, ""2"": 0.0, ""3"": 1.0, ""4"": 1.0}"
minimax-cn-coding-plan,MiniMax-M3,binpack,slots8,relational_rr,neighborhood_improvements,behavior-neighborhood improvements,higher,5,0.0,0.0,0.0,0.0,"{""0"": 0.0, ""1"": 0.0, ""2"": 0.0, ""3"": 0.0, ""4"": 0.0}"
minimax-cn-coding-plan,MiniMax-M3,binpack,slots8,relational_rr,productive_collisions,productive behavior collisions,higher,5,0.6,1.0,0.2,1.0,"{""0"": 1.0, ""1"": 0.0, ""2"": 0.0, ""3"": 1.0, ""4"": 1.0}"
minimax-cn-coding-plan,MiniMax-M3,binpack,slots8,relational_rr,unproductive_collisions,unproductive behavior collisions,lower,5,4.2,4.0,3.0,5.2,"{""0"": 4.0, ""1"": 4.0, ""2"": 2.0, ""3"": 5.0, ""4"": 6.0}"
minimax-cn-coding-plan,MiniMax-M3,binpack,slots8,relational_rr,restarts,restarts,lower,5,6.4,7.0,5.6,7.0,"{""0"": 6.0, ""1"": 7.0, ""2"": 5.0, ""3"": 7.0, ""4"": 7.0}"
minimax-cn-coding-plan,MiniMax-M3,binpack,tokens30000,niche,validation_selected_test_loss,validation-selected mean test loss,lower,5,0.1100736213451577,0.10892689570996252,0.10545916129654795,0.11460680397412712,"{""0"": 0.10892689570996252, ""1"": 0.11352826487106794, ""2"": 0.10182804463758785, ""3"": 0.11780149380826194, ""4"": 0.10828340769890829}"
minimax-cn-coding-plan,MiniMax-M3,binpack,tokens30000,niche,validation_selected_test_valid,validation-selected rule has valid test execution,higher,5,1.0,1.0,1.0,1.0,"{""0"": 1.0, ""1"": 1.0, ""2"": 1.0, ""3"": 1.0, ""4"": 1.0}"
minimax-cn-coding-plan,MiniMax-M3,binpack,tokens30000,niche,common_gate_test_behavior_modes,test behavior modes within common quality gate,higher,5,2.6,3.0,2.2,3.0,"{""0"": 3.0, ""1"": 3.0, ""2"": 2.0, ""3"": 3.0, ""4"": 2.0}"
minimax-cn-coding-plan,MiniMax-M3,binpack,tokens30000,niche,common_gate_test_eligible_size,test-eligible common-gate archive size,higher,5,3.0,3.0,2.2,3.8,"{""0"": 4.0, ""1"": 3.0, ""2"": 2.0, ""3"": 4.0, ""4"": 2.0}"
minimax-cn-coding-plan,MiniMax-M3,binpack,tokens30000,niche,valid_fraction,valid generated fraction,higher,5,0.95,1.0,0.9,1.0,"{""0"": 0.875, ""1"": 0.875, ""2"": 1.0, ""3"": 1.0, ""4"": 1.0}"
minimax-cn-coding-plan,MiniMax-M3,binpack,tokens30000,niche,tokens_used,reported input plus output tokens,lower,5,22741.2,22680.0,22134.0,23390.4,"{""0"": 22343.0, ""1"": 23832.0, ""2"": 21738.0, ""3"": 23113.0, ""4"": 22680.0}"
minimax-cn-coding-plan,MiniMax-M3,binpack,tokens30000,niche,token_budget_valid,valid hard-token-ceiling run,higher,5,1.0,1.0,1.0,1.0,"{""0"": 1.0, ""1"": 1.0, ""2"": 1.0, ""3"": 1.0, ""4"": 1.0}"
minimax-cn-coding-plan,MiniMax-M3,binpack,tokens30000,niche,learned_selector_test_loss,validation-fitted selector mean test loss,lower,0,,,,,{}
minimax-cn-coding-plan,MiniMax-M3,binpack,tokens30000,niche,selector_gain_vs_single,selector improvement over validation-selected single rule,higher,0,,,,,{}
minimax-cn-coding-plan,MiniMax-M3,binpack,tokens30000,niche,selector_seconds_per_instance,selector feature and prediction seconds per test instance,lower,0,,,,,{}
minimax-cn-coding-plan,MiniMax-M3,binpack,tokens30000,niche,oracle_gain_upper_bound,test-instance oracle gain (upper bound only),higher,0,,,,,{}
minimax-cn-coding-plan,MiniMax-M3,binpack,tokens30000,niche,parent_improvements,parent improvements,higher,5,1.8,2.0,1.4,2.0,"{""0"": 1.0, ""1"": 2.0, ""2"": 2.0, ""3"": 2.0, ""4"": 2.0}"
minimax-cn-coding-plan,MiniMax-M3,binpack,tokens30000,niche,neighborhood_improvements,behavior-neighborhood improvements,higher,5,0.0,0.0,0.0,0.0,"{""0"": 0.0, ""1"": 0.0, ""2"": 0.0, ""3"": 0.0, ""4"": 0.0}"
minimax-cn-coding-plan,MiniMax-M3,binpack,tokens30000,niche,productive_collisions,productive behavior collisions,higher,5,1.6,2.0,0.8,2.0,"{""0"": 0.0, ""1"": 2.0, ""2"": 2.0, ""3"": 2.0, ""4"": 2.0}"
minimax-cn-coding-plan,MiniMax-M3,binpack,tokens30000,niche,unproductive_collisions,unproductive behavior collisions,lower,5,4.6,5.0,3.6,5.4,"{""0"": 5.0, ""1"": 3.0, ""2"": 5.0, ""3"": 4.0, ""4"": 6.0}"
minimax-cn-coding-plan,MiniMax-M3,binpack,tokens30000,niche,restarts,restarts,lower,5,1.0,1.0,1.0,1.0,"{""0"": 1.0, ""1"": 1.0, ""2"": 1.0, ""3"": 1.0, ""4"": 1.0}"
minimax-cn-coding-plan,MiniMax-M3,binpack,tokens30000,relational,validation_selected_test_loss,validation-selected mean test loss,lower,5,0.1100736213451577,0.10892689570996252,0.10545916129654795,0.11460680397412712,"{""0"": 0.10892689570996252, ""1"": 0.11352826487106794, ""2"": 0.10182804463758785, ""3"": 0.11780149380826194, ""4"": 0.10828340769890829}"
minimax-cn-coding-plan,MiniMax-M3,binpack,tokens30000,relational,validation_selected_test_valid,validation-selected rule has valid test execution,higher,5,1.0,1.0,1.0,1.0,"{""0"": 1.0, ""1"": 1.0, ""2"": 1.0, ""3"": 1.0, ""4"": 1.0}"
minimax-cn-coding-plan,MiniMax-M3,binpack,tokens30000,relational,common_gate_test_behavior_modes,test behavior modes within common quality gate,higher,5,3.2,3.0,2.2,4.2,"{""0"": 4.0, ""1"": 5.0, ""2"": 3.0, ""3"": 2.0, ""4"": 2.0}"
minimax-cn-coding-plan,MiniMax-M3,binpack,tokens30000,relational,common_gate_test_eligible_size,test-eligible common-gate archive size,higher,5,3.2,3.0,2.2,4.2,"{""0"": 4.0, ""1"": 5.0, ""2"": 3.0, ""3"": 2.0, ""4"": 2.0}"
minimax-cn-coding-plan,MiniMax-M3,binpack,tokens30000,relational,valid_fraction,valid generated fraction,higher,5,0.9266666666666667,1.0,0.8466666666666667,1.0,"{""0"": 0.8333333333333334, ""1"": 1.0, ""2"": 1.0, ""3"": 1.0, ""4"": 0.8}"
minimax-cn-coding-plan,MiniMax-M3,binpack,tokens30000,relational,tokens_used,reported input plus output tokens,lower,5,19504.6,18840.0,18448.8,20650.0,"{""0"": 20543.0, ""1"": 21438.0, ""2"": 18309.0, ""3"": 18840.0, ""4"": 18393.0}"
minimax-cn-coding-plan,MiniMax-M3,binpack,tokens30000,relational,token_budget_valid,valid hard-token-ceiling run,higher,5,1.0,1.0,1.0,1.0,"{""0"": 1.0, ""1"": 1.0, ""2"": 1.0, ""3"": 1.0, ""4"": 1.0}"
minimax-cn-coding-plan,MiniMax-M3,binpack,tokens30000,relational,learned_selector_test_loss,validation-fitted selector mean test loss,lower,0,,,,,{}
minimax-cn-coding-plan,MiniMax-M3,binpack,tokens30000,relational,selector_gain_vs_single,selector improvement over validation-selected single rule,higher,0,,,,,{}
minimax-cn-coding-plan,MiniMax-M3,binpack,tokens30000,relational,selector_seconds_per_instance,selector feature and prediction seconds per test instance,lower,0,,,,,{}
minimax-cn-coding-plan,MiniMax-M3,binpack,tokens30000,relational,oracle_gain_upper_bound,test-instance oracle gain (upper bound only),higher,0,,,,,{}
minimax-cn-coding-plan,MiniMax-M3,binpack,tokens30000,relational,parent_improvements,parent improvements,higher,5,0.0,0.0,0.0,0.0,"{""0"": 0.0, ""1"": 0.0, ""2"": 0.0, ""3"": 0.0, ""4"": 0.0}"
minimax-cn-coding-plan,MiniMax-M3,binpack,tokens30000,relational,neighborhood_improvements,behavior-neighborhood improvements,higher,5,0.4,0.0,0.0,1.2,"{""0"": 0.0, ""1"": 2.0, ""2"": 0.0, ""3"": 0.0, ""4"": 0.0}"
minimax-cn-coding-plan,MiniMax-M3,binpack,tokens30000,relational,productive_collisions,productive behavior collisions,higher,5,0.4,0.0,0.0,1.2,"{""0"": 0.0, ""1"": 2.0, ""2"": 0.0, ""3"": 0.0, ""4"": 0.0}"
minimax-cn-coding-plan,MiniMax-M3,binpack,tokens30000,relational,unproductive_collisions,unproductive behavior collisions,lower,5,3.0,3.0,1.8,4.2,"{""0"": 2.0, ""1"": 1.0, ""2"": 4.0, ""3"": 5.0, ""4"": 3.0}"
minimax-cn-coding-plan,MiniMax-M3,binpack,tokens30000,relational,restarts,restarts,lower,5,5.0,5.0,5.0,5.0,"{""0"": 5.0, ""1"": 5.0, ""2"": 5.0, ""3"": 5.0, ""4"": 5.0}"
minimax-cn-coding-plan,MiniMax-M3,binpack,tokens30000,relational_qp,validation_selected_test_loss,validation-selected mean test loss,lower,5,0.1100736213451577,0.10892689570996252,0.10545916129654795,0.11460680397412712,"{""0"": 0.10892689570996252, ""1"": 0.11352826487106794, ""2"": 0.10182804463758785, ""3"": 0.11780149380826194, ""4"": 0.10828340769890829}"
minimax-cn-coding-plan,MiniMax-M3,binpack,tokens30000,relational_qp,validation_selected_test_valid,validation-selected rule has valid test execution,higher,5,1.0,1.0,1.0,1.0,"{""0"": 1.0, ""1"": 1.0, ""2"": 1.0, ""3"": 1.0, ""4"": 1.0}"
minimax-cn-coding-plan,MiniMax-M3,binpack,tokens30000,relational_qp,common_gate_test_behavior_modes,test behavior modes within common quality gate,higher,5,2.6,2.0,2.0,3.4,"{""0"": 2.0, ""1"": 4.0, ""2"": 2.0, ""3"": 2.0, ""4"": 3.0}"
minimax-cn-coding-plan,MiniMax-M3,binpack,tokens30000,relational_qp,common_gate_test_eligible_size,test-eligible common-gate archive size,higher,5,2.8,3.0,2.2,3.4,"{""0"": 3.0, ""1"": 4.0, ""2"": 2.0, ""3"": 2.0, ""4"": 3.0}"
minimax-cn-coding-plan,MiniMax-M3,binpack,tokens30000,relational_qp,valid_fraction,valid generated fraction,higher,5,0.9666666666666666,1.0,0.9,1.0,"{""0"": 1.0, ""1"": 1.0, ""2"": 1.0, ""3"": 1.0, ""4"": 0.8333333333333334}"
minimax-cn-coding-plan,MiniMax-M3,binpack,tokens30000,relational_qp,tokens_used,reported input plus output tokens,lower,5,20198.8,19816.0,18854.8,21565.2,"{""0"": 18743.0, ""1"": 21382.0, ""2"": 19816.0, ""3"": 18486.0, ""4"": 22567.0}"
minimax-cn-coding-plan,MiniMax-M3,binpack,tokens30000,relational_qp,token_budget_valid,valid hard-token-ceiling run,higher,5,1.0,1.0,1.0,1.0,"{""0"": 1.0, ""1"": 1.0, ""2"": 1.0, ""3"": 1.0, ""4"": 1.0}"
minimax-cn-coding-plan,MiniMax-M3,binpack,tokens30000,relational_qp,learned_selector_test_loss,validation-fitted selector mean test loss,lower,0,,,,,{}
minimax-cn-coding-plan,MiniMax-M3,binpack,tokens30000,relational_qp,selector_gain_vs_single,selector improvement over validation-selected single rule,higher,0,,,,,{}
minimax-cn-coding-plan,MiniMax-M3,binpack,tokens30000,relational_qp,selector_seconds_per_instance,selector feature and prediction seconds per test instance,lower,0,,,,,{}
minimax-cn-coding-plan,MiniMax-M3,binpack,tokens30000,relational_qp,oracle_gain_upper_bound,test-instance oracle gain (upper bound only),higher,0,,,,,{}
minimax-cn-coding-plan,MiniMax-M3,binpack,tokens30000,relational_qp,parent_improvements,parent improvements,higher,5,0.0,0.0,0.0,0.0,"{""0"": 0.0, ""1"": 0.0, ""2"": 0.0, ""3"": 0.0, ""4"": 0.0}"
minimax-cn-coding-plan,MiniMax-M3,binpack,tokens30000,relational_qp,neighborhood_improvements,behavior-neighborhood improvements,higher,5,0.0,0.0,0.0,0.0,"{""0"": 0.0, ""1"": 0.0, ""2"": 0.0, ""3"": 0.0, ""4"": 0.0}"
minimax-cn-coding-plan,MiniMax-M3,binpack,tokens30000,relational_qp,productive_collisions,productive behavior collisions,higher,5,0.0,0.0,0.0,0.0,"{""0"": 0.0, ""1"": 0.0, ""2"": 0.0, ""3"": 0.0, ""4"": 0.0}"
minimax-cn-coding-plan,MiniMax-M3,binpack,tokens30000,relational_qp,unproductive_collisions,unproductive behavior collisions,lower,5,3.6,4.0,2.2,4.6,"{""0"": 4.0, ""1"": 4.0, ""2"": 4.0, ""3"": 5.0, ""4"": 1.0}"
minimax-cn-coding-plan,MiniMax-M3,binpack,tokens30000,relational_qp,restarts,restarts,lower,5,5.2,5.0,5.0,5.6,"{""0"": 5.0, ""1"": 5.0, ""2"": 5.0, ""3"": 5.0, ""4"": 6.0}"
minimax-cn-coding-plan,MiniMax-M3,binpack,tokens30000,relational_qp_rr,validation_selected_test_loss,validation-selected mean test loss,lower,5,0.1100736213451577,0.10892689570996252,0.10545916129654795,0.11460680397412712,"{""0"": 0.10892689570996252, ""1"": 0.11352826487106794, ""2"": 0.10182804463758785, ""3"": 0.11780149380826194, ""4"": 0.10828340769890829}"
minimax-cn-coding-plan,MiniMax-M3,binpack,tokens30000,relational_qp_rr,validation_selected_test_valid,validation-selected rule has valid test execution,higher,5,1.0,1.0,1.0,1.0,"{""0"": 1.0, ""1"": 1.0, ""2"": 1.0, ""3"": 1.0, ""4"": 1.0}"
minimax-cn-coding-plan,MiniMax-M3,binpack,tokens30000,relational_qp_rr,common_gate_test_behavior_modes,test behavior modes within common quality gate,higher,5,3.4,3.0,2.2,4.8,"{""0"": 6.0, ""1"": 2.0, ""2"": 2.0, ""3"": 4.0, ""4"": 3.0}"
minimax-cn-coding-plan,MiniMax-M3,binpack,tokens30000,relational_qp_rr,common_gate_test_eligible_size,test-eligible common-gate archive size,higher,5,3.4,3.0,2.2,4.8,"{""0"": 6.0, ""1"": 2.0, ""2"": 2.0, ""3"": 4.0, ""4"": 3.0}"
minimax-cn-coding-plan,MiniMax-M3,binpack,tokens30000,relational_qp_rr,valid_fraction,valid generated fraction,higher,5,0.8533333333333333,0.8333333333333334,0.7266666666666667,0.9666666666666666,"{""0"": 1.0, ""1"": 1.0, ""2"": 0.6, ""3"": 0.8333333333333334, ""4"": 0.8333333333333334}"
minimax-cn-coding-plan,MiniMax-M3,binpack,tokens30000,relational_qp_rr,tokens_used,reported input plus output tokens,lower,5,19966.6,20396.0,18733.2,21069.6,"{""0"": 20396.0, ""1"": 18123.0, ""2"": 18838.0, ""3"": 22017.0, ""4"": 20459.0}"
minimax-cn-coding-plan,MiniMax-M3,binpack,tokens30000,relational_qp_rr,token_budget_valid,valid hard-token-ceiling run,higher,5,1.0,1.0,1.0,1.0,"{""0"": 1.0, ""1"": 1.0, ""2"": 1.0, ""3"": 1.0, ""4"": 1.0}"
minimax-cn-coding-plan,MiniMax-M3,binpack,tokens30000,relational_qp_rr,learned_selector_test_loss,validation-fitted selector mean test loss,lower,0,,,,,{}
minimax-cn-coding-plan,MiniMax-M3,binpack,tokens30000,relational_qp_rr,selector_gain_vs_single,selector improvement over validation-selected single rule,higher,0,,,,,{}
minimax-cn-coding-plan,MiniMax-M3,binpack,tokens30000,relational_qp_rr,selector_seconds_per_instance,selector feature and prediction seconds per test instance,lower,0,,,,,{}
minimax-cn-coding-plan,MiniMax-M3,binpack,tokens30000,relational_qp_rr,oracle_gain_upper_bound,test-instance oracle gain (upper bound only),higher,0,,,,,{}
minimax-cn-coding-plan,MiniMax-M3,binpack,tokens30000,relational_qp_rr,parent_improvements,parent improvements,higher,5,0.0,0.0,0.0,0.0,"{""0"": 0.0, ""1"": 0.0, ""2"": 0.0, ""3"": 0.0, ""4"": 0.0}"
minimax-cn-coding-plan,MiniMax-M3,binpack,tokens30000,relational_qp_rr,neighborhood_improvements,behavior-neighborhood improvements,higher,5,0.0,0.0,0.0,0.0,"{""0"": 0.0, ""1"": 0.0, ""2"": 0.0, ""3"": 0.0, ""4"": 0.0}"
minimax-cn-coding-plan,MiniMax-M3,binpack,tokens30000,relational_qp_rr,productive_collisions,productive behavior collisions,higher,5,0.0,0.0,0.0,0.0,"{""0"": 0.0, ""1"": 0.0, ""2"": 0.0, ""3"": 0.0, ""4"": 0.0}"
minimax-cn-coding-plan,MiniMax-M3,binpack,tokens30000,relational_qp_rr,unproductive_collisions,unproductive behavior collisions,lower,5,2.4,2.0,2.0,2.8,"{""0"": 2.0, ""1"": 3.0, ""2"": 3.0, ""3"": 2.0, ""4"": 2.0}"
minimax-cn-coding-plan,MiniMax-M3,binpack,tokens30000,relational_qp_rr,restarts,restarts,lower,5,5.0,5.0,5.0,5.0,"{""0"": 5.0, ""1"": 5.0, ""2"": 5.0, ""3"": 5.0, ""4"": 5.0}"
minimax-cn-coding-plan,MiniMax-M3,binpack,tokens30000,relational_rr,validation_selected_test_loss,validation-selected mean test loss,lower,5,0.1100736213451577,0.10892689570996252,0.10545916129654795,0.11460680397412712,"{""0"": 0.10892689570996252, ""1"": 0.11352826487106794, ""2"": 0.10182804463758785, ""3"": 0.11780149380826194, ""4"": 0.10828340769890829}"
minimax-cn-coding-plan,MiniMax-M3,binpack,tokens30000,relational_rr,validation_selected_test_valid,validation-selected rule has valid test execution,higher,5,1.0,1.0,1.0,1.0,"{""0"": 1.0, ""1"": 1.0, ""2"": 1.0, ""3"": 1.0, ""4"": 1.0}"
minimax-cn-coding-plan,MiniMax-M3,binpack,tokens30000,relational_rr,common_gate_test_behavior_modes,test behavior modes within common quality gate,higher,5,2.6,2.0,2.0,3.4,"{""0"": 2.0, ""1"": 3.0, ""2"": 4.0, ""3"": 2.0, ""4"": 2.0}"
minimax-cn-coding-plan,MiniMax-M3,binpack,tokens30000,relational_rr,common_gate_test_eligible_size,test-eligible common-gate archive size,higher,5,2.8,3.0,2.2,3.4,"{""0"": 2.0, ""1"": 3.0, ""2"": 4.0, ""3"": 2.0, ""4"": 3.0}"
minimax-cn-coding-plan,MiniMax-M3,binpack,tokens30000,relational_rr,valid_fraction,valid generated fraction,higher,5,0.7466666666666667,0.8,0.52,0.96,"{""0"": 0.3333333333333333, ""1"": 0.6, ""2"": 1.0, ""3"": 1.0, ""4"": 0.8}"
minimax-cn-coding-plan,MiniMax-M3,binpack,tokens30000,relational_rr,tokens_used,reported input plus output tokens,lower,5,20332.6,20990.0,19151.8,21448.0,"{""0"": 21257.0, ""1"": 19071.0, ""2"": 21868.0, ""3"": 20990.0, ""4"": 18477.0}"
minimax-cn-coding-plan,MiniMax-M3,binpack,tokens30000,relational_rr,token_budget_valid,valid hard-token-ceiling run,higher,5,1.0,1.0,1.0,1.0,"{""0"": 1.0, ""1"": 1.0, ""2"": 1.0, ""3"": 1.0, ""4"": 1.0}"
minimax-cn-coding-plan,MiniMax-M3,binpack,tokens30000,relational_rr,learned_selector_test_loss,validation-fitted selector mean test loss,lower,0,,,,,{}
minimax-cn-coding-plan,MiniMax-M3,binpack,tokens30000,relational_rr,selector_gain_vs_single,selector improvement over validation-selected single rule,higher,0,,,,,{}
minimax-cn-coding-plan,MiniMax-M3,binpack,tokens30000,relational_rr,selector_seconds_per_instance,selector feature and prediction seconds per test instance,lower,0,,,,,{}
minimax-cn-coding-plan,MiniMax-M3,binpack,tokens30000,relational_rr,oracle_gain_upper_bound,test-instance oracle gain (upper bound only),higher,0,,,,,{}
minimax-cn-coding-plan,MiniMax-M3,binpack,tokens30000,relational_rr,parent_improvements,parent improvements,higher,5,0.0,0.0,0.0,0.0,"{""0"": 0.0, ""1"": 0.0, ""2"": 0.0, ""3"": 0.0, ""4"": 0.0}"
minimax-cn-coding-plan,MiniMax-M3,binpack,tokens30000,relational_rr,neighborhood_improvements,behavior-neighborhood improvements,higher,5,0.2,0.0,0.0,0.6,"{""0"": 0.0, ""1"": 0.0, ""2"": 1.0, ""3"": 0.0, ""4"": 0.0}"
minimax-cn-coding-plan,MiniMax-M3,binpack,tokens30000,relational_rr,productive_collisions,productive behavior collisions,higher,5,0.0,0.0,0.0,0.0,"{""0"": 0.0, ""1"": 0.0, ""2"": 0.0, ""3"": 0.0, ""4"": 0.0}"
minimax-cn-coding-plan,MiniMax-M3,binpack,tokens30000,relational_rr,unproductive_collisions,unproductive behavior collisions,lower,5,3.2,2.0,2.0,4.8,"{""0"": 2.0, ""1"": 2.0, ""2"": 4.0, ""3"": 6.0, ""4"": 2.0}"
minimax-cn-coding-plan,MiniMax-M3,binpack,tokens30000,relational_rr,restarts,restarts,lower,5,5.6,6.0,5.2,6.0,"{""0"": 6.0, ""1"": 5.0, ""2"": 6.0, ""3"": 6.0, ""4"": 5.0}"
minimax-cn-coding-plan,MiniMax-M3,tsp,slots8,niche,validation_selected_test_loss,validation-selected mean test loss,lower,5,0.05780233996116692,0.05868623046156355,0.049827692102924065,0.06741984809882876,"{""0"": 0.0753478855068519, ""1"": 0.05868623046156355, ""2"": 0.05206376641266345, ""3"": 0.05899181756092463, ""4"": 0.04392199986383107}"
minimax-cn-coding-plan,MiniMax-M3,tsp,slots8,niche,validation_selected_test_valid,validation-selected rule has valid test execution,higher,5,1.0,1.0,1.0,1.0,"{""0"": 1.0, ""1"": 1.0, ""2"": 1.0, ""3"": 1.0, ""4"": 1.0}"
minimax-cn-coding-plan,MiniMax-M3,tsp,slots8,niche,common_gate_test_behavior_modes,test behavior modes within common quality gate,higher,5,3.4,3.0,2.2,4.6,"{""0"": 3.0, ""1"": 5.0, ""2"": 5.0, ""3"": 2.0, ""4"": 2.0}"
minimax-cn-coding-plan,MiniMax-M3,tsp,slots8,niche,common_gate_test_eligible_size,test-eligible common-gate archive size,higher,5,3.8,3.0,3.0,4.6,"{""0"": 3.0, ""1"": 5.0, ""2"": 5.0, ""3"": 3.0, ""4"": 3.0}"
minimax-cn-coding-plan,MiniMax-M3,tsp,slots8,niche,valid_fraction,valid generated fraction,higher,5,0.925,1.0,0.825,1.0,"{""0"": 1.0, ""1"": 0.875, ""2"": 1.0, ""3"": 1.0, ""4"": 0.75}"
minimax-cn-coding-plan,MiniMax-M3,tsp,slots8,niche,tokens_used,reported input plus output tokens,lower,5,22312.4,22100.0,21296.0,23303.6,"{""0"": 23593.0, ""1"": 20317.0, ""2"": 22100.0, ""3"": 23616.0, ""4"": 21936.0}"
minimax-cn-coding-plan,MiniMax-M3,tsp,slots8,niche,token_budget_valid,valid hard-token-ceiling run,higher,0,,,,,{}
minimax-cn-coding-plan,MiniMax-M3,tsp,slots8,niche,learned_selector_test_loss,validation-fitted selector mean test loss,lower,5,0.06062152492235623,0.06240676040564471,0.05091465481513315,0.0703283950295793,"{""0"": 0.07428265835133005, ""1"": 0.07033494901979585, ""2"": 0.05102935154440657, ""3"": 0.06240676040564471, ""4"": 0.04505390529060397}"
minimax-cn-coding-plan,MiniMax-M3,tsp,slots8,niche,selector_gain_vs_single,selector improvement over validation-selected single rule,higher,5,-0.002819184961189311,-0.0011319054267728973,-0.007459174272779029,0.0006134757241569117,"{""0"": 0.0010652271555218473, ""1"": -0.011648718558232303, ""2"": 0.0010344148682568804, ""3"": -0.0034149428447200827, ""4"": -0.0011319054267728973}"
minimax-cn-coding-plan,MiniMax-M3,tsp,slots8,niche,selector_seconds_per_instance,selector feature and prediction seconds per test instance,lower,5,0.0021452699994875327,0.001848533335659239,0.0017912822219336196,0.002749093887137456,"{""0"": 0.00332374444244326, ""1"": 0.001779836110977663, ""2"": 0.0020001333323307335, ""3"": 0.001848533335659239, ""4"": 0.0017741027760267672}"
minimax-cn-coding-plan,MiniMax-M3,tsp,slots8,niche,oracle_gain_upper_bound,test-instance oracle gain (upper bound only),higher,5,0.023358389193017085,0.01950776791614496,0.019148468014573726,0.028196195184404794,"{""0"": 0.01950776791614496, ""1"": 0.031235029385124367, ""2"": 0.018773260897165245, ""3"": 0.027931862585454263, ""4"": 0.01934402518119659}"
minimax-cn-coding-plan,MiniMax-M3,tsp,slots8,niche,parent_improvements,parent improvements,higher,5,1.8,1.0,1.0,3.0,"{""0"": 1.0, ""1"": 4.0, ""2"": 1.0, ""3"": 2.0, ""4"": 1.0}"
minimax-cn-coding-plan,MiniMax-M3,tsp,slots8,niche,neighborhood_improvements,behavior-neighborhood improvements,higher,5,1.2,1.0,0.2,2.2,"{""0"": 3.0, ""1"": 2.0, ""2"": 1.0, ""3"": 0.0, ""4"": 0.0}"
minimax-cn-coding-plan,MiniMax-M3,tsp,slots8,niche,productive_collisions,productive behavior collisions,higher,5,1.0,0.0,0.0,2.2,"{""0"": 3.0, ""1"": 2.0, ""2"": 0.0, ""3"": 0.0, ""4"": 0.0}"
minimax-cn-coding-plan,MiniMax-M3,tsp,slots8,niche,unproductive_collisions,unproductive behavior collisions,lower,5,1.4,1.0,0.4,2.8,"{""0"": 4.0, ""1"": 1.0, ""2"": 1.0, ""3"": 0.0, ""4"": 1.0}"
minimax-cn-coding-plan,MiniMax-M3,tsp,slots8,niche,restarts,restarts,lower,5,1.0,1.0,1.0,1.0,"{""0"": 1.0, ""1"": 1.0, ""2"": 1.0, ""3"": 1.0, ""4"": 1.0}"
minimax-cn-coding-plan,MiniMax-M3,tsp,slots8,relational,validation_selected_test_loss,validation-selected mean test loss,lower,5,0.060809782863677775,0.05206376641266345,0.049851251045059455,0.07224718375004405,"{""0"": 0.07798923407672351, ""1"": 0.04672769730895216, ""2"": 0.05206376641266345, ""3"": 0.07539966942268499, ""4"": 0.05186854709736476}"
minimax-cn-coding-plan,MiniMax-M3,tsp,slots8,relational,validation_selected_test_valid,validation-selected rule has valid test execution,higher,5,1.0,1.0,1.0,1.0,"{""0"": 1.0, ""1"": 1.0, ""2"": 1.0, ""3"": 1.0, ""4"": 1.0}"
minimax-cn-coding-plan,MiniMax-M3,tsp,slots8,relational,common_gate_test_behavior_modes,test behavior modes within common quality gate,higher,5,3.4,4.0,1.6,5.2,"{""0"": 1.0, ""1"": 7.0, ""2"": 4.0, ""3"": 4.0, ""4"": 1.0}"
minimax-cn-coding-plan,MiniMax-M3,tsp,slots8,relational,common_gate_test_eligible_size,test-eligible common-gate archive size,higher,5,3.4,4.0,1.6,5.2,"{""0"": 1.0, ""1"": 7.0, ""2"": 4.0, ""3"": 4.0, ""4"": 1.0}"
minimax-cn-coding-plan,MiniMax-M3,tsp,slots8,relational,valid_fraction,valid generated fraction,higher,5,1.0,1.0,1.0,1.0,"{""0"": 1.0, ""1"": 1.0, ""2"": 1.0, ""3"": 1.0, ""4"": 1.0}"
minimax-cn-coding-plan,MiniMax-M3,tsp,slots8,relational,tokens_used,reported input plus output tokens,lower,5,30175.4,29521.0,29149.0,31624.4,"{""0"": 32930.0, ""1"": 29018.0, ""2"": 29094.0, ""3"": 30314.0, ""4"": 29521.0}"
minimax-cn-coding-plan,MiniMax-M3,tsp,slots8,relational,token_budget_valid,valid hard-token-ceiling run,higher,0,,,,,{}
minimax-cn-coding-plan,MiniMax-M3,tsp,slots8,relational,learned_selector_test_loss,validation-fitted selector mean test loss,lower,5,0.059083012436141266,0.055007865633701816,0.04838864044899794,0.07075808214705435,"{""0"": 0.07798923407672352, ""1"": 0.055007865633701816, ""2"": 0.041599121208279174, ""3"": 0.06895029416463706, ""4"": 0.05186854709736476}"
minimax-cn-coding-plan,MiniMax-M3,tsp,slots8,relational,selector_gain_vs_single,selector improvement over validation-selected single rule,higher,5,0.0017267704275365087,0.0,-0.0036782259432402084,0.007252429247315194,"{""0"": 0.0, ""1"": -0.008280168324749655, ""2"": 0.010464645204384275, ""3"": 0.0064493752580479236, ""4"": 0.0}"
minimax-cn-coding-plan,MiniMax-M3,tsp,slots8,relational,selector_seconds_per_instance,selector feature and prediction seconds per test instance,lower,5,0.0021195727782065254,0.001930197222261793,0.0018474583332944248,0.0024055861124199713,"{""0"": 0.002559047224672718, ""1"": 0.00189571666608875, ""2"": 0.001930197222261793, ""3"": 0.0024550722219929513, ""4"": 0.0017578305560164154}"
minimax-cn-coding-plan,MiniMax-M3,tsp,slots8,relational,oracle_gain_upper_bound,test-instance oracle gain (upper bound only),higher,5,0.02007549297789581,0.020277072221394344,0.004055414444278869,0.03609557151151275,"{""0"": 0.0, ""1"": 0.020277072221394344, ""2"": 0.037334528000959225, ""3"": 0.042765864667125474, ""4"": 0.0}"
minimax-cn-coding-plan,MiniMax-M3,tsp,slots8,relational,parent_improvements,parent improvements,higher,5,0.4,0.0,0.0,0.8,"{""0"": 0.0, ""1"": 1.0, ""2"": 0.0, ""3"": 1.0, ""4"": 0.0}"
minimax-cn-coding-plan,MiniMax-M3,tsp,slots8,relational,neighborhood_improvements,behavior-neighborhood improvements,higher,5,0.4,0.0,0.0,0.8,"{""0"": 1.0, ""1"": 1.0, ""2"": 0.0, ""3"": 0.0, ""4"": 0.0}"
minimax-cn-coding-plan,MiniMax-M3,tsp,slots8,relational,productive_collisions,productive behavior collisions,higher,5,0.2,0.0,0.0,0.6,"{""0"": 0.0, ""1"": 1.0, ""2"": 0.0, ""3"": 0.0, ""4"": 0.0}"
minimax-cn-coding-plan,MiniMax-M3,tsp,slots8,relational,unproductive_collisions,unproductive behavior collisions,lower,5,0.6,1.0,0.2,1.0,"{""0"": 1.0, ""1"": 1.0, ""2"": 1.0, ""3"": 0.0, ""4"": 0.0}"
minimax-cn-coding-plan,MiniMax-M3,tsp,slots8,relational,restarts,restarts,lower,5,6.2,6.0,5.6,6.8,"{""0"": 7.0, ""1"": 6.0, ""2"": 6.0, ""3"": 5.0, ""4"": 7.0}"
minimax-cn-coding-plan,MiniMax-M3,tsp,slots8,relational_qp,validation_selected_test_loss,validation-selected mean test loss,lower,5,0.06497247960898656,0.05733297248122856,0.053039519900256994,0.07737532688404888,"{""0"": 0.07798923407672351, ""1"": 0.05733297248122856, ""2"": 0.05206376641266345, ""3"": 0.08560787797695248, ""4"": 0.05186854709736476}"
minimax-cn-coding-plan,MiniMax-M3,tsp,slots8,relational_qp,validation_selected_test_valid,validation-selected rule has valid test execution,higher,5,1.0,1.0,1.0,1.0,"{""0"": 1.0, ""1"": 1.0, ""2"": 1.0, ""3"": 1.0, ""4"": 1.0}"
minimax-cn-coding-plan,MiniMax-M3,tsp,slots8,relational_qp,common_gate_test_behavior_modes,test behavior modes within common quality gate,higher,5,2.8,3.0,1.4,4.2,"{""0"": 1.0, ""1"": 5.0, ""2"": 4.0, ""3"": 3.0, ""4"": 1.0}"
minimax-cn-coding-plan,MiniMax-M3,tsp,slots8,relational_qp,common_gate_test_eligible_size,test-eligible common-gate archive size,higher,5,2.8,3.0,1.4,4.2,"{""0"": 1.0, ""1"": 5.0, ""2"": 4.0, ""3"": 3.0, ""4"": 1.0}"
minimax-cn-coding-plan,MiniMax-M3,tsp,slots8,relational_qp,valid_fraction,valid generated fraction,higher,5,0.925,1.0,0.825,1.0,"{""0"": 1.0, ""1"": 1.0, ""2"": 1.0, ""3"": 0.75, ""4"": 0.875}"
minimax-cn-coding-plan,MiniMax-M3,tsp,slots8,relational_qp,tokens_used,reported input plus output tokens,lower,5,30485.8,30708.0,29580.0,31379.6,"{""0"": 31058.0, ""1"": 29108.0, ""2"": 30708.0, ""3"": 32037.0, ""4"": 29518.0}"
minimax-cn-coding-plan,MiniMax-M3,tsp,slots8,relational_qp,token_budget_valid,valid hard-token-ceiling run,higher,0,,,,,{}
minimax-cn-coding-plan,MiniMax-M3,tsp,slots8,relational_qp,learned_selector_test_loss,validation-fitted selector mean test loss,lower,5,0.06234929763844922,0.059174678118603205,0.05562980044383119,0.07046341169347539,"{""0"": 0.07798923407672352, ""1"": 0.05761861495291162, ""2"": 0.059174678118603205, ""3"": 0.06509541394664296, ""4"": 0.05186854709736476}"
minimax-cn-coding-plan,MiniMax-M3,tsp,slots8,relational_qp,selector_gain_vs_single,selector improvement over validation-selected single rule,higher,5,0.0026231819705373376,0.0,-0.004266547023563853,0.012250349923849088,"{""0"": 0.0, ""1"": -0.00028564247168305634, ""2"": -0.007110911705939756, ""3"": 0.0205124640303095, ""4"": 0.0}"
minimax-cn-coding-plan,MiniMax-M3,tsp,slots8,relational_qp,selector_seconds_per_instance,selector feature and prediction seconds per test instance,lower,5,0.0018716661097844026,0.0018642555547153784,0.0017822883324697613,0.00198040388770298,"{""0"": 0.0018642555547153784, ""1"": 0.0018823027753064202, ""2"": 0.001724783331155777, ""3"": 0.0018206250000124176, ""4"": 0.0020663638877320206}"
minimax-cn-coding-plan,MiniMax-M3,tsp,slots8,relational_qp,oracle_gain_upper_bound,test-instance oracle gain (upper bound only),higher,5,0.021124345130353737,0.022142486899921397,0.004428497379984279,0.03782019288072319,"{""0"": 0.0, ""1"": 0.034856505020247494, ""2"": 0.022142486899921397, ""3"": 0.04862273373159979, ""4"": 0.0}"
minimax-cn-coding-plan,MiniMax-M3,tsp,slots8,relational_qp,parent_improvements,parent improvements,higher,5,0.2,0.0,0.0,0.6,"{""0"": 0.0, ""1"": 1.0, ""2"": 0.0, ""3"": 0.0, ""4"": 0.0}"
minimax-cn-coding-plan,MiniMax-M3,tsp,slots8,relational_qp,neighborhood_improvements,behavior-neighborhood improvements,higher,5,0.2,0.0,0.0,0.6,"{""0"": 1.0, ""1"": 0.0, ""2"": 0.0, ""3"": 0.0, ""4"": 0.0}"
minimax-cn-coding-plan,MiniMax-M3,tsp,slots8,relational_qp,productive_collisions,productive behavior collisions,higher,5,0.0,0.0,0.0,0.0,"{""0"": 0.0, ""1"": 0.0, ""2"": 0.0, ""3"": 0.0, ""4"": 0.0}"
minimax-cn-coding-plan,MiniMax-M3,tsp,slots8,relational_qp,unproductive_collisions,unproductive behavior collisions,lower,5,1.0,1.0,0.4,1.6,"{""0"": 2.0, ""1"": 1.0, ""2"": 1.0, ""3"": 1.0, ""4"": 0.0}"
minimax-cn-coding-plan,MiniMax-M3,tsp,slots8,relational_qp,restarts,restarts,lower,5,6.0,6.0,5.2,6.8,"{""0"": 7.0, ""1"": 5.0, ""2"": 6.0, ""3"": 5.0, ""4"": 7.0}"
minimax-cn-coding-plan,MiniMax-M3,tsp,slots8,relational_qp_rr,validation_selected_test_loss,validation-selected mean test loss,lower,5,0.0595154545926295,0.052108111771053,0.05199454775822189,0.0681323212126689,"{""0"": 0.07353049598430739, ""1"": 0.0680063516977589, ""2"": 0.05206376641266345, ""3"": 0.052108111771053, ""4"": 0.05186854709736476}"
minimax-cn-coding-plan,MiniMax-M3,tsp,slots8,relational_qp_rr,validation_selected_test_valid,validation-selected rule has valid test execution,higher,5,1.0,1.0,1.0,1.0,"{""0"": 1.0, ""1"": 1.0, ""2"": 1.0, ""3"": 1.0, ""4"": 1.0}"
minimax-cn-coding-plan,MiniMax-M3,tsp,slots8,relational_qp_rr,common_gate_test_behavior_modes,test behavior modes within common quality gate,higher,5,2.2,2.0,1.2,3.2,"{""0"": 1.0, ""1"": 4.0, ""2"": 1.0, ""3"": 3.0, ""4"": 2.0}"
minimax-cn-coding-plan,MiniMax-M3,tsp,slots8,relational_qp_rr,common_gate_test_eligible_size,test-eligible common-gate archive size,higher,5,2.6,3.0,1.4,3.8,"{""0"": 1.0, ""1"": 5.0, ""2"": 1.0, ""3"": 3.0, ""4"": 3.0}"
minimax-cn-coding-plan,MiniMax-M3,tsp,slots8,relational_qp_rr,valid_fraction,valid generated fraction,higher,5,1.0,1.0,1.0,1.0,"{""0"": 1.0, ""1"": 1.0, ""2"": 1.0, ""3"": 1.0, ""4"": 1.0}"
minimax-cn-coding-plan,MiniMax-M3,tsp,slots8,relational_qp_rr,tokens_used,reported input plus output tokens,lower,5,32376.2,32300.0,30434.0,34318.4,"{""0"": 34971.0, ""1"": 32300.0, ""2"": 34675.0, ""3"": 29554.0, ""4"": 30381.0}"
minimax-cn-coding-plan,MiniMax-M3,tsp,slots8,relational_qp_rr,token_budget_valid,valid hard-token-ceiling run,higher,0,,,,,{}
minimax-cn-coding-plan,MiniMax-M3,tsp,slots8,relational_qp_rr,learned_selector_test_loss,validation-fitted selector mean test loss,lower,5,0.05678072866737068,0.05331990485278201,0.051504306592387084,0.06544625953169722,"{""0"": 0.07353049598430737, ""1"": 0.05331990485278201, ""2"": 0.05206376641266345, ""3"": 0.05475533085601489, ""4"": 0.050234145231085686}"
minimax-cn-coding-plan,MiniMax-M3,tsp,slots8,relational_qp_rr,selector_gain_vs_single,selector improvement over validation-selected single rule,higher,5,0.0027347259252588144,0.0,-0.0012614510777213192,0.008811868106986132,"{""0"": 0.0, ""1"": 0.014686446844976886, ""2"": 0.0, ""3"": -0.002647219084961891, ""4"": 0.0016344018662790769}"
minimax-cn-coding-plan,MiniMax-M3,tsp,slots8,relational_qp_rr,selector_seconds_per_instance,selector feature and prediction seconds per test instance,lower,5,0.0018976061126320728,0.0019035388896655706,0.0018007783355036128,0.0020019716680205113,"{""0"": 0.0020900444457462677, ""1"": 0.0019035388896655706, ""2"": 0.0019318333361297846, ""3"": 0.0017547222248847699, ""4"": 0.0018078916667339702}"
minimax-cn-coding-plan,MiniMax-M3,tsp,slots8,relational_qp_rr,oracle_gain_upper_bound,test-instance oracle gain (upper bound only),higher,5,0.014527924806206493,0.014356841868391992,0.0028713683736783986,0.026248708284144696,"{""0"": 0.0, ""1"": 0.03648037962904149, ""2"": 0.0, ""3"": 0.021802402533598983, ""4"": 0.014356841868391992}"
minimax-cn-coding-plan,MiniMax-M3,tsp,slots8,relational_qp_rr,parent_improvements,parent improvements,higher,5,1.0,1.0,0.2,1.8,"{""0"": 2.0, ""1"": 2.0, ""2"": 0.0, ""3"": 1.0, ""4"": 0.0}"
minimax-cn-coding-plan,MiniMax-M3,tsp,slots8,relational_qp_rr,neighborhood_improvements,behavior-neighborhood improvements,higher,5,1.4,2.0,0.4,2.4,"{""0"": 3.0, ""1"": 2.0, ""2"": 0.0, ""3"": 0.0, ""4"": 2.0}"
minimax-cn-coding-plan,MiniMax-M3,tsp,slots8,relational_qp_rr,productive_collisions,productive behavior collisions,higher,5,1.4,2.0,0.4,2.4,"{""0"": 2.0, ""1"": 3.0, ""2"": 0.0, ""3"": 0.0, ""4"": 2.0}"
minimax-cn-coding-plan,MiniMax-M3,tsp,slots8,relational_qp_rr,unproductive_collisions,unproductive behavior collisions,lower,5,1.4,1.0,0.6,2.4,"{""0"": 2.0, ""1"": 1.0, ""2"": 3.0, ""3"": 0.0, ""4"": 1.0}"
minimax-cn-coding-plan,MiniMax-M3,tsp,slots8,relational_qp_rr,restarts,restarts,lower,5,5.8,6.0,5.2,6.4,"{""0"": 6.0, ""1"": 5.0, ""2"": 7.0, ""3"": 5.0, ""4"": 6.0}"
minimax-cn-coding-plan,MiniMax-M3,tsp,slots8,relational_rr,validation_selected_test_loss,validation-selected mean test loss,lower,5,0.0552454814933501,0.05206376641266345,0.051104858319039895,0.06049882832760829,"{""0"": 0.06409610803892883, ""1"": 0.058337270423890204, ""2"": 0.05206376641266345, ""3"": 0.049861715493903246, ""4"": 0.05186854709736476}"
minimax-cn-coding-plan,MiniMax-M3,tsp,slots8,relational_rr,validation_selected_test_valid,validation-selected rule has valid test execution,higher,5,1.0,1.0,1.0,1.0,"{""0"": 1.0, ""1"": 1.0, ""2"": 1.0, ""3"": 1.0, ""4"": 1.0}"
minimax-cn-coding-plan,MiniMax-M3,tsp,slots8,relational_rr,common_gate_test_behavior_modes,test behavior modes within common quality gate,higher,5,2.8,3.0,1.4,4.2,"{""0"": 1.0, ""1"": 3.0, ""2"": 1.0, ""3"": 5.0, ""4"": 4.0}"
minimax-cn-coding-plan,MiniMax-M3,tsp,slots8,relational_rr,common_gate_test_eligible_size,test-eligible common-gate archive size,higher,5,2.8,3.0,1.4,4.2,"{""0"": 1.0, ""1"": 3.0, ""2"": 1.0, ""3"": 5.0, ""4"": 4.0}"
minimax-cn-coding-plan,MiniMax-M3,tsp,slots8,relational_rr,valid_fraction,valid generated fraction,higher,5,0.975,1.0,0.925,1.0,"{""0"": 0.875, ""1"": 1.0, ""2"": 1.0, ""3"": 1.0, ""4"": 1.0}"
minimax-cn-coding-plan,MiniMax-M3,tsp,slots8,relational_rr,tokens_used,reported input plus output tokens,lower,5,29987.2,29930.0,27631.6,32342.8,"{""0"": 27376.0, ""1"": 32648.0, ""2"": 33244.0, ""3"": 26738.0, ""4"": 29930.0}"
minimax-cn-coding-plan,MiniMax-M3,tsp,slots8,relational_rr,token_budget_valid,valid hard-token-ceiling run,higher,0,,,,,{}
minimax-cn-coding-plan,MiniMax-M3,tsp,slots8,relational_rr,learned_selector_test_loss,validation-fitted selector mean test loss,lower,5,0.053755235119190184,0.05206376641266345,0.04653032127252009,0.06098014896586027,"{""0"": 0.06409610803892882, ""1"": 0.06232238116939014, ""2"": 0.05206376641266345, ""3"": 0.042503362426823496, ""4"": 0.04779055754814501}"
minimax-cn-coding-plan,MiniMax-M3,tsp,slots8,relational_rr,selector_gain_vs_single,selector improvement over validation-selected single rule,higher,5,0.0014902463741599133,0.0,-0.0015940442981999732,0.005089660304563813,"{""0"": 0.0, ""1"": -0.003985110745499933, ""2"": 0.0, ""3"": 0.0073583530670797495, ""4"": 0.00407798954921975}"
minimax-cn-coding-plan,MiniMax-M3,tsp,slots8,relational_rr,selector_seconds_per_instance,selector feature and prediction seconds per test instance,lower,5,0.002160928334342316,0.0017954083321253872,0.001757588333890049,0.0029354583349130636,"{""0"": 0.0018060972247945352, ""1"": 0.0017505861113830986, ""2"": 0.0037068694461292275, ""3"": 0.0017954083321253872, ""4"": 0.0017456805572793302}"
minimax-cn-coding-plan,MiniMax-M3,tsp,slots8,relational_rr,oracle_gain_upper_bound,test-instance oracle gain (upper bound only),higher,5,0.01312789122516744,0.013756268016348633,0.0027512536032697267,0.023504528847065154,"{""0"": 0.0, ""1"": 0.029620052043491652, ""2"": 0.0, ""3"": 0.02226313606599692, ""4"": 0.013756268016348633}"
minimax-cn-coding-plan,MiniMax-M3,tsp,slots8,relational_rr,parent_improvements,parent improvements,higher,5,0.4,0.0,0.0,0.8,"{""0"": 0.0, ""1"": 1.0, ""2"": 0.0, ""3"": 1.0, ""4"": 0.0}"
minimax-cn-coding-plan,MiniMax-M3,tsp,slots8,relational_rr,neighborhood_improvements,behavior-neighborhood improvements,higher,5,0.6,1.0,0.2,1.0,"{""0"": 1.0, ""1"": 1.0, ""2"": 0.0, ""3"": 0.0, ""4"": 1.0}"
minimax-cn-coding-plan,MiniMax-M3,tsp,slots8,relational_rr,productive_collisions,productive behavior collisions,higher,5,0.4,0.0,0.0,0.8,"{""0"": 1.0, ""1"": 1.0, ""2"": 0.0, ""3"": 0.0, ""4"": 0.0}"
minimax-cn-coding-plan,MiniMax-M3,tsp,slots8,relational_rr,unproductive_collisions,unproductive behavior collisions,lower,5,0.4,0.0,0.0,0.8,"{""0"": 0.0, ""1"": 0.0, ""2"": 0.0, ""3"": 1.0, ""4"": 1.0}"
minimax-cn-coding-plan,MiniMax-M3,tsp,slots8,relational_rr,restarts,restarts,lower,5,6.2,6.0,5.6,6.8,"{""0"": 7.0, ""1"": 6.0, ""2"": 7.0, ""3"": 5.0, ""4"": 6.0}"
minimax-cn-coding-plan,MiniMax-M3,tsp,tokens30000,niche,validation_selected_test_loss,validation-selected mean test loss,lower,5,0.04716958909168338,0.05186854709736476,0.03666080716982291,0.05644866113595344,"{""0"": 0.05240714875845718, ""1"": 0.030621346810096355, ""2"": 0.038170672259754554, ""3"": 0.06278023053274404, ""4"": 0.05186854709736476}"
minimax-cn-coding-plan,MiniMax-M3,tsp,tokens30000,niche,validation_selected_test_valid,validation-selected rule has valid test execution,higher,5,1.0,1.0,1.0,1.0,"{""0"": 1.0, ""1"": 1.0, ""2"": 1.0, ""3"": 1.0, ""4"": 1.0}"
minimax-cn-coding-plan,MiniMax-M3,tsp,tokens30000,niche,common_gate_test_behavior_modes,test behavior modes within common quality gate,higher,5,4.0,4.0,2.4,5.6,"{""0"": 7.0, ""1"": 5.0, ""2"": 4.0, ""3"": 2.0, ""4"": 2.0}"
minimax-cn-coding-plan,MiniMax-M3,tsp,tokens30000,niche,common_gate_test_eligible_size,test-eligible common-gate archive size,higher,5,4.6,6.0,2.8,6.4,"{""0"": 7.0, ""1"": 6.0, ""2"": 6.0, ""3"": 2.0, ""4"": 2.0}"
minimax-cn-coding-plan,MiniMax-M3,tsp,tokens30000,niche,valid_fraction,valid generated fraction,higher,5,0.975,1.0,0.925,1.0,"{""0"": 1.0, ""1"": 1.0, ""2"": 1.0, ""3"": 0.875, ""4"": 1.0}"
minimax-cn-coding-plan,MiniMax-M3,tsp,tokens30000,niche,tokens_used,reported input plus output tokens,lower,5,22556.4,22663.0,21602.6,23510.2,"{""0"": 22663.0, ""1"": 23745.0, ""2"": 23699.0, ""3"": 21494.0, ""4"": 21181.0}"
minimax-cn-coding-plan,MiniMax-M3,tsp,tokens30000,niche,token_budget_valid,valid hard-token-ceiling run,higher,5,1.0,1.0,1.0,1.0,"{""0"": 1.0, ""1"": 1.0, ""2"": 1.0, ""3"": 1.0, ""4"": 1.0}"
minimax-cn-coding-plan,MiniMax-M3,tsp,tokens30000,niche,learned_selector_test_loss,validation-fitted selector mean test loss,lower,5,0.05603252274659487,0.05888051139194306,0.04758905902730474,0.0634901711645868,"{""0"": 0.0687241520115735, ""1"": 0.05888051139194306, ""2"": 0.04037581497385612, ""3"": 0.05978424695933119, ""4"": 0.052397888396270485}"
minimax-cn-coding-plan,MiniMax-M3,tsp,tokens30000,niche,selector_gain_vs_single,selector improvement over validation-selected single rule,higher,5,-0.008862933654911493,-0.002205142714101563,-0.02032476765951243,0.0005456283669825368,"{""0"": -0.016317003253116323, ""1"": -0.028259164581846703, ""2"": -0.002205142714101563, ""3"": 0.0029959835734128457, ""4"": -0.0005293412989057222}"
minimax-cn-coding-plan,MiniMax-M3,tsp,tokens30000,niche,selector_seconds_per_instance,selector feature and prediction seconds per test instance,lower,5,0.0018925988878537383,0.0018151305557694286,0.0017569405544135305,0.002101448888424784,"{""0"": 0.0018295222220735417, ""1"": 0.0018126638864891396, ""2"": 0.001713349998074894, ""3"": 0.0022923277768616876, ""4"": 0.0018151305557694286}"
minimax-cn-coding-plan,MiniMax-M3,tsp,tokens30000,niche,oracle_gain_upper_bound,test-instance oracle gain (upper bound only),higher,5,0.014517083185352744,0.010363434411881641,0.008409001009307016,0.021737366653441118,"{""0"": 0.02020831747086562, ""1"": 0.010363434411881641, ""2"": 0.009959879616270748, ""3"": 0.02617287872668974, ""4"": 0.005880905701055969}"
minimax-cn-coding-plan,MiniMax-M3,tsp,tokens30000,niche,parent_improvements,parent improvements,higher,5,2.2,2.0,0.8,3.6,"{""0"": 4.0, ""1"": 4.0, ""2"": 2.0, ""3"": 1.0, ""4"": 0.0}"
minimax-cn-coding-plan,MiniMax-M3,tsp,tokens30000,niche,neighborhood_improvements,behavior-neighborhood improvements,higher,5,0.8,1.0,0.2,1.4,"{""0"": 1.0, ""1"": 2.0, ""2"": 0.0, ""3"": 0.0, ""4"": 1.0}"
minimax-cn-coding-plan,MiniMax-M3,tsp,tokens30000,niche,productive_collisions,productive behavior collisions,higher,5,1.0,1.0,0.2,2.0,"{""0"": 1.0, ""1"": 3.0, ""2"": 0.0, ""3"": 0.0, ""4"": 1.0}"
minimax-cn-coding-plan,MiniMax-M3,tsp,tokens30000,niche,unproductive_collisions,unproductive behavior collisions,lower,5,1.4,0.0,0.0,3.8,"{""0"": 1.0, ""1"": 0.0, ""2"": 0.0, ""3"": 0.0, ""4"": 6.0}"
minimax-cn-coding-plan,MiniMax-M3,tsp,tokens30000,niche,restarts,restarts,lower,5,1.0,1.0,1.0,1.0,"{""0"": 1.0, ""1"": 1.0, ""2"": 1.0, ""3"": 1.0, ""4"": 1.0}"
minimax-cn-coding-plan,MiniMax-M3,tsp,tokens30000,relational,validation_selected_test_loss,validation-selected mean test loss,lower,5,0.06119247611566603,0.06126060245883437,0.053825045895778155,0.06976233983511561,"{""0"": 0.07798923407672351, ""1"": 0.06126060245883437, ""2"": 0.05206376641266345, ""3"": 0.06278023053274404, ""4"": 0.05186854709736476}"
minimax-cn-coding-plan,MiniMax-M3,tsp,tokens30000,relational,validation_selected_test_valid,validation-selected rule has valid test execution,higher,5,1.0,1.0,1.0,1.0,"{""0"": 1.0, ""1"": 1.0, ""2"": 1.0, ""3"": 1.0, ""4"": 1.0}"
minimax-cn-coding-plan,MiniMax-M3,tsp,tokens30000,relational,common_gate_test_behavior_modes,test behavior modes within common quality gate,higher,5,2.0,1.0,1.0,3.2,"{""0"": 3.0, ""1"": 4.0, ""2"": 1.0, ""3"": 1.0, ""4"": 1.0}"
minimax-cn-coding-plan,MiniMax-M3,tsp,tokens30000,relational,common_gate_test_eligible_size,test-eligible common-gate archive size,higher,5,2.0,1.0,1.0,3.2,"{""0"": 3.0, ""1"": 4.0, ""2"": 1.0, ""3"": 1.0, ""4"": 1.0}"
minimax-cn-coding-plan,MiniMax-M3,tsp,tokens30000,relational,valid_fraction,valid generated fraction,higher,5,1.0,1.0,1.0,1.0,"{""0"": 1.0, ""1"": 1.0, ""2"": 1.0, ""3"": 1.0, ""4"": 1.0}"
minimax-cn-coding-plan,MiniMax-M3,tsp,tokens30000,relational,tokens_used,reported input plus output tokens,lower,5,21823.8,21674.0,20942.0,22705.6,"{""0"": 20988.0, ""1"": 23076.0, ""2"": 22851.0, ""3"": 21674.0, ""4"": 20530.0}"
minimax-cn-coding-plan,MiniMax-M3,tsp,tokens30000,relational,token_budget_valid,valid hard-token-ceiling run,higher,5,1.0,1.0,1.0,1.0,"{""0"": 1.0, ""1"": 1.0, ""2"": 1.0, ""3"": 1.0, ""4"": 1.0}"
minimax-cn-coding-plan,MiniMax-M3,tsp,tokens30000,relational,learned_selector_test_loss,validation-fitted selector mean test loss,lower,5,0.06054619854451855,0.057674013501132486,0.05470784323446556,0.06663356207187579,"{""0"": 0.06998968911764172, ""1"": 0.06713468876822087, ""2"": 0.057674013501132486, ""3"": 0.056064054238232894, ""4"": 0.05186854709736476}"
minimax-cn-coding-plan,MiniMax-M3,tsp,tokens30000,relational,selector_gain_vs_single,selector improvement over validation-selected single rule,higher,5,0.00064627757114748,0.0,-0.004593733359142216,0.005886288501437176,"{""0"": 0.007999544959081797, ""1"": -0.005874086309386503, ""2"": -0.005610247088469036, ""3"": 0.006716176294511142, ""4"": 0.0}"
minimax-cn-coding-plan,MiniMax-M3,tsp,tokens30000,relational,selector_seconds_per_instance,selector feature and prediction seconds per test instance,lower,5,0.0020288566664223456,0.0018385749976409392,0.0017955838890177094,0.002399728334017305,"{""0"": 0.0018095944445425023, ""1"": 0.0018385749976409392, ""2"": 0.0027512638900791192, ""3"": 0.0017600777791813016, ""4"": 0.0019847722206678656}"
minimax-cn-coding-plan,MiniMax-M3,tsp,tokens30000,relational,oracle_gain_upper_bound,test-instance oracle gain (upper bound only),higher,5,0.017777058892896307,0.02425692158439087,0.007045104305965171,0.027810823167738558,"{""0"": 0.029402851350264825, ""1"": 0.02425692158439087, ""2"": 0.007229775752939718, ""3"": 0.027995745776886134, ""4"": 0.0}"
minimax-cn-coding-plan,MiniMax-M3,tsp,tokens30000,relational,parent_improvements,parent improvements,higher,5,0.2,0.0,0.0,0.6,"{""0"": 0.0, ""1"": 1.0, ""2"": 0.0, ""3"": 0.0, ""4"": 0.0}"
minimax-cn-coding-plan,MiniMax-M3,tsp,tokens30000,relational,neighborhood_improvements,behavior-neighborhood improvements,higher,5,0.4,0.0,0.0,0.8,"{""0"": 0.0, ""1"": 1.0, ""2"": 0.0, ""3"": 1.0, ""4"": 0.0}"
minimax-cn-coding-plan,MiniMax-M3,tsp,tokens30000,relational,productive_collisions,productive behavior collisions,higher,5,0.4,0.0,0.0,0.8,"{""0"": 0.0, ""1"": 1.0, ""2"": 0.0, ""3"": 1.0, ""4"": 0.0}"
minimax-cn-coding-plan,MiniMax-M3,tsp,tokens30000,relational,unproductive_collisions,unproductive behavior collisions,lower,5,0.8,0.0,0.0,1.6,"{""0"": 2.0, ""1"": 0.0, ""2"": 2.0, ""3"": 0.0, ""4"": 0.0}"
minimax-cn-coding-plan,MiniMax-M3,tsp,tokens30000,relational,restarts,restarts,lower,5,5.4,5.0,5.0,5.8,"{""0"": 6.0, ""1"": 5.0, ""2"": 6.0, ""3"": 5.0, ""4"": 5.0}"
minimax-cn-coding-plan,MiniMax-M3,tsp,tokens30000,relational_qp,validation_selected_test_loss,validation-selected mean test loss,lower,5,0.06181031408894431,0.05895714589331033,0.05336435458267334,0.0708408691214987,"{""0"": 0.07798923407672351, ""1"": 0.06817287696465951, ""2"": 0.05206376641266345, ""3"": 0.05895714589331033, ""4"": 0.05186854709736476}"
minimax-cn-coding-plan,MiniMax-M3,tsp,tokens30000,relational_qp,validation_selected_test_valid,validation-selected rule has valid test execution,higher,5,1.0,1.0,1.0,1.0,"{""0"": 1.0, ""1"": 1.0, ""2"": 1.0, ""3"": 1.0, ""4"": 1.0}"
minimax-cn-coding-plan,MiniMax-M3,tsp,tokens30000,relational_qp,common_gate_test_behavior_modes,test behavior modes within common quality gate,higher,5,2.2,1.0,1.0,3.8,"{""0"": 1.0, ""1"": 5.0, ""2"": 1.0, ""3"": 3.0, ""4"": 1.0}"
minimax-cn-coding-plan,MiniMax-M3,tsp,tokens30000,relational_qp,common_gate_test_eligible_size,test-eligible common-gate archive size,higher,5,2.2,1.0,1.0,3.8,"{""0"": 1.0, ""1"": 5.0, ""2"": 1.0, ""3"": 3.0, ""4"": 1.0}"
minimax-cn-coding-plan,MiniMax-M3,tsp,tokens30000,relational_qp,valid_fraction,valid generated fraction,higher,5,1.0,1.0,1.0,1.0,"{""0"": 1.0, ""1"": 1.0, ""2"": 1.0, ""3"": 1.0, ""4"": 1.0}"
minimax-cn-coding-plan,MiniMax-M3,tsp,tokens30000,relational_qp,tokens_used,reported input plus output tokens,lower,5,20323.2,19606.0,19500.4,21208.8,"{""0"": 21729.0, ""1"": 19524.0, ""2"": 21333.0, ""3"": 19606.0, ""4"": 19424.0}"
minimax-cn-coding-plan,MiniMax-M3,tsp,tokens30000,relational_qp,token_budget_valid,valid hard-token-ceiling run,higher,5,1.0,1.0,1.0,1.0,"{""0"": 1.0, ""1"": 1.0, ""2"": 1.0, ""3"": 1.0, ""4"": 1.0}"
minimax-cn-coding-plan,MiniMax-M3,tsp,tokens30000,relational_qp,learned_selector_test_loss,validation-fitted selector mean test loss,lower,5,0.06216115141014276,0.05895714589331033,0.05336435458267334,0.07119170644269715,"{""0"": 0.07798923407672352, ""1"": 0.06992706357065173, ""2"": 0.05206376641266345, ""3"": 0.05895714589331033, ""4"": 0.05186854709736476}"
minimax-cn-coding-plan,MiniMax-M3,tsp,tokens30000,relational_qp,selector_gain_vs_single,selector improvement over validation-selected single rule,higher,5,-0.0003508373211984411,0.0,-0.0010525119635953234,0.0,"{""0"": 0.0, ""1"": -0.0017541866059922057, ""2"": 0.0, ""3"": 0.0, ""4"": 0.0}"
minimax-cn-coding-plan,MiniMax-M3,tsp,tokens30000,relational_qp,selector_seconds_per_instance,selector feature and prediction seconds per test instance,lower,5,0.002028566111888116,0.0019147083318481843,0.0018373061113783884,0.002219826112397843,"{""0"": 0.0022906111132922685, ""1"": 0.002301600001778247, ""2"": 0.0018658333348058579, ""3"": 0.0017700777777160208, ""4"": 0.0019147083318481843}"
minimax-cn-coding-plan,MiniMax-M3,tsp,tokens30000,relational_qp,oracle_gain_upper_bound,test-instance oracle gain (upper bound only),higher,5,0.011012131083272416,0.0,0.0,0.023475115166162373,"{""0"": 0.0, ""1"": 0.031157460207224888, ""2"": 0.0, ""3"": 0.023903195209137196, ""4"": 0.0}"
minimax-cn-coding-plan,MiniMax-M3,tsp,tokens30000,relational_qp,parent_improvements,parent improvements,higher,5,0.4,0.0,0.0,0.8,"{""0"": 0.0, ""1"": 1.0, ""2"": 0.0, ""3"": 1.0, ""4"": 0.0}"
minimax-cn-coding-plan,MiniMax-M3,tsp,tokens30000,relational_qp,neighborhood_improvements,behavior-neighborhood improvements,higher,5,0.6,0.0,0.0,1.4,"{""0"": 0.0, ""1"": 2.0, ""2"": 0.0, ""3"": 0.0, ""4"": 1.0}"
minimax-cn-coding-plan,MiniMax-M3,tsp,tokens30000,relational_qp,productive_collisions,productive behavior collisions,higher,5,0.4,0.0,0.0,1.2,"{""0"": 0.0, ""1"": 2.0, ""2"": 0.0, ""3"": 0.0, ""4"": 0.0}"
minimax-cn-coding-plan,MiniMax-M3,tsp,tokens30000,relational_qp,unproductive_collisions,unproductive behavior collisions,lower,5,0.6,0.0,0.0,1.4,"{""0"": 2.0, ""1"": 0.0, ""2"": 0.0, ""3"": 0.0, ""4"": 1.0}"
minimax-cn-coding-plan,MiniMax-M3,tsp,tokens30000,relational_qp,restarts,restarts,lower,5,4.8,5.0,3.8,5.8,"{""0"": 6.0, ""1"": 3.0, ""2"": 6.0, ""3"": 4.0, ""4"": 5.0}"
minimax-cn-coding-plan,MiniMax-M3,tsp,tokens30000,relational_qp_rr,validation_selected_test_loss,validation-selected mean test loss,lower,5,0.06222999769095816,0.06126060245883437,0.053825045895778155,0.07079986141040773,"{""0"": 0.07798923407672351, ""1"": 0.06126060245883437, ""2"": 0.05206376641266345, ""3"": 0.06796783840920469, ""4"": 0.05186854709736476}"
minimax-cn-coding-plan,MiniMax-M3,tsp,tokens30000,relational_qp_rr,validation_selected_test_valid,validation-selected rule has valid test execution,higher,5,1.0,1.0,1.0,1.0,"{""0"": 1.0, ""1"": 1.0, ""2"": 1.0, ""3"": 1.0, ""4"": 1.0}"
minimax-cn-coding-plan,MiniMax-M3,tsp,tokens30000,relational_qp_rr,common_gate_test_behavior_modes,test behavior modes within common quality gate,higher,5,2.4,2.0,1.6,3.4,"{""0"": 2.0, ""1"": 3.0, ""2"": 2.0, ""3"": 4.0, ""4"": 1.0}"
minimax-cn-coding-plan,MiniMax-M3,tsp,tokens30000,relational_qp_rr,common_gate_test_eligible_size,test-eligible common-gate archive size,higher,5,2.4,2.0,1.6,3.4,"{""0"": 2.0, ""1"": 3.0, ""2"": 2.0, ""3"": 4.0, ""4"": 1.0}"
minimax-cn-coding-plan,MiniMax-M3,tsp,tokens30000,relational_qp_rr,valid_fraction,valid generated fraction,higher,5,1.0,1.0,1.0,1.0,"{""0"": 1.0, ""1"": 1.0, ""2"": 1.0, ""3"": 1.0, ""4"": 1.0}"
minimax-cn-coding-plan,MiniMax-M3,tsp,tokens30000,relational_qp_rr,tokens_used,reported input plus output tokens,lower,5,20522.2,20917.0,19966.6,21030.2,"{""0"": 21022.0, ""1"": 19617.0, ""2"": 21095.0, ""3"": 20917.0, ""4"": 19960.0}"
minimax-cn-coding-plan,MiniMax-M3,tsp,tokens30000,relational_qp_rr,token_budget_valid,valid hard-token-ceiling run,higher,5,1.0,1.0,1.0,1.0,"{""0"": 1.0, ""1"": 1.0, ""2"": 1.0, ""3"": 1.0, ""4"": 1.0}"
minimax-cn-coding-plan,MiniMax-M3,tsp,tokens30000,relational_qp_rr,learned_selector_test_loss,validation-fitted selector mean test loss,lower,5,0.06285912782807057,0.06330647582914678,0.054377701352118876,0.07208958069967597,"{""0"": 0.08066364364226929, ""1"": 0.06330647582914678, ""2"": 0.05242246836835903, ""3"": 0.06603450420321298, ""4"": 0.05186854709736476}"
minimax-cn-coding-plan,MiniMax-M3,tsp,tokens30000,relational_qp_rr,selector_gain_vs_single,selector improvement over validation-selected single rule,higher,5,-0.0006291301371124103,-0.00035870195569558116,-0.002013820413389941,0.000750825849532541,"{""0"": -0.0026744095655457656, ""1"": -0.0020458733703124093, ""2"": -0.00035870195569558116, ""3"": 0.0019333342059917047, ""4"": 0.0}"
minimax-cn-coding-plan,MiniMax-M3,tsp,tokens30000,relational_qp_rr,selector_seconds_per_instance,selector feature and prediction seconds per test instance,lower,5,0.0021781111110208765,0.0018248222218567713,0.0018069111101794988,0.0025505944446194916,"{""0"": 0.0017946722218766809, ""1"": 0.0018101944426436806, ""2"": 0.0018248222218567713, ""3"": 0.0027409555558632645, ""4"": 0.0027199111128639844}"
minimax-cn-coding-plan,MiniMax-M3,tsp,tokens30000,relational_qp_rr,oracle_gain_upper_bound,test-instance oracle gain (upper bound only),higher,5,0.015656713579050373,0.019843084964845097,0.006419740911879875,0.024077995196856678,"{""0"": 0.008167037420687626, ""1"": 0.019843084964845097, ""2"": 0.023931667138711747, ""3"": 0.026341778371007395, ""4"": 0.0}"
minimax-cn-coding-plan,MiniMax-M3,tsp,tokens30000,relational_qp_rr,parent_improvements,parent improvements,higher,5,0.4,0.0,0.0,0.8,"{""0"": 0.0, ""1"": 1.0, ""2"": 0.0, ""3"": 1.0, ""4"": 0.0}"
minimax-cn-coding-plan,MiniMax-M3,tsp,tokens30000,relational_qp_rr,neighborhood_improvements,behavior-neighborhood improvements,higher,5,0.8,1.0,0.2,1.4,"{""0"": 2.0, ""1"": 1.0, ""2"": 1.0, ""3"": 0.0, ""4"": 0.0}"
minimax-cn-coding-plan,MiniMax-M3,tsp,tokens30000,relational_qp_rr,productive_collisions,productive behavior collisions,higher,5,0.6,1.0,0.2,1.0,"{""0"": 1.0, ""1"": 1.0, ""2"": 1.0, ""3"": 0.0, ""4"": 0.0}"
minimax-cn-coding-plan,MiniMax-M3,tsp,tokens30000,relational_qp_rr,unproductive_collisions,unproductive behavior collisions,lower,5,0.6,0.0,0.0,1.4,"{""0"": 2.0, ""1"": 0.0, ""2"": 0.0, ""3"": 1.0, ""4"": 0.0}"
minimax-cn-coding-plan,MiniMax-M3,tsp,tokens30000,relational_qp_rr,restarts,restarts,lower,5,4.6,5.0,3.6,5.4,"{""0"": 6.0, ""1"": 3.0, ""2"": 5.0, ""3"": 4.0, ""4"": 5.0}"
minimax-cn-coding-plan,MiniMax-M3,tsp,tokens30000,relational_rr,validation_selected_test_loss,validation-selected mean test loss,lower,5,0.06413661233207986,0.05888835255435846,0.05335059591488298,0.07492262874927674,"{""0"": 0.07798923407672351, ""1"": 0.05888835255435846, ""2"": 0.05206376641266345, ""3"": 0.07987316151928911, ""4"": 0.05186854709736476}"
minimax-cn-coding-plan,MiniMax-M3,tsp,tokens30000,relational_rr,validation_selected_test_valid,validation-selected rule has valid test execution,higher,5,1.0,1.0,1.0,1.0,"{""0"": 1.0, ""1"": 1.0, ""2"": 1.0, ""3"": 1.0, ""4"": 1.0}"
minimax-cn-coding-plan,MiniMax-M3,tsp,tokens30000,relational_rr,common_gate_test_behavior_modes,test behavior modes within common quality gate,higher,5,1.8,1.0,1.0,2.6,"{""0"": 1.0, ""1"": 3.0, ""2"": 1.0, ""3"": 3.0, ""4"": 1.0}"
minimax-cn-coding-plan,MiniMax-M3,tsp,tokens30000,relational_rr,common_gate_test_eligible_size,test-eligible common-gate archive size,higher,5,1.8,1.0,1.0,2.6,"{""0"": 1.0, ""1"": 3.0, ""2"": 1.0, ""3"": 3.0, ""4"": 1.0}"
minimax-cn-coding-plan,MiniMax-M3,tsp,tokens30000,relational_rr,valid_fraction,valid generated fraction,higher,5,0.9666666666666666,1.0,0.9,1.0,"{""0"": 1.0, ""1"": 0.8333333333333334, ""2"": 1.0, ""3"": 1.0, ""4"": 1.0}"
minimax-cn-coding-plan,MiniMax-M3,tsp,tokens30000,relational_rr,tokens_used,reported input plus output tokens,lower,5,20275.8,21050.0,18965.2,21586.4,"{""0"": 18481.0, ""1"": 21175.0, ""2"": 18407.0, ""3"": 22266.0, ""4"": 21050.0}"
minimax-cn-coding-plan,MiniMax-M3,tsp,tokens30000,relational_rr,token_budget_valid,valid hard-token-ceiling run,higher,5,1.0,1.0,1.0,1.0,"{""0"": 1.0, ""1"": 1.0, ""2"": 1.0, ""3"": 1.0, ""4"": 1.0}"
minimax-cn-coding-plan,MiniMax-M3,tsp,tokens30000,relational_rr,learned_selector_test_loss,validation-fitted selector mean test loss,lower,5,0.06378554890366123,0.06691741029603539,0.05495640746321836,0.07261469034410409,"{""0"": 0.07798923407672352, ""1"": 0.070088786635519, ""2"": 0.05206376641266345, ""3"": 0.06691741029603539, ""4"": 0.05186854709736476}"
minimax-cn-coding-plan,MiniMax-M3,tsp,tokens30000,relational_rr,selector_gain_vs_single,selector improvement over validation-selected single rule,higher,5,0.0003510634284186381,0.0,-0.006720260448696327,0.007773450733952242,"{""0"": 0.0, ""1"": -0.011200434081160546, ""2"": 0.0, ""3"": 0.012955751223253736, ""4"": 0.0}"
minimax-cn-coding-plan,MiniMax-M3,tsp,tokens30000,relational_rr,selector_seconds_per_instance,selector feature and prediction seconds per test instance,lower,5,0.002009376666844926,0.0018125861113528824,0.0017715061115773604,0.002292239444149244,"{""0"": 0.0017529888912880172, ""1"": 0.0024899444445812455, ""2"": 0.001769483331978942, ""3"": 0.0022218805550235426, ""4"": 0.0018125861113528824}"
minimax-cn-coding-plan,MiniMax-M3,tsp,tokens30000,relational_rr,oracle_gain_upper_bound,test-instance oracle gain (upper bound only),higher,5,0.013609887539447318,0.0,0.0,0.029400580514113105,"{""0"": 0.0, ""1"": 0.028572705260572116, ""2"": 0.0, ""3"": 0.039476732436664476, ""4"": 0.0}"
minimax-cn-coding-plan,MiniMax-M3,tsp,tokens30000,relational_rr,parent_improvements,parent improvements,higher,5,0.2,0.0,0.0,0.6,"{""0"": 0.0, ""1"": 0.0, ""2"": 0.0, ""3"": 1.0, ""4"": 0.0}"
minimax-cn-coding-plan,MiniMax-M3,tsp,tokens30000,relational_rr,neighborhood_improvements,behavior-neighborhood improvements,higher,5,0.2,0.0,0.0,0.6,"{""0"": 1.0, ""1"": 0.0, ""2"": 0.0, ""3"": 0.0, ""4"": 0.0}"
minimax-cn-coding-plan,MiniMax-M3,tsp,tokens30000,relational_rr,productive_collisions,productive behavior collisions,higher,5,0.0,0.0,0.0,0.0,"{""0"": 0.0, ""1"": 0.0, ""2"": 0.0, ""3"": 0.0, ""4"": 0.0}"
minimax-cn-coding-plan,MiniMax-M3,tsp,tokens30000,relational_rr,unproductive_collisions,unproductive behavior collisions,lower,5,1.6,2.0,1.2,2.0,"{""0"": 2.0, ""1"": 2.0, ""2"": 1.0, ""3"": 1.0, ""4"": 2.0}"
minimax-cn-coding-plan,MiniMax-M3,tsp,tokens30000,relational_rr,restarts,restarts,lower,5,4.8,5.0,4.2,5.4,"{""0"": 5.0, ""1"": 4.0, ""2"": 5.0, ""3"": 4.0, ""4"": 6.0}"
