provider,model,task,regime,contrast,metric,direction,n_paired,mean_difference,bootstrap_95_low,bootstrap_95_high,block_differences
alibaba-token-plan-cn,qwen3.7-plus,binpack,slots8,relational_minus_niche,validation_selected_test_loss,lower,5,0.0,0.0,0.0,"{""0"": 0.0, ""1"": 0.0, ""2"": 0.0, ""3"": 0.0, ""4"": 0.0}"
alibaba-token-plan-cn,qwen3.7-plus,binpack,slots8,relational_minus_niche,validation_selected_test_valid,higher,5,0.0,0.0,0.0,"{""0"": 0.0, ""1"": 0.0, ""2"": 0.0, ""3"": 0.0, ""4"": 0.0}"
alibaba-token-plan-cn,qwen3.7-plus,binpack,slots8,relational_minus_niche,common_gate_test_behavior_modes,higher,5,-0.2,-1.2,0.6,"{""0"": -2.0, ""1"": 1.0, ""2"": 0.0, ""3"": 0.0, ""4"": 0.0}"
alibaba-token-plan-cn,qwen3.7-plus,binpack,slots8,relational_minus_niche,common_gate_test_eligible_size,higher,5,-0.2,-1.2,0.6,"{""0"": -2.0, ""1"": 1.0, ""2"": 0.0, ""3"": 0.0, ""4"": 0.0}"
alibaba-token-plan-cn,qwen3.7-plus,binpack,slots8,relational_minus_niche,valid_fraction,higher,5,-0.075,-0.175,0.0,"{""0"": 0.0, ""1"": -0.25, ""2"": -0.125, ""3"": 0.0, ""4"": 0.0}"
alibaba-token-plan-cn,qwen3.7-plus,binpack,slots8,relational_minus_niche,tokens_used,lower,5,11193.2,10618.8,11692.6,"{""0"": 10206.0, ""1"": 11021.0, ""2"": 11235.0, ""3"": 12049.0, ""4"": 11455.0}"
alibaba-token-plan-cn,qwen3.7-plus,binpack,slots8,relational_minus_niche,token_budget_valid,higher,0,,,,{}
alibaba-token-plan-cn,qwen3.7-plus,binpack,slots8,relational_minus_niche,learned_selector_test_loss,lower,0,,,,{}
alibaba-token-plan-cn,qwen3.7-plus,binpack,slots8,relational_minus_niche,selector_gain_vs_single,higher,0,,,,{}
alibaba-token-plan-cn,qwen3.7-plus,binpack,slots8,relational_minus_niche,selector_seconds_per_instance,lower,0,,,,{}
alibaba-token-plan-cn,qwen3.7-plus,binpack,slots8,relational_minus_niche,oracle_gain_upper_bound,higher,0,,,,{}
alibaba-token-plan-cn,qwen3.7-plus,binpack,slots8,relational_minus_niche,parent_improvements,higher,5,-2.0,-3.0,-1.2,"{""0"": -4.0, ""1"": -2.0, ""2"": -1.0, ""3"": -1.0, ""4"": -2.0}"
alibaba-token-plan-cn,qwen3.7-plus,binpack,slots8,relational_minus_niche,neighborhood_improvements,higher,5,0.0,0.0,0.0,"{""0"": 0.0, ""1"": 0.0, ""2"": 0.0, ""3"": 0.0, ""4"": 0.0}"
alibaba-token-plan-cn,qwen3.7-plus,binpack,slots8,relational_minus_niche,productive_collisions,higher,5,-1.8,-2.4,-1.2,"{""0"": -3.0, ""1"": -2.0, ""2"": -1.0, ""3"": -1.0, ""4"": -2.0}"
alibaba-token-plan-cn,qwen3.7-plus,binpack,slots8,relational_minus_niche,unproductive_collisions,lower,5,1.4,-0.2,3.4,"{""0"": 5.0, ""1"": -1.0, ""2"": 0.0, ""3"": 1.0, ""4"": 2.0}"
alibaba-token-plan-cn,qwen3.7-plus,binpack,slots8,relational_minus_niche,restarts,lower,5,6.0,6.0,6.0,"{""0"": 6.0, ""1"": 6.0, ""2"": 6.0, ""3"": 6.0, ""4"": 6.0}"
alibaba-token-plan-cn,qwen3.7-plus,binpack,slots8,relational_qp_minus_niche,validation_selected_test_loss,lower,5,0.0,0.0,0.0,"{""0"": 0.0, ""1"": 0.0, ""2"": 0.0, ""3"": 0.0, ""4"": 0.0}"
alibaba-token-plan-cn,qwen3.7-plus,binpack,slots8,relational_qp_minus_niche,validation_selected_test_valid,higher,5,0.0,0.0,0.0,"{""0"": 0.0, ""1"": 0.0, ""2"": 0.0, ""3"": 0.0, ""4"": 0.0}"
alibaba-token-plan-cn,qwen3.7-plus,binpack,slots8,relational_qp_minus_niche,common_gate_test_behavior_modes,higher,5,-0.2,-1.2,0.8,"{""0"": -2.0, ""1"": 0.0, ""2"": -1.0, ""3"": 1.0, ""4"": 1.0}"
alibaba-token-plan-cn,qwen3.7-plus,binpack,slots8,relational_qp_minus_niche,common_gate_test_eligible_size,higher,5,-0.2,-1.2,0.8,"{""0"": -2.0, ""1"": 0.0, ""2"": -1.0, ""3"": 1.0, ""4"": 1.0}"
alibaba-token-plan-cn,qwen3.7-plus,binpack,slots8,relational_qp_minus_niche,valid_fraction,higher,5,0.0,0.0,0.0,"{""0"": 0.0, ""1"": 0.0, ""2"": 0.0, ""3"": 0.0, ""4"": 0.0}"
alibaba-token-plan-cn,qwen3.7-plus,binpack,slots8,relational_qp_minus_niche,tokens_used,lower,5,11448.2,11003.0,11824.0,"{""0"": 10666.0, ""1"": 11900.0, ""2"": 11831.0, ""3"": 11658.0, ""4"": 11186.0}"
alibaba-token-plan-cn,qwen3.7-plus,binpack,slots8,relational_qp_minus_niche,token_budget_valid,higher,0,,,,{}
alibaba-token-plan-cn,qwen3.7-plus,binpack,slots8,relational_qp_minus_niche,learned_selector_test_loss,lower,0,,,,{}
alibaba-token-plan-cn,qwen3.7-plus,binpack,slots8,relational_qp_minus_niche,selector_gain_vs_single,higher,0,,,,{}
alibaba-token-plan-cn,qwen3.7-plus,binpack,slots8,relational_qp_minus_niche,selector_seconds_per_instance,lower,0,,,,{}
alibaba-token-plan-cn,qwen3.7-plus,binpack,slots8,relational_qp_minus_niche,oracle_gain_upper_bound,higher,0,,,,{}
alibaba-token-plan-cn,qwen3.7-plus,binpack,slots8,relational_qp_minus_niche,parent_improvements,higher,5,-1.8,-3.2,-0.6,"{""0"": -4.0, ""1"": -1.0, ""2"": 0.0, ""3"": -1.0, ""4"": -3.0}"
alibaba-token-plan-cn,qwen3.7-plus,binpack,slots8,relational_qp_minus_niche,neighborhood_improvements,higher,5,0.0,0.0,0.0,"{""0"": 0.0, ""1"": 0.0, ""2"": 0.0, ""3"": 0.0, ""4"": 0.0}"
alibaba-token-plan-cn,qwen3.7-plus,binpack,slots8,relational_qp_minus_niche,productive_collisions,higher,5,-1.6,-2.6,-0.6,"{""0"": -3.0, ""1"": -1.0, ""2"": 0.0, ""3"": -1.0, ""4"": -3.0}"
alibaba-token-plan-cn,qwen3.7-plus,binpack,slots8,relational_qp_minus_niche,unproductive_collisions,lower,5,1.6,0.2,3.4,"{""0"": 5.0, ""1"": 1.0, ""2"": 0.0, ""3"": 0.0, ""4"": 2.0}"
alibaba-token-plan-cn,qwen3.7-plus,binpack,slots8,relational_qp_minus_niche,restarts,lower,5,5.2,5.0,5.6,"{""0"": 5.0, ""1"": 5.0, ""2"": 5.0, ""3"": 5.0, ""4"": 6.0}"
alibaba-token-plan-cn,qwen3.7-plus,binpack,slots8,relational_rr_minus_niche,validation_selected_test_loss,lower,5,0.0,0.0,0.0,"{""0"": 0.0, ""1"": 0.0, ""2"": 0.0, ""3"": 0.0, ""4"": 0.0}"
alibaba-token-plan-cn,qwen3.7-plus,binpack,slots8,relational_rr_minus_niche,validation_selected_test_valid,higher,5,0.0,0.0,0.0,"{""0"": 0.0, ""1"": 0.0, ""2"": 0.0, ""3"": 0.0, ""4"": 0.0}"
alibaba-token-plan-cn,qwen3.7-plus,binpack,slots8,relational_rr_minus_niche,common_gate_test_behavior_modes,higher,5,0.2,-0.6,1.2,"{""0"": -1.0, ""1"": 0.0, ""2"": 0.0, ""3"": 2.0, ""4"": 0.0}"
alibaba-token-plan-cn,qwen3.7-plus,binpack,slots8,relational_rr_minus_niche,common_gate_test_eligible_size,higher,5,0.2,-0.6,1.2,"{""0"": -1.0, ""1"": 0.0, ""2"": 0.0, ""3"": 2.0, ""4"": 0.0}"
alibaba-token-plan-cn,qwen3.7-plus,binpack,slots8,relational_rr_minus_niche,valid_fraction,higher,5,-0.1,-0.2,0.0,"{""0"": 0.0, ""1"": -0.25, ""2"": 0.0, ""3"": -0.25, ""4"": 0.0}"
alibaba-token-plan-cn,qwen3.7-plus,binpack,slots8,relational_rr_minus_niche,tokens_used,lower,4,11324.5,10486.75,11947.5,"{""0"": 10009.0, ""2"": 11975.0, ""3"": 11920.0, ""4"": 11394.0}"
alibaba-token-plan-cn,qwen3.7-plus,binpack,slots8,relational_rr_minus_niche,token_budget_valid,higher,0,,,,{}
alibaba-token-plan-cn,qwen3.7-plus,binpack,slots8,relational_rr_minus_niche,learned_selector_test_loss,lower,0,,,,{}
alibaba-token-plan-cn,qwen3.7-plus,binpack,slots8,relational_rr_minus_niche,selector_gain_vs_single,higher,0,,,,{}
alibaba-token-plan-cn,qwen3.7-plus,binpack,slots8,relational_rr_minus_niche,selector_seconds_per_instance,lower,0,,,,{}
alibaba-token-plan-cn,qwen3.7-plus,binpack,slots8,relational_rr_minus_niche,oracle_gain_upper_bound,higher,0,,,,{}
alibaba-token-plan-cn,qwen3.7-plus,binpack,slots8,relational_rr_minus_niche,parent_improvements,higher,5,-2.4,-3.4,-1.6,"{""0"": -4.0, ""1"": -3.0, ""2"": -1.0, ""3"": -2.0, ""4"": -2.0}"
alibaba-token-plan-cn,qwen3.7-plus,binpack,slots8,relational_rr_minus_niche,neighborhood_improvements,higher,5,0.0,0.0,0.0,"{""0"": 0.0, ""1"": 0.0, ""2"": 0.0, ""3"": 0.0, ""4"": 0.0}"
alibaba-token-plan-cn,qwen3.7-plus,binpack,slots8,relational_rr_minus_niche,productive_collisions,higher,5,-2.2,-2.8,-1.6,"{""0"": -3.0, ""1"": -3.0, ""2"": -1.0, ""3"": -2.0, ""4"": -2.0}"
alibaba-token-plan-cn,qwen3.7-plus,binpack,slots8,relational_rr_minus_niche,unproductive_collisions,lower,5,1.0,-0.8,2.8,"{""0"": 4.0, ""1"": 1.0, ""2"": 0.0, ""3"": -2.0, ""4"": 2.0}"
alibaba-token-plan-cn,qwen3.7-plus,binpack,slots8,relational_rr_minus_niche,restarts,lower,5,5.8,5.4,6.0,"{""0"": 6.0, ""1"": 6.0, ""2"": 6.0, ""3"": 5.0, ""4"": 6.0}"
alibaba-token-plan-cn,qwen3.7-plus,binpack,slots8,relational_qp_rr_minus_niche,validation_selected_test_loss,lower,5,0.0,0.0,0.0,"{""0"": 0.0, ""1"": 0.0, ""2"": 0.0, ""3"": 0.0, ""4"": 0.0}"
alibaba-token-plan-cn,qwen3.7-plus,binpack,slots8,relational_qp_rr_minus_niche,validation_selected_test_valid,higher,5,0.0,0.0,0.0,"{""0"": 0.0, ""1"": 0.0, ""2"": 0.0, ""3"": 0.0, ""4"": 0.0}"
alibaba-token-plan-cn,qwen3.7-plus,binpack,slots8,relational_qp_rr_minus_niche,common_gate_test_behavior_modes,higher,5,0.0,-1.2,1.0,"{""0"": -2.0, ""1"": 1.0, ""2"": -1.0, ""3"": 1.0, ""4"": 1.0}"
alibaba-token-plan-cn,qwen3.7-plus,binpack,slots8,relational_qp_rr_minus_niche,common_gate_test_eligible_size,higher,5,0.0,-1.2,1.0,"{""0"": -2.0, ""1"": 1.0, ""2"": -1.0, ""3"": 1.0, ""4"": 1.0}"
alibaba-token-plan-cn,qwen3.7-plus,binpack,slots8,relational_qp_rr_minus_niche,valid_fraction,higher,5,-0.075,-0.175,0.0,"{""0"": 0.0, ""1"": -0.125, ""2"": -0.25, ""3"": 0.0, ""4"": 0.0}"
alibaba-token-plan-cn,qwen3.7-plus,binpack,slots8,relational_qp_rr_minus_niche,tokens_used,lower,5,11608.4,11166.0,12019.4,"{""0"": 10862.0, ""1"": 11271.0, ""2"": 11973.0, ""3"": 12215.0, ""4"": 11721.0}"
alibaba-token-plan-cn,qwen3.7-plus,binpack,slots8,relational_qp_rr_minus_niche,token_budget_valid,higher,0,,,,{}
alibaba-token-plan-cn,qwen3.7-plus,binpack,slots8,relational_qp_rr_minus_niche,learned_selector_test_loss,lower,0,,,,{}
alibaba-token-plan-cn,qwen3.7-plus,binpack,slots8,relational_qp_rr_minus_niche,selector_gain_vs_single,higher,0,,,,{}
alibaba-token-plan-cn,qwen3.7-plus,binpack,slots8,relational_qp_rr_minus_niche,selector_seconds_per_instance,lower,0,,,,{}
alibaba-token-plan-cn,qwen3.7-plus,binpack,slots8,relational_qp_rr_minus_niche,oracle_gain_upper_bound,higher,0,,,,{}
alibaba-token-plan-cn,qwen3.7-plus,binpack,slots8,relational_qp_rr_minus_niche,parent_improvements,higher,5,-2.2,-2.8,-1.6,"{""0"": -3.0, ""1"": -3.0, ""2"": -1.0, ""3"": -2.0, ""4"": -2.0}"
alibaba-token-plan-cn,qwen3.7-plus,binpack,slots8,relational_qp_rr_minus_niche,neighborhood_improvements,higher,5,0.0,0.0,0.0,"{""0"": 0.0, ""1"": 0.0, ""2"": 0.0, ""3"": 0.0, ""4"": 0.0}"
alibaba-token-plan-cn,qwen3.7-plus,binpack,slots8,relational_qp_rr_minus_niche,productive_collisions,higher,5,-2.0,-2.6,-1.4,"{""0"": -2.0, ""1"": -3.0, ""2"": -1.0, ""3"": -2.0, ""4"": -2.0}"
alibaba-token-plan-cn,qwen3.7-plus,binpack,slots8,relational_qp_rr_minus_niche,unproductive_collisions,lower,5,1.4,0.4,2.8,"{""0"": 4.0, ""1"": 1.0, ""2"": 0.0, ""3"": 1.0, ""4"": 1.0}"
alibaba-token-plan-cn,qwen3.7-plus,binpack,slots8,relational_qp_rr_minus_niche,restarts,lower,5,5.4,5.0,5.8,"{""0"": 5.0, ""1"": 6.0, ""2"": 6.0, ""3"": 5.0, ""4"": 5.0}"
alibaba-token-plan-cn,qwen3.7-plus,binpack,slots8,quality_protection_main_effect,validation_selected_test_loss,lower,5,0.0,0.0,0.0,"{""0"": 0.0, ""1"": 0.0, ""2"": 0.0, ""3"": 0.0, ""4"": 0.0}"
alibaba-token-plan-cn,qwen3.7-plus,binpack,slots8,restart_correction_main_effect,validation_selected_test_loss,lower,5,0.0,0.0,0.0,"{""0"": 0.0, ""1"": 0.0, ""2"": 0.0, ""3"": 0.0, ""4"": 0.0}"
alibaba-token-plan-cn,qwen3.7-plus,binpack,slots8,quality_by_restart_interaction,validation_selected_test_loss,lower,5,0.0,0.0,0.0,"{""0"": 0.0, ""1"": 0.0, ""2"": 0.0, ""3"": 0.0, ""4"": 0.0}"
alibaba-token-plan-cn,qwen3.7-plus,binpack,slots8,quality_protection_main_effect,validation_selected_test_valid,higher,5,0.0,0.0,0.0,"{""0"": 0.0, ""1"": 0.0, ""2"": 0.0, ""3"": 0.0, ""4"": 0.0}"
alibaba-token-plan-cn,qwen3.7-plus,binpack,slots8,restart_correction_main_effect,validation_selected_test_valid,higher,5,0.0,0.0,0.0,"{""0"": 0.0, ""1"": 0.0, ""2"": 0.0, ""3"": 0.0, ""4"": 0.0}"
alibaba-token-plan-cn,qwen3.7-plus,binpack,slots8,quality_by_restart_interaction,validation_selected_test_valid,higher,5,0.0,0.0,0.0,"{""0"": 0.0, ""1"": 0.0, ""2"": 0.0, ""3"": 0.0, ""4"": 0.0}"
alibaba-token-plan-cn,qwen3.7-plus,binpack,slots8,quality_protection_main_effect,common_gate_test_behavior_modes,higher,5,-0.1,-0.6,0.5,"{""0"": -0.5, ""1"": 0.0, ""2"": -1.0, ""3"": 0.0, ""4"": 1.0}"
alibaba-token-plan-cn,qwen3.7-plus,binpack,slots8,restart_correction_main_effect,common_gate_test_behavior_modes,higher,5,0.3,0.0,0.7,"{""0"": 0.5, ""1"": 0.0, ""2"": 0.0, ""3"": 1.0, ""4"": 0.0}"
alibaba-token-plan-cn,qwen3.7-plus,binpack,slots8,quality_by_restart_interaction,common_gate_test_behavior_modes,higher,5,-0.2,-1.2,1.0,"{""0"": -1.0, ""1"": 2.0, ""2"": 0.0, ""3"": -2.0, ""4"": 0.0}"
alibaba-token-plan-cn,qwen3.7-plus,binpack,slots8,quality_protection_main_effect,common_gate_test_eligible_size,higher,5,-0.1,-0.6,0.5,"{""0"": -0.5, ""1"": 0.0, ""2"": -1.0, ""3"": 0.0, ""4"": 1.0}"
alibaba-token-plan-cn,qwen3.7-plus,binpack,slots8,restart_correction_main_effect,common_gate_test_eligible_size,higher,5,0.3,0.0,0.7,"{""0"": 0.5, ""1"": 0.0, ""2"": 0.0, ""3"": 1.0, ""4"": 0.0}"
alibaba-token-plan-cn,qwen3.7-plus,binpack,slots8,quality_by_restart_interaction,common_gate_test_eligible_size,higher,5,-0.2,-1.2,1.0,"{""0"": -1.0, ""1"": 2.0, ""2"": 0.0, ""3"": -2.0, ""4"": 0.0}"
alibaba-token-plan-cn,qwen3.7-plus,binpack,slots8,quality_protection_main_effect,valid_fraction,higher,5,0.05,-0.025,0.1375,"{""0"": 0.0, ""1"": 0.1875, ""2"": -0.0625, ""3"": 0.125, ""4"": 0.0}"
alibaba-token-plan-cn,qwen3.7-plus,binpack,slots8,restart_correction_main_effect,valid_fraction,higher,5,-0.05,-0.0875,-0.0125,"{""0"": 0.0, ""1"": -0.0625, ""2"": -0.0625, ""3"": -0.125, ""4"": 0.0}"
alibaba-token-plan-cn,qwen3.7-plus,binpack,slots8,quality_by_restart_interaction,valid_fraction,higher,5,-0.05,-0.225,0.125,"{""0"": 0.0, ""1"": -0.125, ""2"": -0.375, ""3"": 0.25, ""4"": 0.0}"
alibaba-token-plan-cn,qwen3.7-plus,binpack,slots8,quality_protection_main_effect,tokens_used,lower,4,233.625,-9.5,499.625,"{""0"": 656.5, ""2"": 297.0, ""3"": -48.0, ""4"": 29.0}"
alibaba-token-plan-cn,qwen3.7-plus,binpack,slots8,restart_correction_main_effect,tokens_used,lower,4,222.875,58.875,384.25,"{""0"": -0.5, ""2"": 441.0, ""3"": 214.0, ""4"": 237.0}"
alibaba-token-plan-cn,qwen3.7-plus,binpack,slots8,quality_by_restart_interaction,tokens_used,lower,4,269.25,-299.5,641.0,"{""0"": 393.0, ""2"": -598.0, ""3"": 686.0, ""4"": 596.0}"
alibaba-token-plan-cn,qwen3.7-plus,binpack,slots8,quality_protection_main_effect,token_budget_valid,higher,0,,,,{}
alibaba-token-plan-cn,qwen3.7-plus,binpack,slots8,restart_correction_main_effect,token_budget_valid,higher,0,,,,{}
alibaba-token-plan-cn,qwen3.7-plus,binpack,slots8,quality_by_restart_interaction,token_budget_valid,higher,0,,,,{}
alibaba-token-plan-cn,qwen3.7-plus,binpack,slots8,quality_protection_main_effect,learned_selector_test_loss,lower,0,,,,{}
alibaba-token-plan-cn,qwen3.7-plus,binpack,slots8,restart_correction_main_effect,learned_selector_test_loss,lower,0,,,,{}
alibaba-token-plan-cn,qwen3.7-plus,binpack,slots8,quality_by_restart_interaction,learned_selector_test_loss,lower,0,,,,{}
alibaba-token-plan-cn,qwen3.7-plus,binpack,slots8,quality_protection_main_effect,selector_gain_vs_single,higher,0,,,,{}
alibaba-token-plan-cn,qwen3.7-plus,binpack,slots8,restart_correction_main_effect,selector_gain_vs_single,higher,0,,,,{}
alibaba-token-plan-cn,qwen3.7-plus,binpack,slots8,quality_by_restart_interaction,selector_gain_vs_single,higher,0,,,,{}
alibaba-token-plan-cn,qwen3.7-plus,binpack,slots8,quality_protection_main_effect,selector_seconds_per_instance,lower,0,,,,{}
alibaba-token-plan-cn,qwen3.7-plus,binpack,slots8,restart_correction_main_effect,selector_seconds_per_instance,lower,0,,,,{}
alibaba-token-plan-cn,qwen3.7-plus,binpack,slots8,quality_by_restart_interaction,selector_seconds_per_instance,lower,0,,,,{}
alibaba-token-plan-cn,qwen3.7-plus,binpack,slots8,quality_protection_main_effect,oracle_gain_upper_bound,higher,0,,,,{}
alibaba-token-plan-cn,qwen3.7-plus,binpack,slots8,restart_correction_main_effect,oracle_gain_upper_bound,higher,0,,,,{}
alibaba-token-plan-cn,qwen3.7-plus,binpack,slots8,quality_by_restart_interaction,oracle_gain_upper_bound,higher,0,,,,{}
alibaba-token-plan-cn,qwen3.7-plus,binpack,slots8,quality_protection_main_effect,parent_improvements,higher,5,0.2,-0.2,0.5,"{""0"": 0.5, ""1"": 0.5, ""2"": 0.5, ""3"": 0.0, ""4"": -0.5}"
alibaba-token-plan-cn,qwen3.7-plus,binpack,slots8,restart_correction_main_effect,parent_improvements,higher,5,-0.4,-1.1,0.3,"{""0"": 0.5, ""1"": -1.5, ""2"": -0.5, ""3"": -1.0, ""4"": 0.5}"
alibaba-token-plan-cn,qwen3.7-plus,binpack,slots8,quality_by_restart_interaction,parent_improvements,higher,5,0.0,-0.8,0.8,"{""0"": 1.0, ""1"": -1.0, ""2"": -1.0, ""3"": 0.0, ""4"": 1.0}"
alibaba-token-plan-cn,qwen3.7-plus,binpack,slots8,quality_protection_main_effect,neighborhood_improvements,higher,5,0.0,0.0,0.0,"{""0"": 0.0, ""1"": 0.0, ""2"": 0.0, ""3"": 0.0, ""4"": 0.0}"
alibaba-token-plan-cn,qwen3.7-plus,binpack,slots8,restart_correction_main_effect,neighborhood_improvements,higher,5,0.0,0.0,0.0,"{""0"": 0.0, ""1"": 0.0, ""2"": 0.0, ""3"": 0.0, ""4"": 0.0}"
alibaba-token-plan-cn,qwen3.7-plus,binpack,slots8,quality_by_restart_interaction,neighborhood_improvements,higher,5,0.0,0.0,0.0,"{""0"": 0.0, ""1"": 0.0, ""2"": 0.0, ""3"": 0.0, ""4"": 0.0}"
alibaba-token-plan-cn,qwen3.7-plus,binpack,slots8,quality_protection_main_effect,productive_collisions,higher,5,0.2,-0.2,0.5,"{""0"": 0.5, ""1"": 0.5, ""2"": 0.5, ""3"": 0.0, ""4"": -0.5}"
alibaba-token-plan-cn,qwen3.7-plus,binpack,slots8,restart_correction_main_effect,productive_collisions,higher,5,-0.4,-1.1,0.3,"{""0"": 0.5, ""1"": -1.5, ""2"": -0.5, ""3"": -1.0, ""4"": 0.5}"
alibaba-token-plan-cn,qwen3.7-plus,binpack,slots8,quality_by_restart_interaction,productive_collisions,higher,5,0.0,-0.8,0.8,"{""0"": 1.0, ""1"": -1.0, ""2"": -1.0, ""3"": 0.0, ""4"": 1.0}"
alibaba-token-plan-cn,qwen3.7-plus,binpack,slots8,quality_protection_main_effect,unproductive_collisions,lower,5,0.3,-0.2,0.8,"{""0"": 0.0, ""1"": 1.0, ""2"": 0.0, ""3"": 1.0, ""4"": -0.5}"
alibaba-token-plan-cn,qwen3.7-plus,binpack,slots8,restart_correction_main_effect,unproductive_collisions,lower,5,-0.3,-0.9,0.4,"{""0"": -1.0, ""1"": 1.0, ""2"": 0.0, ""3"": -1.0, ""4"": -0.5}"
alibaba-token-plan-cn,qwen3.7-plus,binpack,slots8,quality_by_restart_interaction,unproductive_collisions,lower,5,0.2,-1.2,2.2,"{""0"": 0.0, ""1"": -2.0, ""2"": 0.0, ""3"": 4.0, ""4"": -1.0}"
alibaba-token-plan-cn,qwen3.7-plus,binpack,slots8,quality_protection_main_effect,restarts,lower,5,-0.6,-0.8,-0.5,"{""0"": -1.0, ""1"": -0.5, ""2"": -0.5, ""3"": -0.5, ""4"": -0.5}"
alibaba-token-plan-cn,qwen3.7-plus,binpack,slots8,restart_correction_main_effect,restarts,lower,5,0.0,-0.4,0.4,"{""0"": 0.0, ""1"": 0.5, ""2"": 0.5, ""3"": -0.5, ""4"": -0.5}"
alibaba-token-plan-cn,qwen3.7-plus,binpack,slots8,quality_by_restart_interaction,restarts,lower,5,0.4,-0.4,1.0,"{""0"": 0.0, ""1"": 1.0, ""2"": 1.0, ""3"": 1.0, ""4"": -1.0}"
alibaba-token-plan-cn,qwen3.7-plus,binpack,tokens30000,relational_minus_niche,validation_selected_test_loss,lower,5,0.0,0.0,0.0,"{""0"": 0.0, ""1"": 0.0, ""2"": 0.0, ""3"": 0.0, ""4"": 0.0}"
alibaba-token-plan-cn,qwen3.7-plus,binpack,tokens30000,relational_minus_niche,validation_selected_test_valid,higher,5,0.0,0.0,0.0,"{""0"": 0.0, ""1"": 0.0, ""2"": 0.0, ""3"": 0.0, ""4"": 0.0}"
alibaba-token-plan-cn,qwen3.7-plus,binpack,tokens30000,relational_minus_niche,common_gate_test_behavior_modes,higher,5,-0.8,-2.0,0.2,"{""0"": 1.0, ""1"": -1.0, ""2"": 0.0, ""3"": -3.0, ""4"": -1.0}"
alibaba-token-plan-cn,qwen3.7-plus,binpack,tokens30000,relational_minus_niche,common_gate_test_eligible_size,higher,5,-1.0,-2.2,0.2,"{""0"": 1.0, ""1"": -1.0, ""2"": 0.0, ""3"": -3.0, ""4"": -2.0}"
alibaba-token-plan-cn,qwen3.7-plus,binpack,tokens30000,relational_minus_niche,valid_fraction,higher,5,0.036363636363636376,-0.030303030303030276,0.11818181818181817,"{""0"": 0.16666666666666663, ""1"": 0.0, ""2"": 0.09090909090909094, ""3"": 0.0, ""4"": -0.07575757575757569}"
alibaba-token-plan-cn,qwen3.7-plus,binpack,tokens30000,relational_minus_niche,tokens_used,lower,4,-2702.0,-3448.5,-1845.25,"{""1"": -2564.0, ""2"": -1347.0, ""3"": -3340.0, ""4"": -3557.0}"
alibaba-token-plan-cn,qwen3.7-plus,binpack,tokens30000,relational_minus_niche,token_budget_valid,higher,5,0.2,0.0,0.6,"{""0"": 1.0, ""1"": 0.0, ""2"": 0.0, ""3"": 0.0, ""4"": 0.0}"
alibaba-token-plan-cn,qwen3.7-plus,binpack,tokens30000,relational_minus_niche,learned_selector_test_loss,lower,0,,,,{}
alibaba-token-plan-cn,qwen3.7-plus,binpack,tokens30000,relational_minus_niche,selector_gain_vs_single,higher,0,,,,{}
alibaba-token-plan-cn,qwen3.7-plus,binpack,tokens30000,relational_minus_niche,selector_seconds_per_instance,lower,0,,,,{}
alibaba-token-plan-cn,qwen3.7-plus,binpack,tokens30000,relational_minus_niche,oracle_gain_upper_bound,higher,0,,,,{}
alibaba-token-plan-cn,qwen3.7-plus,binpack,tokens30000,relational_minus_niche,parent_improvements,higher,5,-3.0,-4.2,-1.8,"{""0"": -3.0, ""1"": -5.0, ""2"": -3.0, ""3"": -3.0, ""4"": -1.0}"
alibaba-token-plan-cn,qwen3.7-plus,binpack,tokens30000,relational_minus_niche,neighborhood_improvements,higher,5,0.2,0.0,0.6,"{""0"": 0.0, ""1"": 0.0, ""2"": 0.0, ""3"": 0.0, ""4"": 1.0}"
alibaba-token-plan-cn,qwen3.7-plus,binpack,tokens30000,relational_minus_niche,productive_collisions,higher,5,-2.0,-3.8,-0.6,"{""0"": -3.0, ""1"": -5.0, ""2"": -1.0, ""3"": -1.0, ""4"": 0.0}"
alibaba-token-plan-cn,qwen3.7-plus,binpack,tokens30000,relational_minus_niche,unproductive_collisions,lower,5,0.0,-2.0,1.8,"{""0"": 3.0, ""1"": 1.0, ""2"": -2.0, ""3"": 1.0, ""4"": -3.0}"
alibaba-token-plan-cn,qwen3.7-plus,binpack,tokens30000,relational_minus_niche,restarts,lower,5,3.8,3.4,4.0,"{""0"": 4.0, ""1"": 4.0, ""2"": 3.0, ""3"": 4.0, ""4"": 4.0}"
alibaba-token-plan-cn,qwen3.7-plus,binpack,tokens30000,relational_qp_minus_niche,validation_selected_test_loss,lower,5,0.0,0.0,0.0,"{""0"": 0.0, ""1"": 0.0, ""2"": 0.0, ""3"": 0.0, ""4"": 0.0}"
alibaba-token-plan-cn,qwen3.7-plus,binpack,tokens30000,relational_qp_minus_niche,validation_selected_test_valid,higher,5,0.0,0.0,0.0,"{""0"": 0.0, ""1"": 0.0, ""2"": 0.0, ""3"": 0.0, ""4"": 0.0}"
alibaba-token-plan-cn,qwen3.7-plus,binpack,tokens30000,relational_qp_minus_niche,common_gate_test_behavior_modes,higher,5,-1.8,-3.2,-0.6,"{""0"": 0.0, ""1"": -1.0, ""2"": -3.0, ""3"": -4.0, ""4"": -1.0}"
alibaba-token-plan-cn,qwen3.7-plus,binpack,tokens30000,relational_qp_minus_niche,common_gate_test_eligible_size,higher,5,-2.0,-3.2,-0.8,"{""0"": 0.0, ""1"": -1.0, ""2"": -3.0, ""3"": -4.0, ""4"": -2.0}"
alibaba-token-plan-cn,qwen3.7-plus,binpack,tokens30000,relational_qp_minus_niche,valid_fraction,higher,5,-0.06363636363636363,-0.11515151515151519,-0.015151515151515138,"{""0"": -0.16666666666666674, ""1"": 0.0, ""2"": -0.07575757575757569, ""3"": 0.0, ""4"": -0.07575757575757569}"
alibaba-token-plan-cn,qwen3.7-plus,binpack,tokens30000,relational_qp_minus_niche,tokens_used,lower,4,-3455.75,-3882.0,-2861.25,"{""1"": -2598.0, ""2"": -3651.0, ""3"": -3597.0, ""4"": -3977.0}"
alibaba-token-plan-cn,qwen3.7-plus,binpack,tokens30000,relational_qp_minus_niche,token_budget_valid,higher,5,0.2,0.0,0.6,"{""0"": 1.0, ""1"": 0.0, ""2"": 0.0, ""3"": 0.0, ""4"": 0.0}"
alibaba-token-plan-cn,qwen3.7-plus,binpack,tokens30000,relational_qp_minus_niche,learned_selector_test_loss,lower,0,,,,{}
alibaba-token-plan-cn,qwen3.7-plus,binpack,tokens30000,relational_qp_minus_niche,selector_gain_vs_single,higher,0,,,,{}
alibaba-token-plan-cn,qwen3.7-plus,binpack,tokens30000,relational_qp_minus_niche,selector_seconds_per_instance,lower,0,,,,{}
alibaba-token-plan-cn,qwen3.7-plus,binpack,tokens30000,relational_qp_minus_niche,oracle_gain_upper_bound,higher,0,,,,{}
alibaba-token-plan-cn,qwen3.7-plus,binpack,tokens30000,relational_qp_minus_niche,parent_improvements,higher,5,-3.0,-4.2,-1.8,"{""0"": -3.0, ""1"": -5.0, ""2"": -3.0, ""3"": -3.0, ""4"": -1.0}"
alibaba-token-plan-cn,qwen3.7-plus,binpack,tokens30000,relational_qp_minus_niche,neighborhood_improvements,higher,5,0.0,0.0,0.0,"{""0"": 0.0, ""1"": 0.0, ""2"": 0.0, ""3"": 0.0, ""4"": 0.0}"
alibaba-token-plan-cn,qwen3.7-plus,binpack,tokens30000,relational_qp_minus_niche,productive_collisions,higher,5,-2.0,-3.8,-0.6,"{""0"": -3.0, ""1"": -5.0, ""2"": -1.0, ""3"": -1.0, ""4"": 0.0}"
alibaba-token-plan-cn,qwen3.7-plus,binpack,tokens30000,relational_qp_minus_niche,unproductive_collisions,lower,5,0.2,-1.6,1.8,"{""0"": 2.0, ""1"": 1.0, ""2"": -1.0, ""3"": 2.0, ""4"": -3.0}"
alibaba-token-plan-cn,qwen3.7-plus,binpack,tokens30000,relational_qp_minus_niche,restarts,lower,5,4.2,4.0,4.6,"{""0"": 5.0, ""1"": 4.0, ""2"": 4.0, ""3"": 4.0, ""4"": 4.0}"
alibaba-token-plan-cn,qwen3.7-plus,binpack,tokens30000,relational_rr_minus_niche,validation_selected_test_loss,lower,5,0.0,0.0,0.0,"{""0"": 0.0, ""1"": 0.0, ""2"": 0.0, ""3"": 0.0, ""4"": 0.0}"
alibaba-token-plan-cn,qwen3.7-plus,binpack,tokens30000,relational_rr_minus_niche,validation_selected_test_valid,higher,5,0.0,0.0,0.0,"{""0"": 0.0, ""1"": 0.0, ""2"": 0.0, ""3"": 0.0, ""4"": 0.0}"
alibaba-token-plan-cn,qwen3.7-plus,binpack,tokens30000,relational_rr_minus_niche,common_gate_test_behavior_modes,higher,5,-1.4,-2.6,-0.2,"{""0"": 0.0, ""1"": 0.0, ""2"": -3.0, ""3"": -3.0, ""4"": -1.0}"
alibaba-token-plan-cn,qwen3.7-plus,binpack,tokens30000,relational_rr_minus_niche,common_gate_test_eligible_size,higher,5,-1.6,-2.8,-0.4,"{""0"": 0.0, ""1"": 0.0, ""2"": -3.0, ""3"": -3.0, ""4"": -2.0}"
alibaba-token-plan-cn,qwen3.7-plus,binpack,tokens30000,relational_rr_minus_niche,valid_fraction,higher,5,0.0696969696969697,0.018181818181818188,0.12121212121212122,"{""0"": 0.16666666666666663, ""1"": 0.0, ""2"": 0.09090909090909094, ""3"": 0.0, ""4"": 0.09090909090909094}"
alibaba-token-plan-cn,qwen3.7-plus,binpack,tokens30000,relational_rr_minus_niche,tokens_used,lower,4,-3547.5,-4171.5,-2923.5,"{""1"": -3251.0, ""2"": -2596.0, ""3"": -3963.0, ""4"": -4380.0}"
alibaba-token-plan-cn,qwen3.7-plus,binpack,tokens30000,relational_rr_minus_niche,token_budget_valid,higher,5,0.2,0.0,0.6,"{""0"": 1.0, ""1"": 0.0, ""2"": 0.0, ""3"": 0.0, ""4"": 0.0}"
alibaba-token-plan-cn,qwen3.7-plus,binpack,tokens30000,relational_rr_minus_niche,learned_selector_test_loss,lower,0,,,,{}
alibaba-token-plan-cn,qwen3.7-plus,binpack,tokens30000,relational_rr_minus_niche,selector_gain_vs_single,higher,0,,,,{}
alibaba-token-plan-cn,qwen3.7-plus,binpack,tokens30000,relational_rr_minus_niche,selector_seconds_per_instance,lower,0,,,,{}
alibaba-token-plan-cn,qwen3.7-plus,binpack,tokens30000,relational_rr_minus_niche,oracle_gain_upper_bound,higher,0,,,,{}
alibaba-token-plan-cn,qwen3.7-plus,binpack,tokens30000,relational_rr_minus_niche,parent_improvements,higher,5,-3.0,-4.2,-1.8,"{""0"": -3.0, ""1"": -5.0, ""2"": -3.0, ""3"": -3.0, ""4"": -1.0}"
alibaba-token-plan-cn,qwen3.7-plus,binpack,tokens30000,relational_rr_minus_niche,neighborhood_improvements,higher,5,0.0,0.0,0.0,"{""0"": 0.0, ""1"": 0.0, ""2"": 0.0, ""3"": 0.0, ""4"": 0.0}"
alibaba-token-plan-cn,qwen3.7-plus,binpack,tokens30000,relational_rr_minus_niche,productive_collisions,higher,5,-2.0,-3.8,-0.6,"{""0"": -3.0, ""1"": -5.0, ""2"": -1.0, ""3"": -1.0, ""4"": 0.0}"
alibaba-token-plan-cn,qwen3.7-plus,binpack,tokens30000,relational_rr_minus_niche,unproductive_collisions,lower,5,0.4,-1.2,2.4,"{""0"": 4.0, ""1"": 0.0, ""2"": -1.0, ""3"": 1.0, ""4"": -2.0}"
alibaba-token-plan-cn,qwen3.7-plus,binpack,tokens30000,relational_rr_minus_niche,restarts,lower,5,4.2,4.0,4.6,"{""0"": 5.0, ""1"": 4.0, ""2"": 4.0, ""3"": 4.0, ""4"": 4.0}"
alibaba-token-plan-cn,qwen3.7-plus,binpack,tokens30000,relational_qp_rr_minus_niche,validation_selected_test_loss,lower,5,0.0,0.0,0.0,"{""0"": 0.0, ""1"": 0.0, ""2"": 0.0, ""3"": 0.0, ""4"": 0.0}"
alibaba-token-plan-cn,qwen3.7-plus,binpack,tokens30000,relational_qp_rr_minus_niche,validation_selected_test_valid,higher,5,0.0,0.0,0.0,"{""0"": 0.0, ""1"": 0.0, ""2"": 0.0, ""3"": 0.0, ""4"": 0.0}"
alibaba-token-plan-cn,qwen3.7-plus,binpack,tokens30000,relational_qp_rr_minus_niche,common_gate_test_behavior_modes,higher,5,-1.8,-3.2,-0.6,"{""0"": 0.0, ""1"": -1.0, ""2"": -3.0, ""3"": -4.0, ""4"": -1.0}"
alibaba-token-plan-cn,qwen3.7-plus,binpack,tokens30000,relational_qp_rr_minus_niche,common_gate_test_eligible_size,higher,5,-2.0,-3.2,-0.8,"{""0"": 0.0, ""1"": -1.0, ""2"": -3.0, ""3"": -4.0, ""4"": -2.0}"
alibaba-token-plan-cn,qwen3.7-plus,binpack,tokens30000,relational_qp_rr_minus_niche,valid_fraction,higher,5,0.0696969696969697,0.018181818181818188,0.12121212121212122,"{""0"": 0.16666666666666663, ""1"": 0.0, ""2"": 0.09090909090909094, ""3"": 0.0, ""4"": 0.09090909090909094}"
alibaba-token-plan-cn,qwen3.7-plus,binpack,tokens30000,relational_qp_rr_minus_niche,tokens_used,lower,4,-3607.25,-4190.0,-2933.75,"{""1"": -2643.0, ""2"": -3806.0, ""3"": -3590.0, ""4"": -4390.0}"
alibaba-token-plan-cn,qwen3.7-plus,binpack,tokens30000,relational_qp_rr_minus_niche,token_budget_valid,higher,5,0.2,0.0,0.6,"{""0"": 1.0, ""1"": 0.0, ""2"": 0.0, ""3"": 0.0, ""4"": 0.0}"
alibaba-token-plan-cn,qwen3.7-plus,binpack,tokens30000,relational_qp_rr_minus_niche,learned_selector_test_loss,lower,0,,,,{}
alibaba-token-plan-cn,qwen3.7-plus,binpack,tokens30000,relational_qp_rr_minus_niche,selector_gain_vs_single,higher,0,,,,{}
alibaba-token-plan-cn,qwen3.7-plus,binpack,tokens30000,relational_qp_rr_minus_niche,selector_seconds_per_instance,lower,0,,,,{}
alibaba-token-plan-cn,qwen3.7-plus,binpack,tokens30000,relational_qp_rr_minus_niche,oracle_gain_upper_bound,higher,0,,,,{}
alibaba-token-plan-cn,qwen3.7-plus,binpack,tokens30000,relational_qp_rr_minus_niche,parent_improvements,higher,5,-3.0,-4.2,-1.8,"{""0"": -3.0, ""1"": -5.0, ""2"": -3.0, ""3"": -3.0, ""4"": -1.0}"
alibaba-token-plan-cn,qwen3.7-plus,binpack,tokens30000,relational_qp_rr_minus_niche,neighborhood_improvements,higher,5,0.0,0.0,0.0,"{""0"": 0.0, ""1"": 0.0, ""2"": 0.0, ""3"": 0.0, ""4"": 0.0}"
alibaba-token-plan-cn,qwen3.7-plus,binpack,tokens30000,relational_qp_rr_minus_niche,productive_collisions,higher,5,-2.0,-3.8,-0.6,"{""0"": -3.0, ""1"": -5.0, ""2"": -1.0, ""3"": -1.0, ""4"": 0.0}"
alibaba-token-plan-cn,qwen3.7-plus,binpack,tokens30000,relational_qp_rr_minus_niche,unproductive_collisions,lower,5,1.0,-0.8,2.8,"{""0"": 4.0, ""1"": 1.0, ""2"": 0.0, ""3"": 2.0, ""4"": -2.0}"
alibaba-token-plan-cn,qwen3.7-plus,binpack,tokens30000,relational_qp_rr_minus_niche,restarts,lower,5,4.2,4.0,4.6,"{""0"": 5.0, ""1"": 4.0, ""2"": 4.0, ""3"": 4.0, ""4"": 4.0}"
alibaba-token-plan-cn,qwen3.7-plus,binpack,tokens30000,quality_protection_main_effect,validation_selected_test_loss,lower,5,0.0,0.0,0.0,"{""0"": 0.0, ""1"": 0.0, ""2"": 0.0, ""3"": 0.0, ""4"": 0.0}"
alibaba-token-plan-cn,qwen3.7-plus,binpack,tokens30000,restart_correction_main_effect,validation_selected_test_loss,lower,5,0.0,0.0,0.0,"{""0"": 0.0, ""1"": 0.0, ""2"": 0.0, ""3"": 0.0, ""4"": 0.0}"
alibaba-token-plan-cn,qwen3.7-plus,binpack,tokens30000,quality_by_restart_interaction,validation_selected_test_loss,lower,5,0.0,0.0,0.0,"{""0"": 0.0, ""1"": 0.0, ""2"": 0.0, ""3"": 0.0, ""4"": 0.0}"
alibaba-token-plan-cn,qwen3.7-plus,binpack,tokens30000,quality_protection_main_effect,validation_selected_test_valid,higher,5,0.0,0.0,0.0,"{""0"": 0.0, ""1"": 0.0, ""2"": 0.0, ""3"": 0.0, ""4"": 0.0}"
alibaba-token-plan-cn,qwen3.7-plus,binpack,tokens30000,restart_correction_main_effect,validation_selected_test_valid,higher,5,0.0,0.0,0.0,"{""0"": 0.0, ""1"": 0.0, ""2"": 0.0, ""3"": 0.0, ""4"": 0.0}"
alibaba-token-plan-cn,qwen3.7-plus,binpack,tokens30000,quality_by_restart_interaction,validation_selected_test_valid,higher,5,0.0,0.0,0.0,"{""0"": 0.0, ""1"": 0.0, ""2"": 0.0, ""3"": 0.0, ""4"": 0.0}"
alibaba-token-plan-cn,qwen3.7-plus,binpack,tokens30000,quality_protection_main_effect,common_gate_test_behavior_modes,higher,5,-0.7,-1.2,-0.3,"{""0"": -0.5, ""1"": -0.5, ""2"": -1.5, ""3"": -1.0, ""4"": 0.0}"
alibaba-token-plan-cn,qwen3.7-plus,binpack,tokens30000,restart_correction_main_effect,common_gate_test_behavior_modes,higher,5,-0.3,-0.9,0.2,"{""0"": -0.5, ""1"": 0.5, ""2"": -1.5, ""3"": 0.0, ""4"": 0.0}"
alibaba-token-plan-cn,qwen3.7-plus,binpack,tokens30000,quality_by_restart_interaction,common_gate_test_behavior_modes,higher,5,0.6,-0.4,1.8,"{""0"": 1.0, ""1"": -1.0, ""2"": 3.0, ""3"": 0.0, ""4"": 0.0}"
alibaba-token-plan-cn,qwen3.7-plus,binpack,tokens30000,quality_protection_main_effect,common_gate_test_eligible_size,higher,5,-0.7,-1.2,-0.3,"{""0"": -0.5, ""1"": -0.5, ""2"": -1.5, ""3"": -1.0, ""4"": 0.0}"
alibaba-token-plan-cn,qwen3.7-plus,binpack,tokens30000,restart_correction_main_effect,common_gate_test_eligible_size,higher,5,-0.3,-0.9,0.2,"{""0"": -0.5, ""1"": 0.5, ""2"": -1.5, ""3"": 0.0, ""4"": 0.0}"
alibaba-token-plan-cn,qwen3.7-plus,binpack,tokens30000,quality_by_restart_interaction,common_gate_test_eligible_size,higher,5,0.6,-0.4,1.8,"{""0"": 1.0, ""1"": -1.0, ""2"": 3.0, ""3"": 0.0, ""4"": 0.0}"
alibaba-token-plan-cn,qwen3.7-plus,binpack,tokens30000,quality_protection_main_effect,valid_fraction,higher,5,-0.05,-0.11666666666666667,0.0,"{""0"": -0.16666666666666669, ""1"": 0.0, ""2"": -0.08333333333333331, ""3"": 0.0, ""4"": 0.0}"
alibaba-token-plan-cn,qwen3.7-plus,binpack,tokens30000,restart_correction_main_effect,valid_fraction,higher,5,0.08333333333333333,0.016666666666666663,0.15,"{""0"": 0.16666666666666669, ""1"": 0.0, ""2"": 0.08333333333333331, ""3"": 0.0, ""4"": 0.16666666666666663}"
alibaba-token-plan-cn,qwen3.7-plus,binpack,tokens30000,quality_by_restart_interaction,valid_fraction,higher,5,0.1,0.0,0.23333333333333334,"{""0"": 0.33333333333333337, ""1"": 0.0, ""2"": 0.16666666666666663, ""3"": 0.0, ""4"": 0.0}"
alibaba-token-plan-cn,qwen3.7-plus,binpack,tokens30000,quality_protection_main_effect,tokens_used,lower,5,-443.9,-1140.2,95.0,"{""0"": -592.5, ""1"": 287.0, ""2"": -1757.0, ""3"": 58.0, ""4"": -215.0}"
alibaba-token-plan-cn,qwen3.7-plus,binpack,tokens30000,restart_correction_main_effect,tokens_used,lower,5,-288.7,-606.4,145.1,"{""0"": 550.5, ""1"": -366.0, ""2"": -702.0, ""3"": -308.0, ""4"": -618.0}"
alibaba-token-plan-cn,qwen3.7-plus,binpack,tokens30000,quality_by_restart_interaction,tokens_used,lower,5,814.2,544.4,1121.8,"{""0"": 1295.0, ""1"": 642.0, ""2"": 1094.0, ""3"": 630.0, ""4"": 410.0}"
alibaba-token-plan-cn,qwen3.7-plus,binpack,tokens30000,quality_protection_main_effect,token_budget_valid,higher,5,0.0,0.0,0.0,"{""0"": 0.0, ""1"": 0.0, ""2"": 0.0, ""3"": 0.0, ""4"": 0.0}"
alibaba-token-plan-cn,qwen3.7-plus,binpack,tokens30000,restart_correction_main_effect,token_budget_valid,higher,5,0.0,0.0,0.0,"{""0"": 0.0, ""1"": 0.0, ""2"": 0.0, ""3"": 0.0, ""4"": 0.0}"
alibaba-token-plan-cn,qwen3.7-plus,binpack,tokens30000,quality_by_restart_interaction,token_budget_valid,higher,5,0.0,0.0,0.0,"{""0"": 0.0, ""1"": 0.0, ""2"": 0.0, ""3"": 0.0, ""4"": 0.0}"
alibaba-token-plan-cn,qwen3.7-plus,binpack,tokens30000,quality_protection_main_effect,learned_selector_test_loss,lower,0,,,,{}
alibaba-token-plan-cn,qwen3.7-plus,binpack,tokens30000,restart_correction_main_effect,learned_selector_test_loss,lower,0,,,,{}
alibaba-token-plan-cn,qwen3.7-plus,binpack,tokens30000,quality_by_restart_interaction,learned_selector_test_loss,lower,0,,,,{}
alibaba-token-plan-cn,qwen3.7-plus,binpack,tokens30000,quality_protection_main_effect,selector_gain_vs_single,higher,0,,,,{}
alibaba-token-plan-cn,qwen3.7-plus,binpack,tokens30000,restart_correction_main_effect,selector_gain_vs_single,higher,0,,,,{}
alibaba-token-plan-cn,qwen3.7-plus,binpack,tokens30000,quality_by_restart_interaction,selector_gain_vs_single,higher,0,,,,{}
alibaba-token-plan-cn,qwen3.7-plus,binpack,tokens30000,quality_protection_main_effect,selector_seconds_per_instance,lower,0,,,,{}
alibaba-token-plan-cn,qwen3.7-plus,binpack,tokens30000,restart_correction_main_effect,selector_seconds_per_instance,lower,0,,,,{}
alibaba-token-plan-cn,qwen3.7-plus,binpack,tokens30000,quality_by_restart_interaction,selector_seconds_per_instance,lower,0,,,,{}
alibaba-token-plan-cn,qwen3.7-plus,binpack,tokens30000,quality_protection_main_effect,oracle_gain_upper_bound,higher,0,,,,{}
alibaba-token-plan-cn,qwen3.7-plus,binpack,tokens30000,restart_correction_main_effect,oracle_gain_upper_bound,higher,0,,,,{}
alibaba-token-plan-cn,qwen3.7-plus,binpack,tokens30000,quality_by_restart_interaction,oracle_gain_upper_bound,higher,0,,,,{}
alibaba-token-plan-cn,qwen3.7-plus,binpack,tokens30000,quality_protection_main_effect,parent_improvements,higher,5,0.0,0.0,0.0,"{""0"": 0.0, ""1"": 0.0, ""2"": 0.0, ""3"": 0.0, ""4"": 0.0}"
alibaba-token-plan-cn,qwen3.7-plus,binpack,tokens30000,restart_correction_main_effect,parent_improvements,higher,5,0.0,0.0,0.0,"{""0"": 0.0, ""1"": 0.0, ""2"": 0.0, ""3"": 0.0, ""4"": 0.0}"
alibaba-token-plan-cn,qwen3.7-plus,binpack,tokens30000,quality_by_restart_interaction,parent_improvements,higher,5,0.0,0.0,0.0,"{""0"": 0.0, ""1"": 0.0, ""2"": 0.0, ""3"": 0.0, ""4"": 0.0}"
alibaba-token-plan-cn,qwen3.7-plus,binpack,tokens30000,quality_protection_main_effect,neighborhood_improvements,higher,5,-0.1,-0.3,0.0,"{""0"": 0.0, ""1"": 0.0, ""2"": 0.0, ""3"": 0.0, ""4"": -0.5}"
alibaba-token-plan-cn,qwen3.7-plus,binpack,tokens30000,restart_correction_main_effect,neighborhood_improvements,higher,5,-0.1,-0.3,0.0,"{""0"": 0.0, ""1"": 0.0, ""2"": 0.0, ""3"": 0.0, ""4"": -0.5}"
alibaba-token-plan-cn,qwen3.7-plus,binpack,tokens30000,quality_by_restart_interaction,neighborhood_improvements,higher,5,0.2,0.0,0.6,"{""0"": 0.0, ""1"": 0.0, ""2"": 0.0, ""3"": 0.0, ""4"": 1.0}"
alibaba-token-plan-cn,qwen3.7-plus,binpack,tokens30000,quality_protection_main_effect,productive_collisions,higher,5,0.0,0.0,0.0,"{""0"": 0.0, ""1"": 0.0, ""2"": 0.0, ""3"": 0.0, ""4"": 0.0}"
alibaba-token-plan-cn,qwen3.7-plus,binpack,tokens30000,restart_correction_main_effect,productive_collisions,higher,5,0.0,0.0,0.0,"{""0"": 0.0, ""1"": 0.0, ""2"": 0.0, ""3"": 0.0, ""4"": 0.0}"
alibaba-token-plan-cn,qwen3.7-plus,binpack,tokens30000,quality_by_restart_interaction,productive_collisions,higher,5,0.0,0.0,0.0,"{""0"": 0.0, ""1"": 0.0, ""2"": 0.0, ""3"": 0.0, ""4"": 0.0}"
alibaba-token-plan-cn,qwen3.7-plus,binpack,tokens30000,quality_protection_main_effect,unproductive_collisions,lower,5,0.4,-0.1,0.9,"{""0"": -0.5, ""1"": 0.5, ""2"": 1.0, ""3"": 1.0, ""4"": 0.0}"
alibaba-token-plan-cn,qwen3.7-plus,binpack,tokens30000,restart_correction_main_effect,unproductive_collisions,lower,5,0.6,-0.1,1.2,"{""0"": 1.5, ""1"": -0.5, ""2"": 1.0, ""3"": 0.0, ""4"": 1.0}"
alibaba-token-plan-cn,qwen3.7-plus,binpack,tokens30000,quality_by_restart_interaction,unproductive_collisions,lower,5,0.4,0.0,0.8,"{""0"": 1.0, ""1"": 1.0, ""2"": 0.0, ""3"": 0.0, ""4"": 0.0}"
alibaba-token-plan-cn,qwen3.7-plus,binpack,tokens30000,quality_protection_main_effect,restarts,lower,5,0.2,0.0,0.4,"{""0"": 0.5, ""1"": 0.0, ""2"": 0.5, ""3"": 0.0, ""4"": 0.0}"
alibaba-token-plan-cn,qwen3.7-plus,binpack,tokens30000,restart_correction_main_effect,restarts,lower,5,0.2,0.0,0.4,"{""0"": 0.5, ""1"": 0.0, ""2"": 0.5, ""3"": 0.0, ""4"": 0.0}"
alibaba-token-plan-cn,qwen3.7-plus,binpack,tokens30000,quality_by_restart_interaction,restarts,lower,5,-0.4,-0.8,0.0,"{""0"": -1.0, ""1"": 0.0, ""2"": -1.0, ""3"": 0.0, ""4"": 0.0}"
alibaba-token-plan-cn,qwen3.7-plus,tsp,slots8,relational_minus_niche,validation_selected_test_loss,lower,5,-0.008481932378786958,-0.01813941437936001,0.0009441446943615678,"{""0"": -0.02296352413348067, ""1"": 0.0023603617359039195, ""2"": -0.02180649949635804, ""3"": 0.0, ""4"": 0.0}"
alibaba-token-plan-cn,qwen3.7-plus,tsp,slots8,relational_minus_niche,validation_selected_test_valid,higher,5,0.0,0.0,0.0,"{""0"": 0.0, ""1"": 0.0, ""2"": 0.0, ""3"": 0.0, ""4"": 0.0}"
alibaba-token-plan-cn,qwen3.7-plus,tsp,slots8,relational_minus_niche,common_gate_test_behavior_modes,higher,5,-0.8,-2.4,0.4,"{""0"": 0.0, ""1"": 0.0, ""2"": 1.0, ""3"": -4.0, ""4"": -1.0}"
alibaba-token-plan-cn,qwen3.7-plus,tsp,slots8,relational_minus_niche,common_gate_test_eligible_size,higher,5,-0.2,-1.8,1.2,"{""0"": 2.0, ""1"": 1.0, ""2"": 0.0, ""3"": -3.0, ""4"": -1.0}"
alibaba-token-plan-cn,qwen3.7-plus,tsp,slots8,relational_minus_niche,valid_fraction,higher,5,0.0,0.0,0.0,"{""0"": 0.0, ""1"": 0.0, ""2"": 0.0, ""3"": 0.0, ""4"": 0.0}"
alibaba-token-plan-cn,qwen3.7-plus,tsp,slots8,relational_minus_niche,tokens_used,lower,5,7689.2,6912.8,8932.0,"{""0"": 7024.0, ""1"": 10088.0, ""2"": 6832.0, ""3"": 6938.0, ""4"": 7564.0}"
alibaba-token-plan-cn,qwen3.7-plus,tsp,slots8,relational_minus_niche,token_budget_valid,higher,0,,,,{}
alibaba-token-plan-cn,qwen3.7-plus,tsp,slots8,relational_minus_niche,learned_selector_test_loss,lower,5,-0.01273548597513704,-0.026687462845488053,-0.0020466454643530015,"{""0"": -0.03832472142409728, ""1"": -0.003462001860888915, ""2"": -0.015001148094259502, ""3"": -0.010435448167553485, ""4"": 0.0035458896711139873}"
alibaba-token-plan-cn,qwen3.7-plus,tsp,slots8,relational_minus_niche,selector_gain_vs_single,higher,5,0.00425355359635008,-0.002976023709926444,0.011483130902626603,"{""0"": 0.015361197290616607, ""1"": 0.0058223635967928344, ""2"": -0.00680535140209854, ""3"": 0.010435448167553485, ""4"": -0.0035458896711139873}"
alibaba-token-plan-cn,qwen3.7-plus,tsp,slots8,relational_minus_niche,selector_seconds_per_instance,lower,5,0.00016580444385504555,-0.00023168166581955218,0.000587866664217371,"{""0"": -0.0005291527745106979, ""1"": -6.931111177740012e-05, ""2"": 0.0008098388853896824, ""3"": 0.0005791277766952082, ""4"": 3.851944347843528e-05}"
alibaba-token-plan-cn,qwen3.7-plus,tsp,slots8,relational_minus_niche,oracle_gain_upper_bound,higher,5,-0.004578105381294758,-0.009715377942956616,0.0011174507248561838,"{""0"": -0.012853803346120834, ""1"": 0.005308118673211792, ""2"": -0.00788272164052279, ""3"": -0.00500773983821029, ""4"": -0.0024543807548316685}"
alibaba-token-plan-cn,qwen3.7-plus,tsp,slots8,relational_minus_niche,parent_improvements,higher,5,-1.6,-3.2,-0.2,"{""0"": -1.0, ""1"": -3.0, ""2"": 1.0, ""3"": -4.0, ""4"": -1.0}"
alibaba-token-plan-cn,qwen3.7-plus,tsp,slots8,relational_minus_niche,neighborhood_improvements,higher,5,-0.4,-1.4,0.4,"{""0"": -2.0, ""1"": 0.0, ""2"": -1.0, ""3"": 1.0, ""4"": 0.0}"
alibaba-token-plan-cn,qwen3.7-plus,tsp,slots8,relational_minus_niche,productive_collisions,higher,5,-0.4,-1.4,0.4,"{""0"": -2.0, ""1"": 0.0, ""2"": -1.0, ""3"": 1.0, ""4"": 0.0}"
alibaba-token-plan-cn,qwen3.7-plus,tsp,slots8,relational_minus_niche,unproductive_collisions,lower,5,-1.2,-2.2,-0.4,"{""0"": -3.0, ""1"": -1.0, ""2"": 0.0, ""3"": -1.0, ""4"": -1.0}"
alibaba-token-plan-cn,qwen3.7-plus,tsp,slots8,relational_minus_niche,restarts,lower,5,4.2,4.0,4.6,"{""0"": 4.0, ""1"": 4.0, ""2"": 4.0, ""3"": 4.0, ""4"": 5.0}"
alibaba-token-plan-cn,qwen3.7-plus,tsp,slots8,relational_qp_minus_niche,validation_selected_test_loss,lower,5,0.001714139664709087,-0.005463729063756186,0.008930343851905134,"{""0"": 0.006584722423177328, ""1"": -0.0009348159720316621, ""2"": 0.0, ""3"": -0.010989517256642198, ""4"": 0.013910309129041967}"
alibaba-token-plan-cn,qwen3.7-plus,tsp,slots8,relational_qp_minus_niche,validation_selected_test_valid,higher,5,0.0,0.0,0.0,"{""0"": 0.0, ""1"": 0.0, ""2"": 0.0, ""3"": 0.0, ""4"": 0.0}"
alibaba-token-plan-cn,qwen3.7-plus,tsp,slots8,relational_qp_minus_niche,common_gate_test_behavior_modes,higher,5,-1.4,-3.2,0.6,"{""0"": 2.0, ""1"": 0.0, ""2"": -3.0, ""3"": -4.0, ""4"": -2.0}"
alibaba-token-plan-cn,qwen3.7-plus,tsp,slots8,relational_qp_minus_niche,common_gate_test_eligible_size,higher,5,-1.4,-3.8,1.0,"{""0"": 2.0, ""1"": 2.0, ""2"": -4.0, ""3"": -4.0, ""4"": -3.0}"
alibaba-token-plan-cn,qwen3.7-plus,tsp,slots8,relational_qp_minus_niche,valid_fraction,higher,5,0.0,0.0,0.0,"{""0"": 0.0, ""1"": 0.0, ""2"": 0.0, ""3"": 0.0, ""4"": 0.0}"
alibaba-token-plan-cn,qwen3.7-plus,tsp,slots8,relational_qp_minus_niche,tokens_used,lower,5,7749.2,6304.2,9029.6,"{""0"": 9717.0, ""1"": 7868.0, ""2"": 5180.0, ""3"": 7058.0, ""4"": 8923.0}"
alibaba-token-plan-cn,qwen3.7-plus,tsp,slots8,relational_qp_minus_niche,token_budget_valid,higher,0,,,,{}
alibaba-token-plan-cn,qwen3.7-plus,tsp,slots8,relational_qp_minus_niche,learned_selector_test_loss,lower,5,-0.0036223444340541993,-0.019345628347790016,0.01026343024085435,"{""0"": -0.012396647414336708, ""1"": -0.000528869324355731, ""2"": 0.008996152763063509, ""3"": -0.031109215695892298, ""4"": 0.016926857501250232}"
alibaba-token-plan-cn,qwen3.7-plus,tsp,slots8,relational_qp_minus_niche,selector_gain_vs_single,higher,5,0.005336484098763283,-0.004886269783643896,0.015559237981170463,"{""0"": 0.018981369837514035, ""1"": -0.00040594664767593103, ""2"": -0.008996152763063509, ""3"": 0.020119698439250086, ""4"": -0.003016548372208265}"
alibaba-token-plan-cn,qwen3.7-plus,tsp,slots8,relational_qp_minus_niche,selector_seconds_per_instance,lower,5,-0.00035941277811717663,-0.000764349445105634,2.8380554997258684e-05,"{""0"": -0.000381652776721037, ""1"": -0.0005518472236063746, ""2"": -1.4541667446287118e-05, ""3"": -0.0010851194448251694, ""4"": 0.00023609722201298504}"
alibaba-token-plan-cn,qwen3.7-plus,tsp,slots8,relational_qp_minus_niche,oracle_gain_upper_bound,higher,5,-0.0059293963552400075,-0.01843453150461195,0.0042261872575900805,"{""0"": 0.009644634491236488, ""1"": 6.791651982832742e-05, ""2"": -0.026406562367897454, ""3"": -0.013839845812191949, ""4"": 0.0008868753928245494}"
alibaba-token-plan-cn,qwen3.7-plus,tsp,slots8,relational_qp_minus_niche,parent_improvements,higher,5,-1.2,-2.6,-0.2,"{""0"": 0.0, ""1"": -1.0, ""2"": 0.0, ""3"": -4.0, ""4"": -1.0}"
alibaba-token-plan-cn,qwen3.7-plus,tsp,slots8,relational_qp_minus_niche,neighborhood_improvements,higher,5,-0.4,-1.4,0.4,"{""0"": 0.0, ""1"": -2.0, ""2"": -1.0, ""3"": 0.0, ""4"": 1.0}"
alibaba-token-plan-cn,qwen3.7-plus,tsp,slots8,relational_qp_minus_niche,productive_collisions,higher,5,-0.8,-1.4,-0.2,"{""0"": -1.0, ""1"": -2.0, ""2"": -1.0, ""3"": 0.0, ""4"": 0.0}"
alibaba-token-plan-cn,qwen3.7-plus,tsp,slots8,relational_qp_minus_niche,unproductive_collisions,lower,5,-0.2,-1.8,1.2,"{""0"": -3.0, ""1"": 0.0, ""2"": 0.0, ""3"": 0.0, ""4"": 2.0}"
alibaba-token-plan-cn,qwen3.7-plus,tsp,slots8,relational_qp_minus_niche,restarts,lower,5,4.6,4.0,5.4,"{""0"": 4.0, ""1"": 4.0, ""2"": 6.0, ""3"": 4.0, ""4"": 5.0}"
alibaba-token-plan-cn,qwen3.7-plus,tsp,slots8,relational_rr_minus_niche,validation_selected_test_loss,lower,5,0.0016938099618233394,-0.009311774131326115,0.012699394054972793,"{""0"": -0.008389594635321532, ""1"": 0.017838176008390015, ""2"": 0.0, ""3"": -0.014889840692993754, ""4"": 0.013910309129041967}"
alibaba-token-plan-cn,qwen3.7-plus,tsp,slots8,relational_rr_minus_niche,validation_selected_test_valid,higher,5,0.0,0.0,0.0,"{""0"": 0.0, ""1"": 0.0, ""2"": 0.0, ""3"": 0.0, ""4"": 0.0}"
alibaba-token-plan-cn,qwen3.7-plus,tsp,slots8,relational_rr_minus_niche,common_gate_test_behavior_modes,higher,5,-1.4,-2.8,0.2,"{""0"": 0.0, ""1"": 1.0, ""2"": -2.0, ""3"": -4.0, ""4"": -2.0}"
alibaba-token-plan-cn,qwen3.7-plus,tsp,slots8,relational_rr_minus_niche,common_gate_test_eligible_size,higher,5,-1.6,-3.4,0.6,"{""0"": 0.0, ""1"": 2.0, ""2"": -3.0, ""3"": -4.0, ""4"": -3.0}"
alibaba-token-plan-cn,qwen3.7-plus,tsp,slots8,relational_rr_minus_niche,valid_fraction,higher,5,0.0,0.0,0.0,"{""0"": 0.0, ""1"": 0.0, ""2"": 0.0, ""3"": 0.0, ""4"": 0.0}"
alibaba-token-plan-cn,qwen3.7-plus,tsp,slots8,relational_rr_minus_niche,tokens_used,lower,5,7708.2,6207.6,9194.6,"{""0"": 9868.0, ""1"": 9092.0, ""2"": 5209.0, ""3"": 8053.0, ""4"": 6319.0}"
alibaba-token-plan-cn,qwen3.7-plus,tsp,slots8,relational_rr_minus_niche,token_budget_valid,higher,0,,,,{}
alibaba-token-plan-cn,qwen3.7-plus,tsp,slots8,relational_rr_minus_niche,learned_selector_test_loss,lower,5,-0.004660440204503634,-0.021994816849606646,0.009019550143538264,"{""0"": -0.012368954186672595, ""1"": 0.010422559523352137, ""2"": 0.005054215333759375, ""3"": -0.03600922986157092, ""4"": 0.009599208168613836}"
alibaba-token-plan-cn,qwen3.7-plus,tsp,slots8,relational_rr_minus_niche,selector_gain_vs_single,higher,5,0.00635425016632697,-0.0006871857111624233,0.014396073885317546,"{""0"": 0.003979359551351064, ""1"": 0.007415616485037878, ""2"": -0.005054215333759375, ""3"": 0.021119389168577155, ""4"": 0.004311100960428131}"
alibaba-token-plan-cn,qwen3.7-plus,tsp,slots8,relational_rr_minus_niche,selector_seconds_per_instance,lower,5,7.693888878242835e-05,-0.0005962538888626215,0.0007501316664274782,"{""0"": -0.0008897361080420928, ""1"": -0.0005596722249821243, ""2"": 0.0008824305550660938, ""3"": -8.245277826467341e-05, ""4"": 0.0010341250001349384}"
alibaba-token-plan-cn,qwen3.7-plus,tsp,slots8,relational_rr_minus_niche,oracle_gain_upper_bound,higher,5,-0.00140383189562147,-0.011546291877903476,0.008869280496666252,"{""0"": -0.0012404160520123712, ""1"": 0.016099191951810025, ""2"": -0.01022062425011221, ""3"": -0.017926762005806188, ""4"": 0.006269450878013394}"
alibaba-token-plan-cn,qwen3.7-plus,tsp,slots8,relational_rr_minus_niche,parent_improvements,higher,5,-1.4,-2.8,-0.2,"{""0"": 0.0, ""1"": -2.0, ""2"": 0.0, ""3"": -4.0, ""4"": -1.0}"
alibaba-token-plan-cn,qwen3.7-plus,tsp,slots8,relational_rr_minus_niche,neighborhood_improvements,higher,5,0.0,-0.8,0.8,"{""0"": 0.0, ""1"": -1.0, ""2"": -1.0, ""3"": 1.0, ""4"": 1.0}"
alibaba-token-plan-cn,qwen3.7-plus,tsp,slots8,relational_rr_minus_niche,productive_collisions,higher,5,-0.2,-0.8,0.4,"{""0"": 0.0, ""1"": -1.0, ""2"": -1.0, ""3"": 0.0, ""4"": 1.0}"
alibaba-token-plan-cn,qwen3.7-plus,tsp,slots8,relational_rr_minus_niche,unproductive_collisions,lower,5,-0.8,-2.0,0.2,"{""0"": -3.0, ""1"": -1.0, ""2"": 0.0, ""3"": 1.0, ""4"": -1.0}"
alibaba-token-plan-cn,qwen3.7-plus,tsp,slots8,relational_rr_minus_niche,restarts,lower,5,4.8,4.0,5.6,"{""0"": 4.0, ""1"": 4.0, ""2"": 6.0, ""3"": 4.0, ""4"": 6.0}"
alibaba-token-plan-cn,qwen3.7-plus,tsp,slots8,relational_qp_rr_minus_niche,validation_selected_test_loss,lower,5,0.0008752279841284752,-0.008264429742660954,0.009895471771659736,"{""0"": 0.0024866048084666095, ""1"": 0.016492452952766225, ""2"": 0.0, ""3"": -0.014602917840590458, ""4"": 0.0}"
alibaba-token-plan-cn,qwen3.7-plus,tsp,slots8,relational_qp_rr_minus_niche,validation_selected_test_valid,higher,5,0.0,0.0,0.0,"{""0"": 0.0, ""1"": 0.0, ""2"": 0.0, ""3"": 0.0, ""4"": 0.0}"
alibaba-token-plan-cn,qwen3.7-plus,tsp,slots8,relational_qp_rr_minus_niche,common_gate_test_behavior_modes,higher,5,-1.2,-2.2,-0.2,"{""0"": -1.0, ""1"": 0.0, ""2"": -2.0, ""3"": -3.0, ""4"": 0.0}"
alibaba-token-plan-cn,qwen3.7-plus,tsp,slots8,relational_qp_rr_minus_niche,common_gate_test_eligible_size,higher,5,-1.6,-2.6,-0.6,"{""0"": -1.0, ""1"": 0.0, ""2"": -3.0, ""3"": -3.0, ""4"": -1.0}"
alibaba-token-plan-cn,qwen3.7-plus,tsp,slots8,relational_qp_rr_minus_niche,valid_fraction,higher,5,-0.025,-0.075,0.0,"{""0"": 0.0, ""1"": -0.125, ""2"": 0.0, ""3"": 0.0, ""4"": 0.0}"
alibaba-token-plan-cn,qwen3.7-plus,tsp,slots8,relational_qp_rr_minus_niche,tokens_used,lower,5,7806.2,6374.8,9326.4,"{""0"": 10388.0, ""1"": 9147.0, ""2"": 6321.0, ""3"": 6057.0, ""4"": 7118.0}"
alibaba-token-plan-cn,qwen3.7-plus,tsp,slots8,relational_qp_rr_minus_niche,token_budget_valid,higher,0,,,,{}
alibaba-token-plan-cn,qwen3.7-plus,tsp,slots8,relational_qp_rr_minus_niche,learned_selector_test_loss,lower,5,-0.003597256590629476,-0.021579008532264736,0.013729423038636968,"{""0"": -0.01954207409880908, ""1"": 0.019626251421353394, ""2"": 0.013510562328998658, ""3"": -0.03395451029717109, ""4"": 0.002373487692480733}"
alibaba-token-plan-cn,qwen3.7-plus,tsp,slots8,relational_qp_rr_minus_niche,selector_gain_vs_single,higher,5,0.004472484574757948,-0.007132441857530478,0.016460766141964102,"{""0"": 0.022028678907275688, ""1"": -0.003133798468587169, ""2"": -0.013510562328998658, ""3"": 0.019351592456580614, ""4"": -0.002373487692480733}"
alibaba-token-plan-cn,qwen3.7-plus,tsp,slots8,relational_qp_rr_minus_niche,selector_seconds_per_instance,lower,5,-0.00032163277889291444,-0.0008497972235394022,0.00032265555475735006,"{""0"": -0.0009175222237697905, ""1"": -0.0007234638906084001, ""2"": 8.783333275156724e-05, ""3"": -0.0008452388897745148, ""4"": 0.000790227776936566}"
alibaba-token-plan-cn,qwen3.7-plus,tsp,slots8,relational_qp_rr_minus_niche,oracle_gain_upper_bound,higher,5,-0.005498826124676296,-0.013455562543578048,0.0024579102942254545,"{""0"": -0.009893252143465064, ""1"": 0.005738040666209206, ""2"": -0.01500460882785037, ""3"": -0.013687671459362213, ""4"": 0.0053533611410869625}"
alibaba-token-plan-cn,qwen3.7-plus,tsp,slots8,relational_qp_rr_minus_niche,parent_improvements,higher,5,-1.4,-2.6,-0.2,"{""0"": -1.0, ""1"": -3.0, ""2"": 0.0, ""3"": -3.0, ""4"": 0.0}"
alibaba-token-plan-cn,qwen3.7-plus,tsp,slots8,relational_qp_rr_minus_niche,neighborhood_improvements,higher,5,-0.2,-0.8,0.4,"{""0"": 0.0, ""1"": -1.0, ""2"": -1.0, ""3"": 1.0, ""4"": 0.0}"
alibaba-token-plan-cn,qwen3.7-plus,tsp,slots8,relational_qp_rr_minus_niche,productive_collisions,higher,5,-0.4,-0.8,0.0,"{""0"": 0.0, ""1"": -1.0, ""2"": -1.0, ""3"": 0.0, ""4"": 0.0}"
alibaba-token-plan-cn,qwen3.7-plus,tsp,slots8,relational_qp_rr_minus_niche,unproductive_collisions,lower,5,-0.4,-1.8,1.0,"{""0"": -1.0, ""1"": -3.0, ""2"": 2.0, ""3"": 0.0, ""4"": 0.0}"
alibaba-token-plan-cn,qwen3.7-plus,tsp,slots8,relational_qp_rr_minus_niche,restarts,lower,5,4.6,4.0,5.4,"{""0"": 5.0, ""1"": 4.0, ""2"": 6.0, ""3"": 4.0, ""4"": 4.0}"
alibaba-token-plan-cn,qwen3.7-plus,tsp,slots8,quality_protection_main_effect,validation_selected_test_loss,lower,5,0.0046887450329005905,-0.003068699033559655,0.01384389367341371,"{""0"": 0.02021222300022307, ""1"": -0.002320450381779686, ""2"": 0.01090324974817902, ""3"": -0.005351297202119451, ""4"": 0.0}"
alibaba-token-plan-cn,qwen3.7-plus,tsp,slots8,restart_correction_main_effect,validation_selected_test_loss,lower,5,0.004668415330014842,-0.0033703224334468,0.012013108118271614,"{""0"": 0.00523790594172421, ""1"": 0.01645254159864199, ""2"": 0.01090324974817902, ""3"": -0.009251620638471007, ""4"": 0.0}"
alibaba-token-plan-cn,qwen3.7-plus,tsp,slots8,quality_by_restart_interaction,validation_selected_test_loss,lower,5,-0.011014654021190909,-0.02358525652435076,0.002794455096618046,"{""0"": -0.018672047112869856, ""1"": 0.0019494546523117912, ""2"": -0.02180649949635804, ""3"": 0.011276440109045494, ""4"": -0.027820618258083928}"
alibaba-token-plan-cn,qwen3.7-plus,tsp,slots8,quality_protection_main_effect,validation_selected_test_valid,higher,5,0.0,0.0,0.0,"{""0"": 0.0, ""1"": 0.0, ""2"": 0.0, ""3"": 0.0, ""4"": 0.0}"
alibaba-token-plan-cn,qwen3.7-plus,tsp,slots8,restart_correction_main_effect,validation_selected_test_valid,higher,5,0.0,0.0,0.0,"{""0"": 0.0, ""1"": 0.0, ""2"": 0.0, ""3"": 0.0, ""4"": 0.0}"
alibaba-token-plan-cn,qwen3.7-plus,tsp,slots8,quality_by_restart_interaction,validation_selected_test_valid,higher,5,0.0,0.0,0.0,"{""0"": 0.0, ""1"": 0.0, ""2"": 0.0, ""3"": 0.0, ""4"": 0.0}"
alibaba-token-plan-cn,qwen3.7-plus,tsp,slots8,quality_protection_main_effect,common_gate_test_behavior_modes,higher,5,-0.2,-1.2,0.5,"{""0"": 0.5, ""1"": -0.5, ""2"": -2.0, ""3"": 0.5, ""4"": 0.5}"
alibaba-token-plan-cn,qwen3.7-plus,tsp,slots8,restart_correction_main_effect,common_gate_test_behavior_modes,higher,5,-0.2,-1.0,0.5,"{""0"": -1.5, ""1"": 0.5, ""2"": -1.0, ""3"": 0.5, ""4"": 0.5}"
alibaba-token-plan-cn,qwen3.7-plus,tsp,slots8,quality_by_restart_interaction,common_gate_test_behavior_modes,higher,5,0.8,-1.4,3.0,"{""0"": -3.0, ""1"": -1.0, ""2"": 4.0, ""3"": 1.0, ""4"": 3.0}"
alibaba-token-plan-cn,qwen3.7-plus,tsp,slots8,quality_protection_main_effect,common_gate_test_eligible_size,higher,5,-0.6,-1.3,-0.1,"{""0"": -0.5, ""1"": -0.5, ""2"": -2.0, ""3"": 0.0, ""4"": 0.0}"
alibaba-token-plan-cn,qwen3.7-plus,tsp,slots8,restart_correction_main_effect,common_gate_test_eligible_size,higher,5,-0.8,-1.7,-0.1,"{""0"": -2.5, ""1"": -0.5, ""2"": -1.0, ""3"": 0.0, ""4"": 0.0}"
alibaba-token-plan-cn,qwen3.7-plus,tsp,slots8,quality_by_restart_interaction,common_gate_test_eligible_size,higher,5,1.2,-1.2,3.6,"{""0"": -1.0, ""1"": -3.0, ""2"": 4.0, ""3"": 2.0, ""4"": 4.0}"
alibaba-token-plan-cn,qwen3.7-plus,tsp,slots8,quality_protection_main_effect,valid_fraction,higher,5,-0.0125,-0.0375,0.0,"{""0"": 0.0, ""1"": -0.0625, ""2"": 0.0, ""3"": 0.0, ""4"": 0.0}"
alibaba-token-plan-cn,qwen3.7-plus,tsp,slots8,restart_correction_main_effect,valid_fraction,higher,5,-0.0125,-0.0375,0.0,"{""0"": 0.0, ""1"": -0.0625, ""2"": 0.0, ""3"": 0.0, ""4"": 0.0}"
alibaba-token-plan-cn,qwen3.7-plus,tsp,slots8,quality_by_restart_interaction,valid_fraction,higher,5,-0.025,-0.075,0.0,"{""0"": 0.0, ""1"": -0.125, ""2"": 0.0, ""3"": 0.0, ""4"": 0.0}"
alibaba-token-plan-cn,qwen3.7-plus,tsp,slots8,quality_protection_main_effect,tokens_used,lower,5,79.0,-862.2,1020.2,"{""0"": 1606.5, ""1"": -1082.5, ""2"": -270.0, ""3"": -938.0, ""4"": 1079.0}"
alibaba-token-plan-cn,qwen3.7-plus,tsp,slots8,restart_correction_main_effect,tokens_used,lower,5,38.0,-875.3,1034.6,"{""0"": 1757.5, ""1"": 141.5, ""2"": -241.0, ""3"": 57.0, ""4"": -1525.0}"
alibaba-token-plan-cn,qwen3.7-plus,tsp,slots8,quality_by_restart_interaction,tokens_used,lower,5,38.0,-1827.6,1903.6,"{""0"": -2173.0, ""1"": 2275.0, ""2"": 2764.0, ""3"": -2116.0, ""4"": -560.0}"
alibaba-token-plan-cn,qwen3.7-plus,tsp,slots8,quality_protection_main_effect,token_budget_valid,higher,0,,,,{}
alibaba-token-plan-cn,qwen3.7-plus,tsp,slots8,restart_correction_main_effect,token_budget_valid,higher,0,,,,{}
alibaba-token-plan-cn,qwen3.7-plus,tsp,slots8,quality_by_restart_interaction,token_budget_valid,higher,0,,,,{}
alibaba-token-plan-cn,qwen3.7-plus,tsp,slots8,quality_protection_main_effect,learned_selector_test_loss,lower,5,0.005088162577478498,-0.0030946942440189702,0.012117215799799685,"{""0"": 0.009377477048812043, ""1"": 0.00606841221726722, ""2"": 0.016226823926281147, ""3"": -0.009309523981969488, ""4"": 0.003077623677001571}"
alibaba-token-plan-cn,qwen3.7-plus,tsp,slots8,restart_correction_main_effect,learned_selector_test_loss,lower,5,0.004050066807029064,-0.00691875072032043,0.013602925080076073,"{""0"": 0.009405170276476155, ""1"": 0.01701984106497509, ""2"": 0.012284886496977013, ""3"": -0.014209538147648113, ""4"": -0.004250025655634825}"
alibaba-token-plan-cn,qwen3.7-plus,tsp,slots8,quality_by_restart_interaction,learned_selector_test_loss,lower,5,-0.008049957927208683,-0.024591343663683308,0.010769866466682935,"{""0"": -0.03310119392189706, ""1"": 0.006270559361468073, ""2"": -0.015540953862083727, ""3"": 0.02272848709273865, ""4"": -0.020606688306269348}"
alibaba-token-plan-cn,qwen3.7-plus,tsp,slots8,quality_protection_main_effect,selector_gain_vs_single,higher,5,-0.00039941754457790935,-0.006100499446259927,0.006227778091196197,"{""0"": 0.010834745951411026, ""1"": -0.008388862599046906, ""2"": -0.005323574178102126, ""3"": 0.0039582267798500305, ""4"": -0.003077623677001571}"
alibaba-token-plan-cn,qwen3.7-plus,tsp,slots8,restart_correction_main_effect,selector_gain_vs_single,higher,5,0.0006183485229857777,-0.0023330203266865948,0.00356971737265815,"{""0"": -0.004167264334751945, ""1"": -0.0005672994663330974, ""2"": -0.0013816367487979927, ""3"": 0.004957917509177099, ""4"": 0.004250025655634825}"
alibaba-token-plan-cn,qwen3.7-plus,tsp,slots8,quality_by_restart_interaction,selector_gain_vs_single,higher,5,-0.0029646960939822254,-0.008988558258902005,0.006151269831706592,"{""0"": 0.014429146809027196, ""1"": -0.0043211047091562815, ""2"": -0.0062655456342743145, ""3"": -0.011452046983693141, ""4"": -0.007213929951814586}"
alibaba-token-plan-cn,qwen3.7-plus,tsp,slots8,quality_protection_main_effect,selector_seconds_per_instance,lower,5,-0.00046189444482378254,-0.0008946397218904976,-4.995389026589692e-05,"{""0"": 5.9856941030981604e-05, ""1"": -0.00032316388872762514, ""2"": -0.000809488887575248, ""3"": -0.0012135166665151096, ""4"": -2.3159722331911325e-05}"
alibaba-token-plan-cn,qwen3.7-plus,tsp,slots8,restart_correction_main_effect,selector_seconds_per_instance,lower,5,-2.554277792417752e-05,-0.0003538561121483023,0.000392772222403437,"{""0"": -0.00044822639029007416, ""1"": -0.00033098889010337485, ""2"": 8.74833349371329e-05, ""3"": -0.0002108499999546135, ""4"": 0.000774868055790042}"
alibaba-token-plan-cn,qwen3.7-plus,tsp,slots8,quality_by_restart_interaction,selector_seconds_per_instance,lower,5,0.00012664555429687927,-0.00024074777999582385,0.0005527899982148987,"{""0"": -0.0001752861135173589, ""1"": 0.00031874444620269863, ""2"": 2.978333052144292e-05, ""3"": 0.0009014611100105359, ""4"": -0.00044147500173292217}"
alibaba-token-plan-cn,qwen3.7-plus,tsp,slots8,quality_protection_main_effect,oracle_gain_upper_bound,higher,5,-0.0027231426015000377,-0.008309966294359298,0.002836061820945939,"{""0"": 0.006922800872952314, ""1"": -0.007800676719492142, ""2"": -0.011653912652556412, ""3"": -0.0022965077137688424, ""4"": 0.0012125832053648932}"
alibaba-token-plan-cn,qwen3.7-plus,tsp,slots8,restart_correction_main_effect,oracle_gain_upper_bound,higher,5,0.0018024218581184997,-0.0033034725403784104,0.006836708054263084,"{""0"": -0.003962249670296545, ""1"": 0.008230598712489556, ""2"": 0.0045320254652288314, ""3"": -0.006383423907383081, ""4"": 0.006595158690553738}"
alibaba-token-plan-cn,qwen3.7-plus,tsp,slots8,quality_by_restart_interaction,oracle_gain_upper_bound,higher,5,-0.0027437032551095772,-0.017100714879644353,0.009872951891108326,"{""0"": -0.03115127392881002, ""1"": -0.005120949132217355, ""2"": 0.013739856149636503, ""3"": 0.013071196520425633, ""4"": -0.004257345884582649}"
alibaba-token-plan-cn,qwen3.7-plus,tsp,slots8,quality_protection_main_effect,parent_improvements,higher,5,0.2,-0.2,0.5,"{""0"": 0.0, ""1"": 0.5, ""2"": -0.5, ""3"": 0.5, ""4"": 0.5}"
alibaba-token-plan-cn,qwen3.7-plus,tsp,slots8,restart_correction_main_effect,parent_improvements,higher,5,0.0,-0.4,0.4,"{""0"": 0.0, ""1"": -0.5, ""2"": -0.5, ""3"": 0.5, ""4"": 0.5}"
alibaba-token-plan-cn,qwen3.7-plus,tsp,slots8,quality_by_restart_interaction,parent_improvements,higher,5,-0.4,-2.0,1.0,"{""0"": -2.0, ""1"": -3.0, ""2"": 1.0, ""3"": 1.0, ""4"": 1.0}"
alibaba-token-plan-cn,qwen3.7-plus,tsp,slots8,quality_protection_main_effect,neighborhood_improvements,higher,5,-0.1,-0.6,0.5,"{""0"": 1.0, ""1"": -1.0, ""2"": 0.0, ""3"": -0.5, ""4"": 0.0}"
alibaba-token-plan-cn,qwen3.7-plus,tsp,slots8,restart_correction_main_effect,neighborhood_improvements,higher,5,0.3,0.0,0.7,"{""0"": 1.0, ""1"": 0.0, ""2"": 0.0, ""3"": 0.5, ""4"": 0.0}"
alibaba-token-plan-cn,qwen3.7-plus,tsp,slots8,quality_by_restart_interaction,neighborhood_improvements,higher,5,-0.2,-1.6,1.2,"{""0"": -2.0, ""1"": 2.0, ""2"": 0.0, ""3"": 1.0, ""4"": -2.0}"
alibaba-token-plan-cn,qwen3.7-plus,tsp,slots8,quality_protection_main_effect,productive_collisions,higher,5,-0.3,-0.7,0.2,"{""0"": 0.5, ""1"": -1.0, ""2"": 0.0, ""3"": -0.5, ""4"": -0.5}"
alibaba-token-plan-cn,qwen3.7-plus,tsp,slots8,restart_correction_main_effect,productive_collisions,higher,5,0.3,-0.2,0.9,"{""0"": 1.5, ""1"": 0.0, ""2"": 0.0, ""3"": -0.5, ""4"": 0.5}"
alibaba-token-plan-cn,qwen3.7-plus,tsp,slots8,quality_by_restart_interaction,productive_collisions,higher,5,0.2,-0.8,1.2,"{""0"": -1.0, ""1"": 2.0, ""2"": 0.0, ""3"": 1.0, ""4"": -1.0}"
alibaba-token-plan-cn,qwen3.7-plus,tsp,slots8,quality_protection_main_effect,unproductive_collisions,lower,5,0.7,-0.1,1.4,"{""0"": 1.0, ""1"": -0.5, ""2"": 1.0, ""3"": 0.0, ""4"": 2.0}"
alibaba-token-plan-cn,qwen3.7-plus,tsp,slots8,restart_correction_main_effect,unproductive_collisions,lower,5,0.1,-0.9,1.0,"{""0"": 1.0, ""1"": -1.5, ""2"": 1.0, ""3"": 1.0, ""4"": -1.0}"
alibaba-token-plan-cn,qwen3.7-plus,tsp,slots8,quality_by_restart_interaction,unproductive_collisions,lower,5,-0.6,-2.4,1.2,"{""0"": 2.0, ""1"": -3.0, ""2"": 2.0, ""3"": -2.0, ""4"": -2.0}"
alibaba-token-plan-cn,qwen3.7-plus,tsp,slots8,quality_protection_main_effect,restarts,lower,5,0.1,-0.5,0.6,"{""0"": 0.5, ""1"": 0.0, ""2"": 1.0, ""3"": 0.0, ""4"": -1.0}"
alibaba-token-plan-cn,qwen3.7-plus,tsp,slots8,restart_correction_main_effect,restarts,lower,5,0.3,0.0,0.7,"{""0"": 0.5, ""1"": 0.0, ""2"": 1.0, ""3"": 0.0, ""4"": 0.0}"
alibaba-token-plan-cn,qwen3.7-plus,tsp,slots8,quality_by_restart_interaction,restarts,lower,5,-0.6,-1.6,0.4,"{""0"": 1.0, ""1"": 0.0, ""2"": -2.0, ""3"": 0.0, ""4"": -2.0}"
alibaba-token-plan-cn,qwen3.7-plus,tsp,tokens30000,relational_minus_niche,validation_selected_test_loss,lower,5,0.0007061277009452457,-0.003718901835714908,0.005513254415256637,"{""0"": -0.006468195162269853, ""1"": -0.0021680982169332425, ""2"": 0.0, ""3"": 0.002978174525168263, ""4"": 0.009188757358761061}"
alibaba-token-plan-cn,qwen3.7-plus,tsp,tokens30000,relational_minus_niche,validation_selected_test_valid,higher,5,0.0,0.0,0.0,"{""0"": 0.0, ""1"": 0.0, ""2"": 0.0, ""3"": 0.0, ""4"": 0.0}"
alibaba-token-plan-cn,qwen3.7-plus,tsp,tokens30000,relational_minus_niche,common_gate_test_behavior_modes,higher,5,-1.2,-2.2,-0.2,"{""0"": -1.0, ""1"": 0.0, ""2"": -2.0, ""3"": 0.0, ""4"": -3.0}"
alibaba-token-plan-cn,qwen3.7-plus,tsp,tokens30000,relational_minus_niche,common_gate_test_eligible_size,higher,5,-1.6,-3.4,-0.2,"{""0"": -1.0, ""1"": 0.0, ""2"": -2.0, ""3"": 0.0, ""4"": -5.0}"
alibaba-token-plan-cn,qwen3.7-plus,tsp,tokens30000,relational_minus_niche,valid_fraction,higher,5,0.0,0.0,0.0,"{""0"": 0.0, ""1"": 0.0, ""2"": 0.0, ""3"": 0.0, ""4"": 0.0}"
alibaba-token-plan-cn,qwen3.7-plus,tsp,tokens30000,relational_minus_niche,tokens_used,lower,5,-3785.0,-4652.2,-3093.0,"{""0"": -4014.0, ""1"": -3451.0, ""2"": -2885.0, ""3"": -5453.0, ""4"": -3122.0}"
alibaba-token-plan-cn,qwen3.7-plus,tsp,tokens30000,relational_minus_niche,token_budget_valid,higher,5,0.0,0.0,0.0,"{""0"": 0.0, ""1"": 0.0, ""2"": 0.0, ""3"": 0.0, ""4"": 0.0}"
alibaba-token-plan-cn,qwen3.7-plus,tsp,tokens30000,relational_minus_niche,learned_selector_test_loss,lower,5,0.006143736402296793,0.0008736066946405136,0.013923731838741033,"{""0"": -0.0013239593337594086, ""1"": 0.003921401971426354, ""2"": 0.020748709909944076, ""3"": 0.005033878750299148, ""4"": 0.002338650713573795}"
alibaba-token-plan-cn,qwen3.7-plus,tsp,tokens30000,relational_minus_niche,selector_gain_vs_single,higher,5,-0.005437608701351547,-0.014078266828664542,0.0018633167837383516,"{""0"": -0.005144235828510445, ""1"": -0.0060895001883595964, ""2"": -0.020748709909944076, ""3"": -0.0020557042251308846, ""4"": 0.006850106645187266}"
alibaba-token-plan-cn,qwen3.7-plus,tsp,tokens30000,relational_minus_niche,selector_seconds_per_instance,lower,5,-0.00014567944454029212,-0.000807371668310629,0.0005160127792300448,"{""0"": -0.0008275222240222825, ""1"": 0.0008861277795707185, ""2"": -0.000675619444033752, ""3"": 0.0007417138905212695, ""4"": -0.0008530972247374142}"
alibaba-token-plan-cn,qwen3.7-plus,tsp,tokens30000,relational_minus_niche,oracle_gain_upper_bound,higher,5,-0.008905943033361164,-0.01472919802350533,-0.003711864304231041,"{""0"": -0.005965658215458143, ""1"": -0.013623727849556955, ""2"": -0.01864349744894219, ""3"": -0.002205061731705406, ""4"": -0.004091769921143126}"
alibaba-token-plan-cn,qwen3.7-plus,tsp,tokens30000,relational_minus_niche,parent_improvements,higher,5,-2.2,-3.0,-1.0,"{""0"": -2.0, ""1"": -3.0, ""2"": 0.0, ""3"": -3.0, ""4"": -3.0}"
alibaba-token-plan-cn,qwen3.7-plus,tsp,tokens30000,relational_minus_niche,neighborhood_improvements,higher,5,-0.8,-3.0,0.6,"{""0"": 0.0, ""1"": -5.0, ""2"": 0.0, ""3"": 1.0, ""4"": 0.0}"
alibaba-token-plan-cn,qwen3.7-plus,tsp,tokens30000,relational_minus_niche,productive_collisions,higher,5,-1.0,-2.6,0.0,"{""0"": -1.0, ""1"": -4.0, ""2"": 0.0, ""3"": 0.0, ""4"": 0.0}"
alibaba-token-plan-cn,qwen3.7-plus,tsp,tokens30000,relational_minus_niche,unproductive_collisions,lower,5,-2.6,-3.0,-2.2,"{""0"": -3.0, ""1"": -2.0, ""2"": -3.0, ""3"": -2.0, ""4"": -3.0}"
alibaba-token-plan-cn,qwen3.7-plus,tsp,tokens30000,relational_minus_niche,restarts,lower,5,3.4,2.6,4.0,"{""0"": 4.0, ""1"": 3.0, ""2"": 4.0, ""3"": 2.0, ""4"": 4.0}"
alibaba-token-plan-cn,qwen3.7-plus,tsp,tokens30000,relational_qp_minus_niche,validation_selected_test_loss,lower,5,0.0043802053320344935,0.0003870032912222862,0.0083734073728467,"{""0"": 0.002654032889092002, ""1"": 0.010417744628809691, ""2"": 0.0, ""3"": -0.00035950821649028547, ""4"": 0.009188757358761061}"
alibaba-token-plan-cn,qwen3.7-plus,tsp,tokens30000,relational_qp_minus_niche,validation_selected_test_valid,higher,5,0.0,0.0,0.0,"{""0"": 0.0, ""1"": 0.0, ""2"": 0.0, ""3"": 0.0, ""4"": 0.0}"
alibaba-token-plan-cn,qwen3.7-plus,tsp,tokens30000,relational_qp_minus_niche,common_gate_test_behavior_modes,higher,5,-0.8,-2.0,0.0,"{""0"": 0.0, ""1"": -1.0, ""2"": 0.0, ""3"": 0.0, ""4"": -3.0}"
alibaba-token-plan-cn,qwen3.7-plus,tsp,tokens30000,relational_qp_minus_niche,common_gate_test_eligible_size,higher,5,-1.0,-3.0,0.0,"{""0"": 0.0, ""1"": 0.0, ""2"": 0.0, ""3"": 0.0, ""4"": -5.0}"
alibaba-token-plan-cn,qwen3.7-plus,tsp,tokens30000,relational_qp_minus_niche,valid_fraction,higher,5,0.0,0.0,0.0,"{""0"": 0.0, ""1"": 0.0, ""2"": 0.0, ""3"": 0.0, ""4"": 0.0}"
alibaba-token-plan-cn,qwen3.7-plus,tsp,tokens30000,relational_qp_minus_niche,tokens_used,lower,5,-3844.0,-4400.4,-3018.6,"{""0"": -4104.0, ""1"": -4143.0, ""2"": -2293.0, ""3"": -4609.0, ""4"": -4071.0}"
alibaba-token-plan-cn,qwen3.7-plus,tsp,tokens30000,relational_qp_minus_niche,token_budget_valid,higher,5,0.0,0.0,0.0,"{""0"": 0.0, ""1"": 0.0, ""2"": 0.0, ""3"": 0.0, ""4"": 0.0}"
alibaba-token-plan-cn,qwen3.7-plus,tsp,tokens30000,relational_qp_minus_niche,learned_selector_test_loss,lower,5,0.011270247364228606,0.000606442575390144,0.021439175996473502,"{""0"": 0.0006894281841632738, ""1"": 0.016189875511902686, ""2"": 0.025067010211978942, ""3"": -0.006031069110155343, ""4"": 0.020435992023253476}"
alibaba-token-plan-cn,qwen3.7-plus,tsp,tokens30000,relational_qp_minus_niche,selector_gain_vs_single,higher,5,-0.0068900420321941075,-0.016896732119100102,0.0019000400628189236,"{""0"": 0.0019646047049287282, ""1"": -0.005772130883092981, ""2"": -0.025067010211978942, ""3"": 0.005671560893665072, ""4"": -0.011247234664492414}"
alibaba-token-plan-cn,qwen3.7-plus,tsp,tokens30000,relational_qp_minus_niche,selector_seconds_per_instance,lower,5,-0.0001596772228367627,-0.0007738388906646935,0.00046218999971946086,"{""0"": -0.0006823444467348358, ""1"": 0.0007639777775491693, ""2"": -0.0006582555555117628, ""3"": 0.0007013611126846324, ""4"": -0.0009231250021710165}"
alibaba-token-plan-cn,qwen3.7-plus,tsp,tokens30000,relational_qp_minus_niche,oracle_gain_upper_bound,higher,5,-0.0019371427746510254,-0.005894820594436857,0.003197635530346255,"{""0"": -0.001906141424632704, ""1"": -0.0026185106668903113, ""2"": -0.004570211391578326, ""3"": 0.0074881768226474354, ""4"": -0.00807902721280122}"
alibaba-token-plan-cn,qwen3.7-plus,tsp,tokens30000,relational_qp_minus_niche,parent_improvements,higher,5,-1.8,-2.6,-0.8,"{""0"": -2.0, ""1"": -2.0, ""2"": 0.0, ""3"": -2.0, ""4"": -3.0}"
alibaba-token-plan-cn,qwen3.7-plus,tsp,tokens30000,relational_qp_minus_niche,neighborhood_improvements,higher,5,-0.2,-2.2,1.2,"{""0"": 1.0, ""1"": -4.0, ""2"": 0.0, ""3"": 0.0, ""4"": 2.0}"
alibaba-token-plan-cn,qwen3.7-plus,tsp,tokens30000,relational_qp_minus_niche,productive_collisions,higher,5,-0.8,-2.0,0.2,"{""0"": -1.0, ""1"": -3.0, ""2"": 0.0, ""3"": -1.0, ""4"": 1.0}"
alibaba-token-plan-cn,qwen3.7-plus,tsp,tokens30000,relational_qp_minus_niche,unproductive_collisions,lower,5,-2.4,-2.8,-2.0,"{""0"": -3.0, ""1"": -2.0, ""2"": -3.0, ""3"": -2.0, ""4"": -2.0}"
alibaba-token-plan-cn,qwen3.7-plus,tsp,tokens30000,relational_qp_minus_niche,restarts,lower,5,3.2,2.4,4.0,"{""0"": 4.0, ""1"": 2.0, ""2"": 4.0, ""3"": 2.0, ""4"": 4.0}"
alibaba-token-plan-cn,qwen3.7-plus,tsp,tokens30000,relational_rr_minus_niche,validation_selected_test_loss,lower,5,0.004329906522961587,-0.0042156804213900915,0.014391417657109652,"{""0"": 0.02219540810463253, ""1"": -0.01026626330856293, ""2"": 0.0, ""3"": 0.0005316304599772698, ""4"": 0.009188757358761061}"
alibaba-token-plan-cn,qwen3.7-plus,tsp,tokens30000,relational_rr_minus_niche,validation_selected_test_valid,higher,5,0.0,0.0,0.0,"{""0"": 0.0, ""1"": 0.0, ""2"": 0.0, ""3"": 0.0, ""4"": 0.0}"
alibaba-token-plan-cn,qwen3.7-plus,tsp,tokens30000,relational_rr_minus_niche,common_gate_test_behavior_modes,higher,5,0.4,-0.8,1.8,"{""0"": 0.0, ""1"": 3.0, ""2"": 1.0, ""3"": -1.0, ""4"": -1.0}"
alibaba-token-plan-cn,qwen3.7-plus,tsp,tokens30000,relational_rr_minus_niche,common_gate_test_eligible_size,higher,5,0.2,-1.2,1.8,"{""0"": 0.0, ""1"": 3.0, ""2"": 1.0, ""3"": -1.0, ""4"": -2.0}"
alibaba-token-plan-cn,qwen3.7-plus,tsp,tokens30000,relational_rr_minus_niche,valid_fraction,higher,5,0.0,0.0,0.0,"{""0"": 0.0, ""1"": 0.0, ""2"": 0.0, ""3"": 0.0, ""4"": 0.0}"
alibaba-token-plan-cn,qwen3.7-plus,tsp,tokens30000,relational_rr_minus_niche,tokens_used,lower,5,-4176.8,-5815.6,-2538.0,"{""0"": -6663.0, ""1"": -2341.0, ""2"": -3512.0, ""3"": -6120.0, ""4"": -2248.0}"
alibaba-token-plan-cn,qwen3.7-plus,tsp,tokens30000,relational_rr_minus_niche,token_budget_valid,higher,5,0.0,0.0,0.0,"{""0"": 0.0, ""1"": 0.0, ""2"": 0.0, ""3"": 0.0, ""4"": 0.0}"
alibaba-token-plan-cn,qwen3.7-plus,tsp,tokens30000,relational_rr_minus_niche,learned_selector_test_loss,lower,5,0.008210267458272351,-0.002404831655653518,0.018825366572198222,"{""0"": 0.023383452549594216, ""1"": -0.004255613650359091, ""2"": 0.018761813790857437, ""3"": -0.006674615578818599, ""4"": 0.009836300180087791}"
alibaba-token-plan-cn,qwen3.7-plus,tsp,tokens30000,relational_rr_minus_niche,selector_gain_vs_single,higher,5,-0.0038803609353107614,-0.011732306052499131,0.002884008802644419,"{""0"": -0.0011880444449616709, ""1"": -0.0060106496582038385, ""2"": -0.018761813790857437, ""3"": 0.007206246038795869, ""4"": -0.0006475428213267298}"
alibaba-token-plan-cn,qwen3.7-plus,tsp,tokens30000,relational_rr_minus_niche,selector_seconds_per_instance,lower,5,-9.593388854732937e-05,-0.0005968083342951204,0.00047239555796194414,"{""0"": 2.9750000168052466e-06, ""1"": 0.0009293583376954, ""2"": -0.00042907222329328443, ""3"": -4.580554862817056e-06, ""4"": -0.0009783500022927506}"
alibaba-token-plan-cn,qwen3.7-plus,tsp,tokens30000,relational_rr_minus_niche,oracle_gain_upper_bound,higher,5,0.003800288002274616,-0.0028486489094852936,0.012187820620298174,"{""0"": 0.018112709501138573, ""1"": -0.003129790607454618, ""2"": -0.002582453480386028, ""3"": -0.0027006049260656015, ""4"": 0.009301579524140756}"
alibaba-token-plan-cn,qwen3.7-plus,tsp,tokens30000,relational_rr_minus_niche,parent_improvements,higher,5,-1.6,-2.4,-0.6,"{""0"": -2.0, ""1"": -1.0, ""2"": 0.0, ""3"": -2.0, ""4"": -3.0}"
alibaba-token-plan-cn,qwen3.7-plus,tsp,tokens30000,relational_rr_minus_niche,neighborhood_improvements,higher,5,-0.2,-2.6,1.4,"{""0"": 1.0, ""1"": -5.0, ""2"": 0.0, ""3"": 1.0, ""4"": 2.0}"
alibaba-token-plan-cn,qwen3.7-plus,tsp,tokens30000,relational_rr_minus_niche,productive_collisions,higher,5,-0.6,-2.4,0.6,"{""0"": 0.0, ""1"": -4.0, ""2"": 0.0, ""3"": 0.0, ""4"": 1.0}"
alibaba-token-plan-cn,qwen3.7-plus,tsp,tokens30000,relational_rr_minus_niche,unproductive_collisions,lower,5,-2.4,-2.8,-2.0,"{""0"": -3.0, ""1"": -2.0, ""2"": -3.0, ""3"": -2.0, ""4"": -2.0}"
alibaba-token-plan-cn,qwen3.7-plus,tsp,tokens30000,relational_rr_minus_niche,restarts,lower,5,2.6,2.2,3.0,"{""0"": 3.0, ""1"": 2.0, ""2"": 3.0, ""3"": 2.0, ""4"": 3.0}"
alibaba-token-plan-cn,qwen3.7-plus,tsp,tokens30000,relational_qp_rr_minus_niche,validation_selected_test_loss,lower,5,0.008197437139345485,0.0024333863767858647,0.015750631239565382,"{""0"": 0.02219540810463253, ""1"": 0.006624845708165572, ""2"": 0.0, ""3"": 0.002978174525168263, ""4"": 0.009188757358761061}"
alibaba-token-plan-cn,qwen3.7-plus,tsp,tokens30000,relational_qp_rr_minus_niche,validation_selected_test_valid,higher,5,0.0,0.0,0.0,"{""0"": 0.0, ""1"": 0.0, ""2"": 0.0, ""3"": 0.0, ""4"": 0.0}"
alibaba-token-plan-cn,qwen3.7-plus,tsp,tokens30000,relational_qp_rr_minus_niche,common_gate_test_behavior_modes,higher,5,-1.4,-2.8,0.0,"{""0"": -1.0, ""1"": -1.0, ""2"": 1.0, ""3"": -2.0, ""4"": -4.0}"
alibaba-token-plan-cn,qwen3.7-plus,tsp,tokens30000,relational_qp_rr_minus_niche,common_gate_test_eligible_size,higher,5,-1.8,-4.0,0.0,"{""0"": -1.0, ""1"": -1.0, ""2"": 1.0, ""3"": -2.0, ""4"": -6.0}"
alibaba-token-plan-cn,qwen3.7-plus,tsp,tokens30000,relational_qp_rr_minus_niche,valid_fraction,higher,5,0.0,0.0,0.0,"{""0"": 0.0, ""1"": 0.0, ""2"": 0.0, ""3"": 0.0, ""4"": 0.0}"
alibaba-token-plan-cn,qwen3.7-plus,tsp,tokens30000,relational_qp_rr_minus_niche,tokens_used,lower,5,-3615.8,-4477.4,-2818.2,"{""0"": -2527.0, ""1"": -2961.0, ""2"": -3115.0, ""3"": -4501.0, ""4"": -4975.0}"
alibaba-token-plan-cn,qwen3.7-plus,tsp,tokens30000,relational_qp_rr_minus_niche,token_budget_valid,higher,5,0.0,0.0,0.0,"{""0"": 0.0, ""1"": 0.0, ""2"": 0.0, ""3"": 0.0, ""4"": 0.0}"
alibaba-token-plan-cn,qwen3.7-plus,tsp,tokens30000,relational_qp_rr_minus_niche,learned_selector_test_loss,lower,5,0.013189417970970957,0.0020659859088909493,0.023519040668907375,"{""0"": 0.031134122789424207, ""1"": 0.01692668146600263, ""2"": 0.007266153510261622, ""3"": -0.00573426549316506, ""4"": 0.016354397582331377}"
alibaba-token-plan-cn,qwen3.7-plus,tsp,tokens30000,relational_qp_rr_minus_niche,selector_gain_vs_single,higher,5,-0.004991980831625465,-0.009211338899400737,0.002006593029327598,"{""0"": -0.008938714684791661, ""1"": -0.010301835757837045, ""2"": -0.007266153510261622, ""3"": 0.008712440018333323, ""4"": -0.007165640223570316}"
alibaba-token-plan-cn,qwen3.7-plus,tsp,tokens30000,relational_qp_rr_minus_niche,selector_seconds_per_instance,lower,5,0.0001027200002378474,-0.0004960694460250023,0.0006411500009966808,"{""0"": 0.0007318638866612068, ""1"": 0.0007419305588377432, ""2"": -0.00022142777904971597, ""3"": 0.0002581611139855038, ""4"": -0.000996927779245501}"
alibaba-token-plan-cn,qwen3.7-plus,tsp,tokens30000,relational_qp_rr_minus_niche,oracle_gain_upper_bound,higher,5,-0.003183346367618903,-0.01804731185728219,0.006744139684651805,"{""0"": 0.010610412870119788, ""1"": 0.005449151292599971, ""2"": -0.0015386835713906977, ""3"": 0.0009447299064498302, ""4"": -0.031382342335873406}"
alibaba-token-plan-cn,qwen3.7-plus,tsp,tokens30000,relational_qp_rr_minus_niche,parent_improvements,higher,5,-2.2,-3.0,-1.0,"{""0"": -2.0, ""1"": -3.0, ""2"": 0.0, ""3"": -3.0, ""4"": -3.0}"
alibaba-token-plan-cn,qwen3.7-plus,tsp,tokens30000,relational_qp_rr_minus_niche,neighborhood_improvements,higher,5,-0.8,-2.4,0.0,"{""0"": 0.0, ""1"": -4.0, ""2"": 0.0, ""3"": 0.0, ""4"": 0.0}"
alibaba-token-plan-cn,qwen3.7-plus,tsp,tokens30000,relational_qp_rr_minus_niche,productive_collisions,higher,5,-1.0,-2.0,-0.2,"{""0"": -1.0, ""1"": -3.0, ""2"": 0.0, ""3"": -1.0, ""4"": 0.0}"
alibaba-token-plan-cn,qwen3.7-plus,tsp,tokens30000,relational_qp_rr_minus_niche,unproductive_collisions,lower,5,-2.0,-2.6,-1.4,"{""0"": -2.0, ""1"": -1.0, ""2"": -2.0, ""3"": -2.0, ""4"": -3.0}"
alibaba-token-plan-cn,qwen3.7-plus,tsp,tokens30000,relational_qp_rr_minus_niche,restarts,lower,5,3.0,2.2,3.8,"{""0"": 4.0, ""1"": 2.0, ""2"": 3.0, ""3"": 2.0, ""4"": 4.0}"
alibaba-token-plan-cn,qwen3.7-plus,tsp,tokens30000,quality_protection_main_effect,validation_selected_test_loss,lower,5,0.0037708041237365735,-0.00017822773529351104,0.009666194496230861,"{""0"": 0.004561114025680928, ""1"": 0.014738475931235718, ""2"": 0.0, ""3"": -0.0004455693382337776, ""4"": 0.0}"
alibaba-token-plan-cn,qwen3.7-plus,tsp,tokens30000,restart_correction_main_effect,validation_selected_test_loss,lower,5,0.0037205053146636665,-0.0034782053360353864,0.014461493544732872,"{""0"": 0.024102489241221457, ""1"": -0.005945532006136903, ""2"": 0.0, ""3"": 0.0004455693382337776, ""4"": 0.0}"
alibaba-token-plan-cn,qwen3.7-plus,tsp,tokens30000,quality_by_restart_interaction,validation_selected_test_loss,lower,5,0.00019345298529465093,-0.00461228359662,0.004331589318306839,"{""0"": -0.009122228051361855, ""1"": 0.004305266170985568, ""2"": 0.0, ""3"": 0.005784226806849542, ""4"": 0.0}"
alibaba-token-plan-cn,qwen3.7-plus,tsp,tokens30000,quality_protection_main_effect,validation_selected_test_valid,higher,5,0.0,0.0,0.0,"{""0"": 0.0, ""1"": 0.0, ""2"": 0.0, ""3"": 0.0, ""4"": 0.0}"
alibaba-token-plan-cn,qwen3.7-plus,tsp,tokens30000,restart_correction_main_effect,validation_selected_test_valid,higher,5,0.0,0.0,0.0,"{""0"": 0.0, ""1"": 0.0, ""2"": 0.0, ""3"": 0.0, ""4"": 0.0}"
alibaba-token-plan-cn,qwen3.7-plus,tsp,tokens30000,quality_by_restart_interaction,validation_selected_test_valid,higher,5,0.0,0.0,0.0,"{""0"": 0.0, ""1"": 0.0, ""2"": 0.0, ""3"": 0.0, ""4"": 0.0}"
alibaba-token-plan-cn,qwen3.7-plus,tsp,tokens30000,quality_protection_main_effect,common_gate_test_behavior_modes,higher,5,-0.7,-1.8,0.3,"{""0"": 0.0, ""1"": -2.5, ""2"": 1.0, ""3"": -0.5, ""4"": -1.5}"
alibaba-token-plan-cn,qwen3.7-plus,tsp,tokens30000,restart_correction_main_effect,common_gate_test_behavior_modes,higher,5,0.5,-0.6,1.5,"{""0"": 0.0, ""1"": 1.5, ""2"": 2.0, ""3"": -1.5, ""4"": 0.5}"
alibaba-token-plan-cn,qwen3.7-plus,tsp,tokens30000,quality_by_restart_interaction,common_gate_test_behavior_modes,higher,5,-2.2,-2.8,-1.6,"{""0"": -2.0, ""1"": -3.0, ""2"": -2.0, ""3"": -1.0, ""4"": -3.0}"
alibaba-token-plan-cn,qwen3.7-plus,tsp,tokens30000,quality_protection_main_effect,common_gate_test_eligible_size,higher,5,-0.7,-1.7,0.3,"{""0"": 0.0, ""1"": -2.0, ""2"": 1.0, ""3"": -0.5, ""4"": -2.0}"
alibaba-token-plan-cn,qwen3.7-plus,tsp,tokens30000,restart_correction_main_effect,common_gate_test_eligible_size,higher,5,0.5,-0.6,1.4,"{""0"": 0.0, ""1"": 1.0, ""2"": 2.0, ""3"": -1.5, ""4"": 1.0}"
alibaba-token-plan-cn,qwen3.7-plus,tsp,tokens30000,quality_by_restart_interaction,common_gate_test_eligible_size,higher,5,-2.6,-3.6,-1.6,"{""0"": -2.0, ""1"": -4.0, ""2"": -2.0, ""3"": -1.0, ""4"": -4.0}"
alibaba-token-plan-cn,qwen3.7-plus,tsp,tokens30000,quality_protection_main_effect,valid_fraction,higher,5,0.0,0.0,0.0,"{""0"": 0.0, ""1"": 0.0, ""2"": 0.0, ""3"": 0.0, ""4"": 0.0}"
alibaba-token-plan-cn,qwen3.7-plus,tsp,tokens30000,restart_correction_main_effect,valid_fraction,higher,5,0.0,0.0,0.0,"{""0"": 0.0, ""1"": 0.0, ""2"": 0.0, ""3"": 0.0, ""4"": 0.0}"
alibaba-token-plan-cn,qwen3.7-plus,tsp,tokens30000,quality_by_restart_interaction,valid_fraction,higher,5,0.0,0.0,0.0,"{""0"": 0.0, ""1"": 0.0, ""2"": 0.0, ""3"": 0.0, ""4"": 0.0}"
alibaba-token-plan-cn,qwen3.7-plus,tsp,tokens30000,quality_protection_main_effect,tokens_used,lower,5,251.0,-987.7,1400.7,"{""0"": 2023.0, ""1"": -656.0, ""2"": 494.5, ""3"": 1231.5, ""4"": -1838.0}"
alibaba-token-plan-cn,qwen3.7-plus,tsp,tokens30000,restart_correction_main_effect,tokens_used,lower,5,-81.8,-560.1,575.8,"{""0"": -536.0, ""1"": 1146.0, ""2"": -724.5, ""3"": -279.5, ""4"": -15.0}"
alibaba-token-plan-cn,qwen3.7-plus,tsp,tokens30000,quality_by_restart_interaction,tokens_used,lower,5,620.0,-897.4,2564.4,"{""0"": 4226.0, ""1"": 72.0, ""2"": -195.0, ""3"": 775.0, ""4"": -1778.0}"
alibaba-token-plan-cn,qwen3.7-plus,tsp,tokens30000,quality_protection_main_effect,token_budget_valid,higher,5,0.0,0.0,0.0,"{""0"": 0.0, ""1"": 0.0, ""2"": 0.0, ""3"": 0.0, ""4"": 0.0}"
alibaba-token-plan-cn,qwen3.7-plus,tsp,tokens30000,restart_correction_main_effect,token_budget_valid,higher,5,0.0,0.0,0.0,"{""0"": 0.0, ""1"": 0.0, ""2"": 0.0, ""3"": 0.0, ""4"": 0.0}"
alibaba-token-plan-cn,qwen3.7-plus,tsp,tokens30000,quality_by_restart_interaction,token_budget_valid,higher,5,0.0,0.0,0.0,"{""0"": 0.0, ""1"": 0.0, ""2"": 0.0, ""3"": 0.0, ""4"": 0.0}"
alibaba-token-plan-cn,qwen3.7-plus,tsp,tokens30000,quality_protection_main_effect,learned_selector_test_loss,lower,5,0.005052830737315209,-0.002483985774897113,0.01258964724952753,"{""0"": 0.004882028878876336, ""1"": 0.016725384328419027, ""2"": -0.0035886799892804744, ""3"": -0.005062298887400476, ""4"": 0.012307719355961633}"
alibaba-token-plan-cn,qwen3.7-plus,tsp,tokens30000,restart_correction_main_effect,learned_selector_test_loss,lower,5,0.0019928508313589535,-0.006983909673354835,0.015057590013047267,"{""0"": 0.02757605324430728, ""1"": -0.00372010483384275, ""2"": -0.009893876410401979, ""3"": -0.005705845356063732, ""4"": 0.001708027512795949}"
alibaba-token-plan-cn,qwen3.7-plus,tsp,tokens30000,quality_by_restart_interaction,learned_selector_test_loss,lower,5,-0.00014736044923320952,-0.01002146081588855,0.00951510435317883,"{""0"": 0.005737282721907308, ""1"": 0.00891382157588539, ""2"": -0.01581396058263068, ""3"": 0.01200529794610803, ""4"": -0.011579243907436094}"
alibaba-token-plan-cn,qwen3.7-plus,tsp,tokens30000,quality_protection_main_effect,selector_gain_vs_single,higher,5,-0.0012820266135786316,-0.007064277295157545,0.00321798084473979,"{""0"": -0.0003209148531954087, ""1"": -0.0019869083971832957, ""2"": 0.0035886799892804744, ""3"": 0.004616729549166705, ""4"": -0.012307719355961633}"
alibaba-token-plan-cn,qwen3.7-plus,tsp,tokens30000,restart_correction_main_effect,selector_gain_vs_single,higher,5,0.0017276544833047143,-0.0026212019727111743,0.006721523350641858,"{""0"": -0.003473564003085808, ""1"": -0.002225427172294153, ""2"": 0.009893876410401979, ""3"": 0.006151414694297502, ""4"": -0.001708027512795949}"
alibaba-token-plan-cn,qwen3.7-plus,tsp,tokens30000,quality_by_restart_interaction,selector_gain_vs_single,higher,5,0.0003408134345278577,-0.00935394384599103,0.010560010903213927,"{""0"": -0.014859510773269163, ""1"": -0.004608555404899822, ""2"": 0.01581396058263068, ""3"": -0.006221071139258502, ""4"": 0.011579243907436094}"
alibaba-token-plan-cn,qwen3.7-plus,tsp,tokens30000,quality_protection_main_effect,selector_seconds_per_instance,lower,5,9.232805524435309e-05,-6.639999984246166e-05,0.000275860277017475,"{""0"": 0.0004370333319659241, ""1"": -0.00015478889043960302, ""2"": 0.00011250416638277879, ""3"": 0.00011119444550584186, ""4"": -4.430277719317632e-05}"
alibaba-token-plan-cn,qwen3.7-plus,tsp,tokens30000,restart_correction_main_effect,selector_seconds_per_instance,lower,5,0.00015607138953378644,-0.0002976155552055893,0.0006776483351131903,"{""0"": 0.0011223527787175653, ""1"": 1.0591669706627727e-05, ""2"": 0.0003416874986012572, ""3"": -0.0005947472220416076, ""4"": -9.952777731491043e-05}"
alibaba-token-plan-cn,qwen3.7-plus,tsp,tokens30000,quality_by_restart_interaction,selector_seconds_per_instance,lower,5,0.00021265166708164736,3.174222333149754e-05,0.0004211355550473349,"{""0"": 0.0005837111093569549, ""1"": -6.527777683610746e-05, ""2"": 0.00019028055572157935, ""3"": 0.00030309444668495797, ""4"": 5.14500004808521e-05}"
alibaba-token-plan-cn,qwen3.7-plus,tsp,tokens30000,quality_protection_main_effect,oracle_gain_upper_bound,higher,5,-7.417055591690119e-06,-0.011787215821248889,0.008274100348502914,"{""0"": -0.0017213899200966727, ""1"": 0.009792079541360616, ""2"": 0.007558527983179597, ""3"": 0.0066692866934341365, ""4"": -0.022335589575836128}"
alibaba-token-plan-cn,qwen3.7-plus,tsp,tokens30000,restart_correction_main_effect,oracle_gain_upper_bound,higher,5,0.005730013721333952,-0.0017676315355178922,0.01299365868017786,"{""0"": 0.018297461005674604, ""1"": 0.00928079960079631, ""2"": 0.009546285894371896, ""3"": -0.0035194950552789005, ""4"": -0.004954982838894152}"
alibaba-token-plan-cn,qwen3.7-plus,tsp,tokens30000,quality_by_restart_interaction,oracle_gain_upper_bound,higher,5,-0.01395243462860366,-0.025833482715054833,-0.005323578033992338,"{""0"": -0.011561813421844223, ""1"": -0.002426275282612054, ""2"": -0.013029516148368534, ""3"": -0.00604790372183741, ""4"": -0.036696664568356074}"
alibaba-token-plan-cn,qwen3.7-plus,tsp,tokens30000,quality_protection_main_effect,parent_improvements,higher,5,-0.1,-0.3,0.0,"{""0"": 0.0, ""1"": -0.5, ""2"": 0.0, ""3"": 0.0, ""4"": 0.0}"
alibaba-token-plan-cn,qwen3.7-plus,tsp,tokens30000,restart_correction_main_effect,parent_improvements,higher,5,0.1,0.0,0.3,"{""0"": 0.0, ""1"": 0.5, ""2"": 0.0, ""3"": 0.0, ""4"": 0.0}"
alibaba-token-plan-cn,qwen3.7-plus,tsp,tokens30000,quality_by_restart_interaction,parent_improvements,higher,5,-1.0,-2.2,0.0,"{""0"": 0.0, ""1"": -3.0, ""2"": 0.0, ""3"": -2.0, ""4"": 0.0}"
alibaba-token-plan-cn,qwen3.7-plus,tsp,tokens30000,quality_protection_main_effect,neighborhood_improvements,higher,5,0.0,-0.6,0.6,"{""0"": 0.0, ""1"": 1.0, ""2"": 0.0, ""3"": -1.0, ""4"": 0.0}"
alibaba-token-plan-cn,qwen3.7-plus,tsp,tokens30000,restart_correction_main_effect,neighborhood_improvements,higher,5,0.0,0.0,0.0,"{""0"": 0.0, ""1"": 0.0, ""2"": 0.0, ""3"": 0.0, ""4"": 0.0}"
alibaba-token-plan-cn,qwen3.7-plus,tsp,tokens30000,quality_by_restart_interaction,neighborhood_improvements,higher,5,-1.2,-2.8,0.0,"{""0"": -2.0, ""1"": 0.0, ""2"": 0.0, ""3"": 0.0, ""4"": -4.0}"
alibaba-token-plan-cn,qwen3.7-plus,tsp,tokens30000,quality_protection_main_effect,productive_collisions,higher,5,-0.1,-0.6,0.5,"{""0"": -0.5, ""1"": 1.0, ""2"": 0.0, ""3"": -1.0, ""4"": 0.0}"
alibaba-token-plan-cn,qwen3.7-plus,tsp,tokens30000,restart_correction_main_effect,productive_collisions,higher,5,0.1,0.0,0.3,"{""0"": 0.5, ""1"": 0.0, ""2"": 0.0, ""3"": 0.0, ""4"": 0.0}"
alibaba-token-plan-cn,qwen3.7-plus,tsp,tokens30000,quality_by_restart_interaction,productive_collisions,higher,5,-0.6,-1.4,0.0,"{""0"": -1.0, ""1"": 0.0, ""2"": 0.0, ""3"": 0.0, ""4"": -2.0}"
alibaba-token-plan-cn,qwen3.7-plus,tsp,tokens30000,quality_protection_main_effect,unproductive_collisions,lower,5,0.3,0.1,0.5,"{""0"": 0.5, ""1"": 0.5, ""2"": 0.5, ""3"": 0.0, ""4"": 0.0}"
alibaba-token-plan-cn,qwen3.7-plus,tsp,tokens30000,restart_correction_main_effect,unproductive_collisions,lower,5,0.3,0.1,0.5,"{""0"": 0.5, ""1"": 0.5, ""2"": 0.5, ""3"": 0.0, ""4"": 0.0}"
alibaba-token-plan-cn,qwen3.7-plus,tsp,tokens30000,quality_by_restart_interaction,unproductive_collisions,lower,5,0.2,-1.0,1.0,"{""0"": 1.0, ""1"": 1.0, ""2"": 1.0, ""3"": 0.0, ""4"": -2.0}"
alibaba-token-plan-cn,qwen3.7-plus,tsp,tokens30000,quality_protection_main_effect,restarts,lower,5,0.1,-0.2,0.4,"{""0"": 0.5, ""1"": -0.5, ""2"": 0.0, ""3"": 0.0, ""4"": 0.5}"
alibaba-token-plan-cn,qwen3.7-plus,tsp,tokens30000,restart_correction_main_effect,restarts,lower,5,-0.5,-0.8,-0.2,"{""0"": -0.5, ""1"": -0.5, ""2"": -1.0, ""3"": 0.0, ""4"": -0.5}"
alibaba-token-plan-cn,qwen3.7-plus,tsp,tokens30000,quality_by_restart_interaction,restarts,lower,5,0.6,0.2,1.0,"{""0"": 1.0, ""1"": 1.0, ""2"": 0.0, ""3"": 0.0, ""4"": 1.0}"
minimax-cn-coding-plan,MiniMax-M3,binpack,slots8,relational_minus_niche,validation_selected_test_loss,lower,5,0.0,0.0,0.0,"{""0"": 0.0, ""1"": 0.0, ""2"": 0.0, ""3"": 0.0, ""4"": 0.0}"
minimax-cn-coding-plan,MiniMax-M3,binpack,slots8,relational_minus_niche,validation_selected_test_valid,higher,5,0.0,0.0,0.0,"{""0"": 0.0, ""1"": 0.0, ""2"": 0.0, ""3"": 0.0, ""4"": 0.0}"
minimax-cn-coding-plan,MiniMax-M3,binpack,slots8,relational_minus_niche,common_gate_test_behavior_modes,higher,5,-0.8,-2.4,0.4,"{""0"": 0.0, ""1"": -1.0, ""2"": 0.0, ""3"": 1.0, ""4"": -4.0}"
minimax-cn-coding-plan,MiniMax-M3,binpack,slots8,relational_minus_niche,common_gate_test_eligible_size,higher,5,-0.8,-2.4,0.4,"{""0"": 0.0, ""1"": -1.0, ""2"": 0.0, ""3"": 1.0, ""4"": -4.0}"
minimax-cn-coding-plan,MiniMax-M3,binpack,slots8,relational_minus_niche,valid_fraction,higher,5,0.0,-0.1,0.1,"{""0"": 0.0, ""1"": -0.125, ""2"": 0.125, ""3"": 0.125, ""4"": -0.125}"
minimax-cn-coding-plan,MiniMax-M3,binpack,slots8,relational_minus_niche,tokens_used,lower,5,6966.8,5429.0,8883.8,"{""0"": 7235.0, ""1"": 5435.0, ""2"": 10583.0, ""3"": 4825.0, ""4"": 6756.0}"
minimax-cn-coding-plan,MiniMax-M3,binpack,slots8,relational_minus_niche,token_budget_valid,higher,0,,,,{}
minimax-cn-coding-plan,MiniMax-M3,binpack,slots8,relational_minus_niche,learned_selector_test_loss,lower,0,,,,{}
minimax-cn-coding-plan,MiniMax-M3,binpack,slots8,relational_minus_niche,selector_gain_vs_single,higher,0,,,,{}
minimax-cn-coding-plan,MiniMax-M3,binpack,slots8,relational_minus_niche,selector_seconds_per_instance,lower,0,,,,{}
minimax-cn-coding-plan,MiniMax-M3,binpack,slots8,relational_minus_niche,oracle_gain_upper_bound,higher,0,,,,{}
minimax-cn-coding-plan,MiniMax-M3,binpack,slots8,relational_minus_niche,parent_improvements,higher,5,-0.8,-1.0,-0.4,"{""0"": -1.0, ""1"": -1.0, ""2"": -1.0, ""3"": -1.0, ""4"": 0.0}"
minimax-cn-coding-plan,MiniMax-M3,binpack,slots8,relational_minus_niche,neighborhood_improvements,higher,5,-0.2,-0.6,0.0,"{""0"": 0.0, ""1"": 0.0, ""2"": 0.0, ""3"": 0.0, ""4"": -1.0}"
minimax-cn-coding-plan,MiniMax-M3,binpack,slots8,relational_minus_niche,productive_collisions,higher,5,-0.6,-1.0,-0.2,"{""0"": 0.0, ""1"": -1.0, ""2"": -1.0, ""3"": -1.0, ""4"": 0.0}"
minimax-cn-coding-plan,MiniMax-M3,binpack,slots8,relational_minus_niche,unproductive_collisions,lower,5,1.4,-0.6,3.4,"{""0"": -2.0, ""1"": 2.0, ""2"": 0.0, ""3"": 2.0, ""4"": 5.0}"
minimax-cn-coding-plan,MiniMax-M3,binpack,slots8,relational_minus_niche,restarts,lower,5,4.8,4.2,5.4,"{""0"": 4.0, ""1"": 5.0, ""2"": 6.0, ""3"": 4.0, ""4"": 5.0}"
minimax-cn-coding-plan,MiniMax-M3,binpack,slots8,relational_qp_minus_niche,validation_selected_test_loss,lower,5,0.00024154589371980784,0.0,0.0007246376811594236,"{""0"": 0.0, ""1"": 0.0, ""2"": 0.0, ""3"": 0.0012077294685990392, ""4"": 0.0}"
minimax-cn-coding-plan,MiniMax-M3,binpack,slots8,relational_qp_minus_niche,validation_selected_test_valid,higher,5,0.0,0.0,0.0,"{""0"": 0.0, ""1"": 0.0, ""2"": 0.0, ""3"": 0.0, ""4"": 0.0}"
minimax-cn-coding-plan,MiniMax-M3,binpack,slots8,relational_qp_minus_niche,common_gate_test_behavior_modes,higher,5,-1.4,-3.2,0.4,"{""0"": -1.0, ""1"": -4.0, ""2"": 2.0, ""3"": -1.0, ""4"": -3.0}"
minimax-cn-coding-plan,MiniMax-M3,binpack,slots8,relational_qp_minus_niche,common_gate_test_eligible_size,higher,5,-1.4,-3.2,0.4,"{""0"": -1.0, ""1"": -4.0, ""2"": 2.0, ""3"": -1.0, ""4"": -3.0}"
minimax-cn-coding-plan,MiniMax-M3,binpack,slots8,relational_qp_minus_niche,valid_fraction,higher,5,0.0,-0.15,0.15,"{""0"": 0.0, ""1"": -0.25, ""2"": 0.25, ""3"": 0.0, ""4"": 0.0}"
minimax-cn-coding-plan,MiniMax-M3,binpack,slots8,relational_qp_minus_niche,tokens_used,lower,5,7605.0,5671.8,9516.8,"{""0"": 9666.0, ""1"": 7852.0, ""2"": 10200.0, ""3"": 4193.0, ""4"": 6114.0}"
minimax-cn-coding-plan,MiniMax-M3,binpack,slots8,relational_qp_minus_niche,token_budget_valid,higher,0,,,,{}
minimax-cn-coding-plan,MiniMax-M3,binpack,slots8,relational_qp_minus_niche,learned_selector_test_loss,lower,0,,,,{}
minimax-cn-coding-plan,MiniMax-M3,binpack,slots8,relational_qp_minus_niche,selector_gain_vs_single,higher,0,,,,{}
minimax-cn-coding-plan,MiniMax-M3,binpack,slots8,relational_qp_minus_niche,selector_seconds_per_instance,lower,0,,,,{}
minimax-cn-coding-plan,MiniMax-M3,binpack,slots8,relational_qp_minus_niche,oracle_gain_upper_bound,higher,0,,,,{}
minimax-cn-coding-plan,MiniMax-M3,binpack,slots8,relational_qp_minus_niche,parent_improvements,higher,5,-1.2,-1.8,-0.6,"{""0"": -2.0, ""1"": -1.0, ""2"": -1.0, ""3"": -2.0, ""4"": 0.0}"
minimax-cn-coding-plan,MiniMax-M3,binpack,slots8,relational_qp_minus_niche,neighborhood_improvements,higher,5,-0.2,-0.6,0.0,"{""0"": 0.0, ""1"": 0.0, ""2"": 0.0, ""3"": 0.0, ""4"": -1.0}"
minimax-cn-coding-plan,MiniMax-M3,binpack,slots8,relational_qp_minus_niche,productive_collisions,higher,5,-0.6,-1.0,0.2,"{""0"": -1.0, ""1"": -1.0, ""2"": -1.0, ""3"": -1.0, ""4"": 1.0}"
minimax-cn-coding-plan,MiniMax-M3,binpack,slots8,relational_qp_minus_niche,unproductive_collisions,lower,5,2.4,1.2,3.6,"{""0"": 2.0, ""1"": 4.0, ""2"": 0.0, ""3"": 2.0, ""4"": 4.0}"
minimax-cn-coding-plan,MiniMax-M3,binpack,slots8,relational_qp_minus_niche,restarts,lower,5,5.0,4.4,5.6,"{""0"": 4.0, ""1"": 6.0, ""2"": 5.0, ""3"": 5.0, ""4"": 5.0}"
minimax-cn-coding-plan,MiniMax-M3,binpack,slots8,relational_rr_minus_niche,validation_selected_test_loss,lower,5,0.0,0.0,0.0,"{""0"": 0.0, ""1"": 0.0, ""2"": 0.0, ""3"": 0.0, ""4"": 0.0}"
minimax-cn-coding-plan,MiniMax-M3,binpack,slots8,relational_rr_minus_niche,validation_selected_test_valid,higher,5,0.0,0.0,0.0,"{""0"": 0.0, ""1"": 0.0, ""2"": 0.0, ""3"": 0.0, ""4"": 0.0}"
minimax-cn-coding-plan,MiniMax-M3,binpack,slots8,relational_rr_minus_niche,common_gate_test_behavior_modes,higher,5,-1.8,-4.2,1.2,"{""0"": -2.0, ""1"": -5.0, ""2"": 4.0, ""3"": -2.0, ""4"": -4.0}"
minimax-cn-coding-plan,MiniMax-M3,binpack,slots8,relational_rr_minus_niche,common_gate_test_eligible_size,higher,5,-1.8,-3.8,1.2,"{""0"": -3.0, ""1"": -4.0, ""2"": 4.0, ""3"": -2.0, ""4"": -4.0}"
minimax-cn-coding-plan,MiniMax-M3,binpack,slots8,relational_rr_minus_niche,valid_fraction,higher,5,-0.05,-0.2,0.1,"{""0"": -0.25, ""1"": -0.25, ""2"": 0.25, ""3"": 0.0, ""4"": 0.0}"
minimax-cn-coding-plan,MiniMax-M3,binpack,slots8,relational_rr_minus_niche,tokens_used,lower,5,7448.4,5235.4,9700.4,"{""0"": 6925.0, ""1"": 11054.0, ""2"": 9362.0, ""3"": 3457.0, ""4"": 6444.0}"
minimax-cn-coding-plan,MiniMax-M3,binpack,slots8,relational_rr_minus_niche,token_budget_valid,higher,0,,,,{}
minimax-cn-coding-plan,MiniMax-M3,binpack,slots8,relational_rr_minus_niche,learned_selector_test_loss,lower,0,,,,{}
minimax-cn-coding-plan,MiniMax-M3,binpack,slots8,relational_rr_minus_niche,selector_gain_vs_single,higher,0,,,,{}
minimax-cn-coding-plan,MiniMax-M3,binpack,slots8,relational_rr_minus_niche,selector_seconds_per_instance,lower,0,,,,{}
minimax-cn-coding-plan,MiniMax-M3,binpack,slots8,relational_rr_minus_niche,oracle_gain_upper_bound,higher,0,,,,{}
minimax-cn-coding-plan,MiniMax-M3,binpack,slots8,relational_rr_minus_niche,parent_improvements,higher,5,-0.8,-1.0,-0.4,"{""0"": -1.0, ""1"": -1.0, ""2"": -1.0, ""3"": -1.0, ""4"": 0.0}"
minimax-cn-coding-plan,MiniMax-M3,binpack,slots8,relational_rr_minus_niche,neighborhood_improvements,higher,5,-0.2,-0.6,0.0,"{""0"": 0.0, ""1"": 0.0, ""2"": 0.0, ""3"": 0.0, ""4"": -1.0}"
minimax-cn-coding-plan,MiniMax-M3,binpack,slots8,relational_rr_minus_niche,productive_collisions,higher,5,-0.2,-0.8,0.4,"{""0"": 0.0, ""1"": -1.0, ""2"": -1.0, ""3"": 0.0, ""4"": 1.0}"
minimax-cn-coding-plan,MiniMax-M3,binpack,slots8,relational_rr_minus_niche,unproductive_collisions,lower,5,1.8,-0.6,3.8,"{""0"": 1.0, ""1"": 3.0, ""2"": -3.0, ""3"": 3.0, ""4"": 5.0}"
minimax-cn-coding-plan,MiniMax-M3,binpack,slots8,relational_rr_minus_niche,restarts,lower,5,5.4,4.6,6.0,"{""0"": 5.0, ""1"": 6.0, ""2"": 4.0, ""3"": 6.0, ""4"": 6.0}"
minimax-cn-coding-plan,MiniMax-M3,binpack,slots8,relational_qp_rr_minus_niche,validation_selected_test_loss,lower,5,0.0,0.0,0.0,"{""0"": 0.0, ""1"": 0.0, ""2"": 0.0, ""3"": 0.0, ""4"": 0.0}"
minimax-cn-coding-plan,MiniMax-M3,binpack,slots8,relational_qp_rr_minus_niche,validation_selected_test_valid,higher,5,0.0,0.0,0.0,"{""0"": 0.0, ""1"": 0.0, ""2"": 0.0, ""3"": 0.0, ""4"": 0.0}"
minimax-cn-coding-plan,MiniMax-M3,binpack,slots8,relational_qp_rr_minus_niche,common_gate_test_behavior_modes,higher,5,-1.4,-3.4,1.2,"{""0"": 3.0, ""1"": -4.0, ""2"": 0.0, ""3"": -3.0, ""4"": -3.0}"
minimax-cn-coding-plan,MiniMax-M3,binpack,slots8,relational_qp_rr_minus_niche,common_gate_test_eligible_size,higher,5,-1.4,-3.4,1.2,"{""0"": 3.0, ""1"": -4.0, ""2"": 0.0, ""3"": -3.0, ""4"": -3.0}"
minimax-cn-coding-plan,MiniMax-M3,binpack,slots8,relational_qp_rr_minus_niche,valid_fraction,higher,5,-0.025,-0.15,0.1,"{""0"": -0.125, ""1"": 0.0, ""2"": 0.125, ""3"": 0.125, ""4"": -0.25}"
minimax-cn-coding-plan,MiniMax-M3,binpack,slots8,relational_qp_rr_minus_niche,tokens_used,lower,5,7241.8,4857.6,9757.2,"{""0"": 4860.0, ""1"": 7740.0, ""2"": 12062.0, ""3"": 3896.0, ""4"": 7651.0}"
minimax-cn-coding-plan,MiniMax-M3,binpack,slots8,relational_qp_rr_minus_niche,token_budget_valid,higher,0,,,,{}
minimax-cn-coding-plan,MiniMax-M3,binpack,slots8,relational_qp_rr_minus_niche,learned_selector_test_loss,lower,0,,,,{}
minimax-cn-coding-plan,MiniMax-M3,binpack,slots8,relational_qp_rr_minus_niche,selector_gain_vs_single,higher,0,,,,{}
minimax-cn-coding-plan,MiniMax-M3,binpack,slots8,relational_qp_rr_minus_niche,selector_seconds_per_instance,lower,0,,,,{}
minimax-cn-coding-plan,MiniMax-M3,binpack,slots8,relational_qp_rr_minus_niche,oracle_gain_upper_bound,higher,0,,,,{}
minimax-cn-coding-plan,MiniMax-M3,binpack,slots8,relational_qp_rr_minus_niche,parent_improvements,higher,5,-0.4,-1.0,0.4,"{""0"": -1.0, ""1"": -1.0, ""2"": -1.0, ""3"": 0.0, ""4"": 1.0}"
minimax-cn-coding-plan,MiniMax-M3,binpack,slots8,relational_qp_rr_minus_niche,neighborhood_improvements,higher,5,-0.2,-0.6,0.0,"{""0"": 0.0, ""1"": 0.0, ""2"": 0.0, ""3"": 0.0, ""4"": -1.0}"
minimax-cn-coding-plan,MiniMax-M3,binpack,slots8,relational_qp_rr_minus_niche,productive_collisions,higher,5,-0.2,-1.0,0.6,"{""0"": -1.0, ""1"": -1.0, ""2"": -1.0, ""3"": 1.0, ""4"": 1.0}"
minimax-cn-coding-plan,MiniMax-M3,binpack,slots8,relational_qp_rr_minus_niche,unproductive_collisions,lower,5,1.6,-0.8,3.6,"{""0"": -3.0, ""1"": 4.0, ""2"": 1.0, ""3"": 4.0, ""4"": 2.0}"
minimax-cn-coding-plan,MiniMax-M3,binpack,slots8,relational_qp_rr_minus_niche,restarts,lower,5,4.8,4.2,5.4,"{""0"": 4.0, ""1"": 6.0, ""2"": 5.0, ""3"": 5.0, ""4"": 4.0}"
minimax-cn-coding-plan,MiniMax-M3,binpack,slots8,quality_protection_main_effect,validation_selected_test_loss,lower,5,0.00012077294685990392,0.0,0.0003623188405797118,"{""0"": 0.0, ""1"": 0.0, ""2"": 0.0, ""3"": 0.0006038647342995196, ""4"": 0.0}"
minimax-cn-coding-plan,MiniMax-M3,binpack,slots8,restart_correction_main_effect,validation_selected_test_loss,lower,5,-0.00012077294685990392,-0.0003623188405797118,0.0,"{""0"": 0.0, ""1"": 0.0, ""2"": 0.0, ""3"": -0.0006038647342995196, ""4"": 0.0}"
minimax-cn-coding-plan,MiniMax-M3,binpack,slots8,quality_by_restart_interaction,validation_selected_test_loss,lower,5,-0.00024154589371980784,-0.0007246376811594236,0.0,"{""0"": 0.0, ""1"": 0.0, ""2"": 0.0, ""3"": -0.0012077294685990392, ""4"": 0.0}"
minimax-cn-coding-plan,MiniMax-M3,binpack,slots8,quality_protection_main_effect,validation_selected_test_valid,higher,5,0.0,0.0,0.0,"{""0"": 0.0, ""1"": 0.0, ""2"": 0.0, ""3"": 0.0, ""4"": 0.0}"
minimax-cn-coding-plan,MiniMax-M3,binpack,slots8,restart_correction_main_effect,validation_selected_test_valid,higher,5,0.0,0.0,0.0,"{""0"": 0.0, ""1"": 0.0, ""2"": 0.0, ""3"": 0.0, ""4"": 0.0}"
minimax-cn-coding-plan,MiniMax-M3,binpack,slots8,quality_by_restart_interaction,validation_selected_test_valid,higher,5,0.0,0.0,0.0,"{""0"": 0.0, ""1"": 0.0, ""2"": 0.0, ""3"": 0.0, ""4"": 0.0}"
minimax-cn-coding-plan,MiniMax-M3,binpack,slots8,quality_protection_main_effect,common_gate_test_behavior_modes,higher,5,-0.1,-1.2,1.2,"{""0"": 2.0, ""1"": -1.0, ""2"": -1.0, ""3"": -1.5, ""4"": 1.0}"
minimax-cn-coding-plan,MiniMax-M3,binpack,slots8,restart_correction_main_effect,common_gate_test_behavior_modes,higher,5,-0.5,-1.8,0.8,"{""0"": 1.0, ""1"": -2.0, ""2"": 1.0, ""3"": -2.5, ""4"": 0.0}"
minimax-cn-coding-plan,MiniMax-M3,binpack,slots8,quality_by_restart_interaction,common_gate_test_behavior_modes,higher,5,1.0,-2.8,4.4,"{""0"": 6.0, ""1"": 4.0, ""2"": -6.0, ""3"": 1.0, ""4"": 0.0}"
minimax-cn-coding-plan,MiniMax-M3,binpack,slots8,quality_protection_main_effect,common_gate_test_eligible_size,higher,5,-0.1,-1.4,1.4,"{""0"": 2.5, ""1"": -1.5, ""2"": -1.0, ""3"": -1.5, ""4"": 1.0}"
minimax-cn-coding-plan,MiniMax-M3,binpack,slots8,restart_correction_main_effect,common_gate_test_eligible_size,higher,5,-0.5,-1.7,0.6,"{""0"": 0.5, ""1"": -1.5, ""2"": 1.0, ""3"": -2.5, ""4"": 0.0}"
minimax-cn-coding-plan,MiniMax-M3,binpack,slots8,quality_by_restart_interaction,common_gate_test_eligible_size,higher,5,1.0,-3.0,4.6,"{""0"": 7.0, ""1"": 3.0, ""2"": -6.0, ""3"": 1.0, ""4"": 0.0}"
minimax-cn-coding-plan,MiniMax-M3,binpack,slots8,quality_protection_main_effect,valid_fraction,higher,5,0.0125,-0.025,0.05,"{""0"": 0.0625, ""1"": 0.0625, ""2"": 0.0, ""3"": 0.0, ""4"": -0.0625}"
minimax-cn-coding-plan,MiniMax-M3,binpack,slots8,restart_correction_main_effect,valid_fraction,higher,5,-0.0375,-0.1125,0.025,"{""0"": -0.1875, ""1"": 0.0625, ""2"": 0.0, ""3"": 0.0, ""4"": -0.0625}"
minimax-cn-coding-plan,MiniMax-M3,binpack,slots8,quality_by_restart_interaction,valid_fraction,higher,5,0.025,-0.225,0.275,"{""0"": 0.125, ""1"": 0.375, ""2"": -0.25, ""3"": 0.25, ""4"": -0.375}"
minimax-cn-coding-plan,MiniMax-M3,binpack,slots8,quality_protection_main_effect,tokens_used,lower,5,215.8,-195.9,732.3,"{""0"": 183.0, ""1"": -448.5, ""2"": 1158.5, ""3"": -96.5, ""4"": 282.5}"
minimax-cn-coding-plan,MiniMax-M3,binpack,slots8,restart_correction_main_effect,tokens_used,lower,5,59.2,-1495.7,1608.1,"{""0"": -2558.0, ""1"": 2753.5, ""2"": 320.5, ""3"": -832.5, ""4"": 612.5}"
minimax-cn-coding-plan,MiniMax-M3,binpack,slots8,quality_by_restart_interaction,tokens_used,lower,5,-844.8,-3968.0,2187.0,"{""0"": -4496.0, ""1"": -5731.0, ""2"": 3083.0, ""3"": 1071.0, ""4"": 1849.0}"
minimax-cn-coding-plan,MiniMax-M3,binpack,slots8,quality_protection_main_effect,token_budget_valid,higher,0,,,,{}
minimax-cn-coding-plan,MiniMax-M3,binpack,slots8,restart_correction_main_effect,token_budget_valid,higher,0,,,,{}
minimax-cn-coding-plan,MiniMax-M3,binpack,slots8,quality_by_restart_interaction,token_budget_valid,higher,0,,,,{}
minimax-cn-coding-plan,MiniMax-M3,binpack,slots8,quality_protection_main_effect,learned_selector_test_loss,lower,0,,,,{}
minimax-cn-coding-plan,MiniMax-M3,binpack,slots8,restart_correction_main_effect,learned_selector_test_loss,lower,0,,,,{}
minimax-cn-coding-plan,MiniMax-M3,binpack,slots8,quality_by_restart_interaction,learned_selector_test_loss,lower,0,,,,{}
minimax-cn-coding-plan,MiniMax-M3,binpack,slots8,quality_protection_main_effect,selector_gain_vs_single,higher,0,,,,{}
minimax-cn-coding-plan,MiniMax-M3,binpack,slots8,restart_correction_main_effect,selector_gain_vs_single,higher,0,,,,{}
minimax-cn-coding-plan,MiniMax-M3,binpack,slots8,quality_by_restart_interaction,selector_gain_vs_single,higher,0,,,,{}
minimax-cn-coding-plan,MiniMax-M3,binpack,slots8,quality_protection_main_effect,selector_seconds_per_instance,lower,0,,,,{}
minimax-cn-coding-plan,MiniMax-M3,binpack,slots8,restart_correction_main_effect,selector_seconds_per_instance,lower,0,,,,{}
minimax-cn-coding-plan,MiniMax-M3,binpack,slots8,quality_by_restart_interaction,selector_seconds_per_instance,lower,0,,,,{}
minimax-cn-coding-plan,MiniMax-M3,binpack,slots8,quality_protection_main_effect,oracle_gain_upper_bound,higher,0,,,,{}
minimax-cn-coding-plan,MiniMax-M3,binpack,slots8,restart_correction_main_effect,oracle_gain_upper_bound,higher,0,,,,{}
minimax-cn-coding-plan,MiniMax-M3,binpack,slots8,quality_by_restart_interaction,oracle_gain_upper_bound,higher,0,,,,{}
minimax-cn-coding-plan,MiniMax-M3,binpack,slots8,quality_protection_main_effect,parent_improvements,higher,5,0.0,-0.3,0.3,"{""0"": -0.5, ""1"": 0.0, ""2"": 0.0, ""3"": 0.0, ""4"": 0.5}"
minimax-cn-coding-plan,MiniMax-M3,binpack,slots8,restart_correction_main_effect,parent_improvements,higher,5,0.4,0.1,0.7,"{""0"": 0.5, ""1"": 0.0, ""2"": 0.0, ""3"": 1.0, ""4"": 0.5}"
minimax-cn-coding-plan,MiniMax-M3,binpack,slots8,quality_by_restart_interaction,parent_improvements,higher,5,0.8,0.2,1.4,"{""0"": 1.0, ""1"": 0.0, ""2"": 0.0, ""3"": 2.0, ""4"": 1.0}"
minimax-cn-coding-plan,MiniMax-M3,binpack,slots8,quality_protection_main_effect,neighborhood_improvements,higher,5,0.0,0.0,0.0,"{""0"": 0.0, ""1"": 0.0, ""2"": 0.0, ""3"": 0.0, ""4"": 0.0}"
minimax-cn-coding-plan,MiniMax-M3,binpack,slots8,restart_correction_main_effect,neighborhood_improvements,higher,5,0.0,0.0,0.0,"{""0"": 0.0, ""1"": 0.0, ""2"": 0.0, ""3"": 0.0, ""4"": 0.0}"
minimax-cn-coding-plan,MiniMax-M3,binpack,slots8,quality_by_restart_interaction,neighborhood_improvements,higher,5,0.0,0.0,0.0,"{""0"": 0.0, ""1"": 0.0, ""2"": 0.0, ""3"": 0.0, ""4"": 0.0}"
minimax-cn-coding-plan,MiniMax-M3,binpack,slots8,quality_protection_main_effect,productive_collisions,higher,5,0.0,-0.5,0.4,"{""0"": -1.0, ""1"": 0.0, ""2"": 0.0, ""3"": 0.5, ""4"": 0.5}"
minimax-cn-coding-plan,MiniMax-M3,binpack,slots8,restart_correction_main_effect,productive_collisions,higher,5,0.4,0.0,1.0,"{""0"": 0.0, ""1"": 0.0, ""2"": 0.0, ""3"": 1.5, ""4"": 0.5}"
minimax-cn-coding-plan,MiniMax-M3,binpack,slots8,quality_by_restart_interaction,productive_collisions,higher,5,0.0,-0.6,0.6,"{""0"": 0.0, ""1"": 0.0, ""2"": 0.0, ""3"": 1.0, ""4"": -1.0}"
minimax-cn-coding-plan,MiniMax-M3,binpack,slots8,quality_protection_main_effect,unproductive_collisions,lower,5,0.4,-0.9,1.5,"{""0"": 0.0, ""1"": 1.5, ""2"": 2.0, ""3"": 0.5, ""4"": -2.0}"
minimax-cn-coding-plan,MiniMax-M3,binpack,slots8,restart_correction_main_effect,unproductive_collisions,lower,5,-0.2,-1.0,0.8,"{""0"": -1.0, ""1"": 0.5, ""2"": -1.0, ""3"": 1.5, ""4"": -1.0}"
minimax-cn-coding-plan,MiniMax-M3,binpack,slots8,quality_by_restart_interaction,unproductive_collisions,lower,5,-1.2,-5.0,2.0,"{""0"": -8.0, ""1"": -1.0, ""2"": 4.0, ""3"": 1.0, ""4"": -2.0}"
minimax-cn-coding-plan,MiniMax-M3,binpack,slots8,quality_protection_main_effect,restarts,lower,5,-0.2,-0.7,0.2,"{""0"": -0.5, ""1"": 0.5, ""2"": 0.0, ""3"": 0.0, ""4"": -1.0}"
minimax-cn-coding-plan,MiniMax-M3,binpack,slots8,restart_correction_main_effect,restarts,lower,5,0.2,-0.4,0.7,"{""0"": 0.5, ""1"": 0.5, ""2"": -1.0, ""3"": 1.0, ""4"": 0.0}"
minimax-cn-coding-plan,MiniMax-M3,binpack,slots8,quality_by_restart_interaction,restarts,lower,5,-0.8,-1.8,0.6,"{""0"": -1.0, ""1"": -1.0, ""2"": 2.0, ""3"": -2.0, ""4"": -2.0}"
minimax-cn-coding-plan,MiniMax-M3,binpack,tokens30000,relational_minus_niche,validation_selected_test_loss,lower,5,0.0,0.0,0.0,"{""0"": 0.0, ""1"": 0.0, ""2"": 0.0, ""3"": 0.0, ""4"": 0.0}"
minimax-cn-coding-plan,MiniMax-M3,binpack,tokens30000,relational_minus_niche,validation_selected_test_valid,higher,5,0.0,0.0,0.0,"{""0"": 0.0, ""1"": 0.0, ""2"": 0.0, ""3"": 0.0, ""4"": 0.0}"
minimax-cn-coding-plan,MiniMax-M3,binpack,tokens30000,relational_minus_niche,common_gate_test_behavior_modes,higher,5,0.6,-0.4,1.4,"{""0"": 1.0, ""1"": 2.0, ""2"": 1.0, ""3"": -1.0, ""4"": 0.0}"
minimax-cn-coding-plan,MiniMax-M3,binpack,tokens30000,relational_minus_niche,common_gate_test_eligible_size,higher,5,0.2,-1.0,1.2,"{""0"": 0.0, ""1"": 2.0, ""2"": 1.0, ""3"": -2.0, ""4"": 0.0}"
minimax-cn-coding-plan,MiniMax-M3,binpack,tokens30000,relational_minus_niche,valid_fraction,higher,5,-0.023333333333333317,-0.11999999999999997,0.06666666666666668,"{""0"": -0.04166666666666663, ""1"": 0.125, ""2"": 0.0, ""3"": 0.0, ""4"": -0.19999999999999996}"
minimax-cn-coding-plan,MiniMax-M3,binpack,tokens30000,relational_minus_niche,tokens_used,lower,5,-3236.6,-4109.8,-2363.4,"{""0"": -1800.0, ""1"": -2394.0, ""2"": -3429.0, ""3"": -4273.0, ""4"": -4287.0}"
minimax-cn-coding-plan,MiniMax-M3,binpack,tokens30000,relational_minus_niche,token_budget_valid,higher,5,0.0,0.0,0.0,"{""0"": 0.0, ""1"": 0.0, ""2"": 0.0, ""3"": 0.0, ""4"": 0.0}"
minimax-cn-coding-plan,MiniMax-M3,binpack,tokens30000,relational_minus_niche,learned_selector_test_loss,lower,0,,,,{}
minimax-cn-coding-plan,MiniMax-M3,binpack,tokens30000,relational_minus_niche,selector_gain_vs_single,higher,0,,,,{}
minimax-cn-coding-plan,MiniMax-M3,binpack,tokens30000,relational_minus_niche,selector_seconds_per_instance,lower,0,,,,{}
minimax-cn-coding-plan,MiniMax-M3,binpack,tokens30000,relational_minus_niche,oracle_gain_upper_bound,higher,0,,,,{}
minimax-cn-coding-plan,MiniMax-M3,binpack,tokens30000,relational_minus_niche,parent_improvements,higher,5,-1.8,-2.0,-1.4,"{""0"": -1.0, ""1"": -2.0, ""2"": -2.0, ""3"": -2.0, ""4"": -2.0}"
minimax-cn-coding-plan,MiniMax-M3,binpack,tokens30000,relational_minus_niche,neighborhood_improvements,higher,5,0.4,0.0,1.2,"{""0"": 0.0, ""1"": 2.0, ""2"": 0.0, ""3"": 0.0, ""4"": 0.0}"
minimax-cn-coding-plan,MiniMax-M3,binpack,tokens30000,relational_minus_niche,productive_collisions,higher,5,-1.2,-2.0,-0.4,"{""0"": 0.0, ""1"": 0.0, ""2"": -2.0, ""3"": -2.0, ""4"": -2.0}"
minimax-cn-coding-plan,MiniMax-M3,binpack,tokens30000,relational_minus_niche,unproductive_collisions,lower,5,-1.6,-2.8,-0.2,"{""0"": -3.0, ""1"": -2.0, ""2"": -1.0, ""3"": 1.0, ""4"": -3.0}"
minimax-cn-coding-plan,MiniMax-M3,binpack,tokens30000,relational_minus_niche,restarts,lower,5,4.0,4.0,4.0,"{""0"": 4.0, ""1"": 4.0, ""2"": 4.0, ""3"": 4.0, ""4"": 4.0}"
minimax-cn-coding-plan,MiniMax-M3,binpack,tokens30000,relational_qp_minus_niche,validation_selected_test_loss,lower,5,0.0,0.0,0.0,"{""0"": 0.0, ""1"": 0.0, ""2"": 0.0, ""3"": 0.0, ""4"": 0.0}"
minimax-cn-coding-plan,MiniMax-M3,binpack,tokens30000,relational_qp_minus_niche,validation_selected_test_valid,higher,5,0.0,0.0,0.0,"{""0"": 0.0, ""1"": 0.0, ""2"": 0.0, ""3"": 0.0, ""4"": 0.0}"
minimax-cn-coding-plan,MiniMax-M3,binpack,tokens30000,relational_qp_minus_niche,common_gate_test_behavior_modes,higher,5,0.0,-0.8,0.8,"{""0"": -1.0, ""1"": 1.0, ""2"": 0.0, ""3"": -1.0, ""4"": 1.0}"
minimax-cn-coding-plan,MiniMax-M3,binpack,tokens30000,relational_qp_minus_niche,common_gate_test_eligible_size,higher,5,-0.2,-1.2,0.8,"{""0"": -1.0, ""1"": 1.0, ""2"": 0.0, ""3"": -2.0, ""4"": 1.0}"
minimax-cn-coding-plan,MiniMax-M3,binpack,tokens30000,relational_qp_minus_niche,valid_fraction,higher,5,0.016666666666666673,-0.07499999999999998,0.1,"{""0"": 0.125, ""1"": 0.125, ""2"": 0.0, ""3"": 0.0, ""4"": -0.16666666666666663}"
minimax-cn-coding-plan,MiniMax-M3,binpack,tokens30000,relational_qp_minus_niche,tokens_used,lower,5,-2542.4,-3805.4,-1172.2,"{""0"": -3600.0, ""1"": -2450.0, ""2"": -1922.0, ""3"": -4627.0, ""4"": -113.0}"
minimax-cn-coding-plan,MiniMax-M3,binpack,tokens30000,relational_qp_minus_niche,token_budget_valid,higher,5,0.0,0.0,0.0,"{""0"": 0.0, ""1"": 0.0, ""2"": 0.0, ""3"": 0.0, ""4"": 0.0}"
minimax-cn-coding-plan,MiniMax-M3,binpack,tokens30000,relational_qp_minus_niche,learned_selector_test_loss,lower,0,,,,{}
minimax-cn-coding-plan,MiniMax-M3,binpack,tokens30000,relational_qp_minus_niche,selector_gain_vs_single,higher,0,,,,{}
minimax-cn-coding-plan,MiniMax-M3,binpack,tokens30000,relational_qp_minus_niche,selector_seconds_per_instance,lower,0,,,,{}
minimax-cn-coding-plan,MiniMax-M3,binpack,tokens30000,relational_qp_minus_niche,oracle_gain_upper_bound,higher,0,,,,{}
minimax-cn-coding-plan,MiniMax-M3,binpack,tokens30000,relational_qp_minus_niche,parent_improvements,higher,5,-1.8,-2.0,-1.4,"{""0"": -1.0, ""1"": -2.0, ""2"": -2.0, ""3"": -2.0, ""4"": -2.0}"
minimax-cn-coding-plan,MiniMax-M3,binpack,tokens30000,relational_qp_minus_niche,neighborhood_improvements,higher,5,0.0,0.0,0.0,"{""0"": 0.0, ""1"": 0.0, ""2"": 0.0, ""3"": 0.0, ""4"": 0.0}"
minimax-cn-coding-plan,MiniMax-M3,binpack,tokens30000,relational_qp_minus_niche,productive_collisions,higher,5,-1.6,-2.0,-0.8,"{""0"": 0.0, ""1"": -2.0, ""2"": -2.0, ""3"": -2.0, ""4"": -2.0}"
minimax-cn-coding-plan,MiniMax-M3,binpack,tokens30000,relational_qp_minus_niche,unproductive_collisions,lower,5,-1.0,-3.0,0.6,"{""0"": -1.0, ""1"": 1.0, ""2"": -1.0, ""3"": 1.0, ""4"": -5.0}"
minimax-cn-coding-plan,MiniMax-M3,binpack,tokens30000,relational_qp_minus_niche,restarts,lower,5,4.2,4.0,4.6,"{""0"": 4.0, ""1"": 4.0, ""2"": 4.0, ""3"": 4.0, ""4"": 5.0}"
minimax-cn-coding-plan,MiniMax-M3,binpack,tokens30000,relational_rr_minus_niche,validation_selected_test_loss,lower,5,0.0,0.0,0.0,"{""0"": 0.0, ""1"": 0.0, ""2"": 0.0, ""3"": 0.0, ""4"": 0.0}"
minimax-cn-coding-plan,MiniMax-M3,binpack,tokens30000,relational_rr_minus_niche,validation_selected_test_valid,higher,5,0.0,0.0,0.0,"{""0"": 0.0, ""1"": 0.0, ""2"": 0.0, ""3"": 0.0, ""4"": 0.0}"
minimax-cn-coding-plan,MiniMax-M3,binpack,tokens30000,relational_rr_minus_niche,common_gate_test_behavior_modes,higher,5,0.0,-0.8,1.0,"{""0"": -1.0, ""1"": 0.0, ""2"": 2.0, ""3"": -1.0, ""4"": 0.0}"
minimax-cn-coding-plan,MiniMax-M3,binpack,tokens30000,relational_rr_minus_niche,common_gate_test_eligible_size,higher,5,-0.2,-1.6,1.2,"{""0"": -2.0, ""1"": 0.0, ""2"": 2.0, ""3"": -2.0, ""4"": 1.0}"
minimax-cn-coding-plan,MiniMax-M3,binpack,tokens30000,relational_rr_minus_niche,valid_fraction,higher,5,-0.2033333333333333,-0.38000000000000006,-0.039999999999999994,"{""0"": -0.5416666666666667, ""1"": -0.275, ""2"": 0.0, ""3"": 0.0, ""4"": -0.19999999999999996}"
minimax-cn-coding-plan,MiniMax-M3,binpack,tokens30000,relational_rr_minus_niche,tokens_used,lower,5,-2408.6,-4010.2,-807.0,"{""0"": -1086.0, ""1"": -4761.0, ""2"": 130.0, ""3"": -2123.0, ""4"": -4203.0}"
minimax-cn-coding-plan,MiniMax-M3,binpack,tokens30000,relational_rr_minus_niche,token_budget_valid,higher,5,0.0,0.0,0.0,"{""0"": 0.0, ""1"": 0.0, ""2"": 0.0, ""3"": 0.0, ""4"": 0.0}"
minimax-cn-coding-plan,MiniMax-M3,binpack,tokens30000,relational_rr_minus_niche,learned_selector_test_loss,lower,0,,,,{}
minimax-cn-coding-plan,MiniMax-M3,binpack,tokens30000,relational_rr_minus_niche,selector_gain_vs_single,higher,0,,,,{}
minimax-cn-coding-plan,MiniMax-M3,binpack,tokens30000,relational_rr_minus_niche,selector_seconds_per_instance,lower,0,,,,{}
minimax-cn-coding-plan,MiniMax-M3,binpack,tokens30000,relational_rr_minus_niche,oracle_gain_upper_bound,higher,0,,,,{}
minimax-cn-coding-plan,MiniMax-M3,binpack,tokens30000,relational_rr_minus_niche,parent_improvements,higher,5,-1.8,-2.0,-1.4,"{""0"": -1.0, ""1"": -2.0, ""2"": -2.0, ""3"": -2.0, ""4"": -2.0}"
minimax-cn-coding-plan,MiniMax-M3,binpack,tokens30000,relational_rr_minus_niche,neighborhood_improvements,higher,5,0.2,0.0,0.6,"{""0"": 0.0, ""1"": 0.0, ""2"": 1.0, ""3"": 0.0, ""4"": 0.0}"
minimax-cn-coding-plan,MiniMax-M3,binpack,tokens30000,relational_rr_minus_niche,productive_collisions,higher,5,-1.6,-2.0,-0.8,"{""0"": 0.0, ""1"": -2.0, ""2"": -2.0, ""3"": -2.0, ""4"": -2.0}"
minimax-cn-coding-plan,MiniMax-M3,binpack,tokens30000,relational_rr_minus_niche,unproductive_collisions,lower,5,-1.4,-3.2,0.4,"{""0"": -3.0, ""1"": -1.0, ""2"": -1.0, ""3"": 2.0, ""4"": -4.0}"
minimax-cn-coding-plan,MiniMax-M3,binpack,tokens30000,relational_rr_minus_niche,restarts,lower,5,4.6,4.2,5.0,"{""0"": 5.0, ""1"": 4.0, ""2"": 5.0, ""3"": 5.0, ""4"": 4.0}"
minimax-cn-coding-plan,MiniMax-M3,binpack,tokens30000,relational_qp_rr_minus_niche,validation_selected_test_loss,lower,5,0.0,0.0,0.0,"{""0"": 0.0, ""1"": 0.0, ""2"": 0.0, ""3"": 0.0, ""4"": 0.0}"
minimax-cn-coding-plan,MiniMax-M3,binpack,tokens30000,relational_qp_rr_minus_niche,validation_selected_test_valid,higher,5,0.0,0.0,0.0,"{""0"": 0.0, ""1"": 0.0, ""2"": 0.0, ""3"": 0.0, ""4"": 0.0}"
minimax-cn-coding-plan,MiniMax-M3,binpack,tokens30000,relational_qp_rr_minus_niche,common_gate_test_behavior_modes,higher,5,0.8,-0.2,2.0,"{""0"": 3.0, ""1"": -1.0, ""2"": 0.0, ""3"": 1.0, ""4"": 1.0}"
minimax-cn-coding-plan,MiniMax-M3,binpack,tokens30000,relational_qp_rr_minus_niche,common_gate_test_eligible_size,higher,5,0.4,-0.4,1.4,"{""0"": 2.0, ""1"": -1.0, ""2"": 0.0, ""3"": 0.0, ""4"": 1.0}"
minimax-cn-coding-plan,MiniMax-M3,binpack,tokens30000,relational_qp_rr_minus_niche,valid_fraction,higher,5,-0.09666666666666665,-0.25999999999999995,0.06666666666666668,"{""0"": 0.125, ""1"": 0.125, ""2"": -0.4, ""3"": -0.16666666666666663, ""4"": -0.16666666666666663}"
minimax-cn-coding-plan,MiniMax-M3,binpack,tokens30000,relational_qp_rr_minus_niche,tokens_used,lower,5,-2774.6,-4313.8,-1627.0,"{""0"": -1947.0, ""1"": -5709.0, ""2"": -2900.0, ""3"": -1096.0, ""4"": -2221.0}"
minimax-cn-coding-plan,MiniMax-M3,binpack,tokens30000,relational_qp_rr_minus_niche,token_budget_valid,higher,5,0.0,0.0,0.0,"{""0"": 0.0, ""1"": 0.0, ""2"": 0.0, ""3"": 0.0, ""4"": 0.0}"
minimax-cn-coding-plan,MiniMax-M3,binpack,tokens30000,relational_qp_rr_minus_niche,learned_selector_test_loss,lower,0,,,,{}
minimax-cn-coding-plan,MiniMax-M3,binpack,tokens30000,relational_qp_rr_minus_niche,selector_gain_vs_single,higher,0,,,,{}
minimax-cn-coding-plan,MiniMax-M3,binpack,tokens30000,relational_qp_rr_minus_niche,selector_seconds_per_instance,lower,0,,,,{}
minimax-cn-coding-plan,MiniMax-M3,binpack,tokens30000,relational_qp_rr_minus_niche,oracle_gain_upper_bound,higher,0,,,,{}
minimax-cn-coding-plan,MiniMax-M3,binpack,tokens30000,relational_qp_rr_minus_niche,parent_improvements,higher,5,-1.8,-2.0,-1.4,"{""0"": -1.0, ""1"": -2.0, ""2"": -2.0, ""3"": -2.0, ""4"": -2.0}"
minimax-cn-coding-plan,MiniMax-M3,binpack,tokens30000,relational_qp_rr_minus_niche,neighborhood_improvements,higher,5,0.0,0.0,0.0,"{""0"": 0.0, ""1"": 0.0, ""2"": 0.0, ""3"": 0.0, ""4"": 0.0}"
minimax-cn-coding-plan,MiniMax-M3,binpack,tokens30000,relational_qp_rr_minus_niche,productive_collisions,higher,5,-1.6,-2.0,-0.8,"{""0"": 0.0, ""1"": -2.0, ""2"": -2.0, ""3"": -2.0, ""4"": -2.0}"
minimax-cn-coding-plan,MiniMax-M3,binpack,tokens30000,relational_qp_rr_minus_niche,unproductive_collisions,lower,5,-2.2,-3.2,-1.0,"{""0"": -3.0, ""1"": 0.0, ""2"": -2.0, ""3"": -2.0, ""4"": -4.0}"
minimax-cn-coding-plan,MiniMax-M3,binpack,tokens30000,relational_qp_rr_minus_niche,restarts,lower,5,4.0,4.0,4.0,"{""0"": 4.0, ""1"": 4.0, ""2"": 4.0, ""3"": 4.0, ""4"": 4.0}"
minimax-cn-coding-plan,MiniMax-M3,binpack,tokens30000,quality_protection_main_effect,validation_selected_test_loss,lower,5,0.0,0.0,0.0,"{""0"": 0.0, ""1"": 0.0, ""2"": 0.0, ""3"": 0.0, ""4"": 0.0}"
minimax-cn-coding-plan,MiniMax-M3,binpack,tokens30000,restart_correction_main_effect,validation_selected_test_loss,lower,5,0.0,0.0,0.0,"{""0"": 0.0, ""1"": 0.0, ""2"": 0.0, ""3"": 0.0, ""4"": 0.0}"
minimax-cn-coding-plan,MiniMax-M3,binpack,tokens30000,quality_by_restart_interaction,validation_selected_test_loss,lower,5,0.0,0.0,0.0,"{""0"": 0.0, ""1"": 0.0, ""2"": 0.0, ""3"": 0.0, ""4"": 0.0}"
minimax-cn-coding-plan,MiniMax-M3,binpack,tokens30000,quality_protection_main_effect,validation_selected_test_valid,higher,5,0.0,0.0,0.0,"{""0"": 0.0, ""1"": 0.0, ""2"": 0.0, ""3"": 0.0, ""4"": 0.0}"
minimax-cn-coding-plan,MiniMax-M3,binpack,tokens30000,restart_correction_main_effect,validation_selected_test_valid,higher,5,0.0,0.0,0.0,"{""0"": 0.0, ""1"": 0.0, ""2"": 0.0, ""3"": 0.0, ""4"": 0.0}"
minimax-cn-coding-plan,MiniMax-M3,binpack,tokens30000,quality_by_restart_interaction,validation_selected_test_valid,higher,5,0.0,0.0,0.0,"{""0"": 0.0, ""1"": 0.0, ""2"": 0.0, ""3"": 0.0, ""4"": 0.0}"
minimax-cn-coding-plan,MiniMax-M3,binpack,tokens30000,quality_protection_main_effect,common_gate_test_behavior_modes,higher,5,0.1,-0.9,1.0,"{""0"": 1.0, ""1"": -1.0, ""2"": -1.5, ""3"": 1.0, ""4"": 1.0}"
minimax-cn-coding-plan,MiniMax-M3,binpack,tokens30000,restart_correction_main_effect,common_gate_test_behavior_modes,higher,5,0.1,-1.0,0.9,"{""0"": 1.0, ""1"": -2.0, ""2"": 0.5, ""3"": 1.0, ""4"": 0.0}"
minimax-cn-coding-plan,MiniMax-M3,binpack,tokens30000,quality_by_restart_interaction,common_gate_test_behavior_modes,higher,5,1.4,-0.4,3.8,"{""0"": 6.0, ""1"": 0.0, ""2"": -1.0, ""3"": 2.0, ""4"": 0.0}"
minimax-cn-coding-plan,MiniMax-M3,binpack,tokens30000,quality_protection_main_effect,common_gate_test_eligible_size,higher,5,0.1,-0.9,1.1,"{""0"": 1.5, ""1"": -1.0, ""2"": -1.5, ""3"": 1.0, ""4"": 0.5}"
minimax-cn-coding-plan,MiniMax-M3,binpack,tokens30000,restart_correction_main_effect,common_gate_test_eligible_size,higher,5,0.1,-1.0,0.8,"{""0"": 0.5, ""1"": -2.0, ""2"": 0.5, ""3"": 1.0, ""4"": 0.5}"
minimax-cn-coding-plan,MiniMax-M3,binpack,tokens30000,quality_by_restart_interaction,common_gate_test_eligible_size,higher,5,1.0,-0.8,3.2,"{""0"": 5.0, ""1"": 0.0, ""2"": -1.0, ""3"": 2.0, ""4"": -1.0}"
minimax-cn-coding-plan,MiniMax-M3,binpack,tokens30000,quality_protection_main_effect,valid_fraction,higher,5,0.07333333333333333,-0.10666666666666666,0.2733333333333333,"{""0"": 0.4166666666666667, ""1"": 0.2, ""2"": -0.2, ""3"": -0.08333333333333331, ""4"": 0.033333333333333326}"
minimax-cn-coding-plan,MiniMax-M3,binpack,tokens30000,restart_correction_main_effect,valid_fraction,higher,5,-0.14666666666666667,-0.22000000000000003,-0.056666666666666664,"{""0"": -0.25, ""1"": -0.2, ""2"": -0.2, ""3"": -0.08333333333333331, ""4"": 0.0}"
minimax-cn-coding-plan,MiniMax-M3,binpack,tokens30000,quality_by_restart_interaction,valid_fraction,higher,5,0.06666666666666672,-0.22666666666666657,0.36,"{""0"": 0.5, ""1"": 0.4, ""2"": -0.3999999999999999, ""3"": -0.16666666666666652, ""4"": 0.0}"
minimax-cn-coding-plan,MiniMax-M3,binpack,tokens30000,quality_protection_main_effect,tokens_used,lower,5,164.1,-937.2,1648.0,"{""0"": -1330.5, ""1"": -502.0, ""2"": -761.5, ""3"": 336.5, ""4"": 3078.0}"
minimax-cn-coding-plan,MiniMax-M3,binpack,tokens30000,restart_correction_main_effect,tokens_used,lower,5,297.9,-1632.1,1889.1,"{""0"": 1183.5, ""1"": -2813.0, ""2"": 1290.5, ""3"": 2840.5, ""4"": -1012.0}"
minimax-cn-coding-plan,MiniMax-M3,binpack,tokens30000,quality_by_restart_interaction,tokens_used,lower,5,-1060.2,-2972.8,749.6,"{""0"": 939.0, ""1"": -892.0, ""2"": -4537.0, ""3"": 1381.0, ""4"": -2192.0}"
minimax-cn-coding-plan,MiniMax-M3,binpack,tokens30000,quality_protection_main_effect,token_budget_valid,higher,5,0.0,0.0,0.0,"{""0"": 0.0, ""1"": 0.0, ""2"": 0.0, ""3"": 0.0, ""4"": 0.0}"
minimax-cn-coding-plan,MiniMax-M3,binpack,tokens30000,restart_correction_main_effect,token_budget_valid,higher,5,0.0,0.0,0.0,"{""0"": 0.0, ""1"": 0.0, ""2"": 0.0, ""3"": 0.0, ""4"": 0.0}"
minimax-cn-coding-plan,MiniMax-M3,binpack,tokens30000,quality_by_restart_interaction,token_budget_valid,higher,5,0.0,0.0,0.0,"{""0"": 0.0, ""1"": 0.0, ""2"": 0.0, ""3"": 0.0, ""4"": 0.0}"
minimax-cn-coding-plan,MiniMax-M3,binpack,tokens30000,quality_protection_main_effect,learned_selector_test_loss,lower,0,,,,{}
minimax-cn-coding-plan,MiniMax-M3,binpack,tokens30000,restart_correction_main_effect,learned_selector_test_loss,lower,0,,,,{}
minimax-cn-coding-plan,MiniMax-M3,binpack,tokens30000,quality_by_restart_interaction,learned_selector_test_loss,lower,0,,,,{}
minimax-cn-coding-plan,MiniMax-M3,binpack,tokens30000,quality_protection_main_effect,selector_gain_vs_single,higher,0,,,,{}
minimax-cn-coding-plan,MiniMax-M3,binpack,tokens30000,restart_correction_main_effect,selector_gain_vs_single,higher,0,,,,{}
minimax-cn-coding-plan,MiniMax-M3,binpack,tokens30000,quality_by_restart_interaction,selector_gain_vs_single,higher,0,,,,{}
minimax-cn-coding-plan,MiniMax-M3,binpack,tokens30000,quality_protection_main_effect,selector_seconds_per_instance,lower,0,,,,{}
minimax-cn-coding-plan,MiniMax-M3,binpack,tokens30000,restart_correction_main_effect,selector_seconds_per_instance,lower,0,,,,{}
minimax-cn-coding-plan,MiniMax-M3,binpack,tokens30000,quality_by_restart_interaction,selector_seconds_per_instance,lower,0,,,,{}
minimax-cn-coding-plan,MiniMax-M3,binpack,tokens30000,quality_protection_main_effect,oracle_gain_upper_bound,higher,0,,,,{}
minimax-cn-coding-plan,MiniMax-M3,binpack,tokens30000,restart_correction_main_effect,oracle_gain_upper_bound,higher,0,,,,{}
minimax-cn-coding-plan,MiniMax-M3,binpack,tokens30000,quality_by_restart_interaction,oracle_gain_upper_bound,higher,0,,,,{}
minimax-cn-coding-plan,MiniMax-M3,binpack,tokens30000,quality_protection_main_effect,parent_improvements,higher,5,0.0,0.0,0.0,"{""0"": 0.0, ""1"": 0.0, ""2"": 0.0, ""3"": 0.0, ""4"": 0.0}"
minimax-cn-coding-plan,MiniMax-M3,binpack,tokens30000,restart_correction_main_effect,parent_improvements,higher,5,0.0,0.0,0.0,"{""0"": 0.0, ""1"": 0.0, ""2"": 0.0, ""3"": 0.0, ""4"": 0.0}"
minimax-cn-coding-plan,MiniMax-M3,binpack,tokens30000,quality_by_restart_interaction,parent_improvements,higher,5,0.0,0.0,0.0,"{""0"": 0.0, ""1"": 0.0, ""2"": 0.0, ""3"": 0.0, ""4"": 0.0}"
minimax-cn-coding-plan,MiniMax-M3,binpack,tokens30000,quality_protection_main_effect,neighborhood_improvements,higher,5,-0.3,-0.7,0.0,"{""0"": 0.0, ""1"": -1.0, ""2"": -0.5, ""3"": 0.0, ""4"": 0.0}"
minimax-cn-coding-plan,MiniMax-M3,binpack,tokens30000,restart_correction_main_effect,neighborhood_improvements,higher,5,-0.1,-0.6,0.3,"{""0"": 0.0, ""1"": -1.0, ""2"": 0.5, ""3"": 0.0, ""4"": 0.0}"
minimax-cn-coding-plan,MiniMax-M3,binpack,tokens30000,quality_by_restart_interaction,neighborhood_improvements,higher,5,0.2,-0.6,1.2,"{""0"": 0.0, ""1"": 2.0, ""2"": -1.0, ""3"": 0.0, ""4"": 0.0}"
minimax-cn-coding-plan,MiniMax-M3,binpack,tokens30000,quality_protection_main_effect,productive_collisions,higher,5,-0.2,-0.6,0.0,"{""0"": 0.0, ""1"": -1.0, ""2"": 0.0, ""3"": 0.0, ""4"": 0.0}"
minimax-cn-coding-plan,MiniMax-M3,binpack,tokens30000,restart_correction_main_effect,productive_collisions,higher,5,-0.2,-0.6,0.0,"{""0"": 0.0, ""1"": -1.0, ""2"": 0.0, ""3"": 0.0, ""4"": 0.0}"
minimax-cn-coding-plan,MiniMax-M3,binpack,tokens30000,quality_by_restart_interaction,productive_collisions,higher,5,0.4,0.0,1.2,"{""0"": 0.0, ""1"": 2.0, ""2"": 0.0, ""3"": 0.0, ""4"": 0.0}"
minimax-cn-coding-plan,MiniMax-M3,binpack,tokens30000,quality_protection_main_effect,unproductive_collisions,lower,5,-0.1,-1.3,1.2,"{""0"": 1.0, ""1"": 2.0, ""2"": -0.5, ""3"": -2.0, ""4"": -1.0}"
minimax-cn-coding-plan,MiniMax-M3,binpack,tokens30000,restart_correction_main_effect,unproductive_collisions,lower,5,-0.5,-0.9,-0.1,"{""0"": -1.0, ""1"": 0.0, ""2"": -0.5, ""3"": -1.0, ""4"": 0.0}"
minimax-cn-coding-plan,MiniMax-M3,binpack,tokens30000,quality_by_restart_interaction,unproductive_collisions,lower,5,-1.4,-3.0,0.4,"{""0"": -2.0, ""1"": -2.0, ""2"": -1.0, ""3"": -4.0, ""4"": 2.0}"
minimax-cn-coding-plan,MiniMax-M3,binpack,tokens30000,quality_protection_main_effect,restarts,lower,5,-0.2,-0.5,0.2,"{""0"": -0.5, ""1"": 0.0, ""2"": -0.5, ""3"": -0.5, ""4"": 0.5}"
minimax-cn-coding-plan,MiniMax-M3,binpack,tokens30000,restart_correction_main_effect,restarts,lower,5,0.2,-0.2,0.5,"{""0"": 0.5, ""1"": 0.0, ""2"": 0.5, ""3"": 0.5, ""4"": -0.5}"
minimax-cn-coding-plan,MiniMax-M3,binpack,tokens30000,quality_by_restart_interaction,restarts,lower,5,-0.8,-1.0,-0.4,"{""0"": -1.0, ""1"": 0.0, ""2"": -1.0, ""3"": -1.0, ""4"": -1.0}"
minimax-cn-coding-plan,MiniMax-M3,tsp,slots8,relational_minus_niche,validation_selected_test_loss,lower,5,0.003007442902510854,-0.005585810444860095,0.010901250545004858,"{""0"": 0.00264134856987161, ""1"": -0.01195853315261139, ""2"": 0.0, ""3"": 0.01640785186176036, ""4"": 0.00794654723353369}"
minimax-cn-coding-plan,MiniMax-M3,tsp,slots8,relational_minus_niche,validation_selected_test_valid,higher,5,0.0,0.0,0.0,"{""0"": 0.0, ""1"": 0.0, ""2"": 0.0, ""3"": 0.0, ""4"": 0.0}"
minimax-cn-coding-plan,MiniMax-M3,tsp,slots8,relational_minus_niche,common_gate_test_behavior_modes,higher,5,0.0,-1.4,1.4,"{""0"": -2.0, ""1"": 2.0, ""2"": -1.0, ""3"": 2.0, ""4"": -1.0}"
minimax-cn-coding-plan,MiniMax-M3,tsp,slots8,relational_minus_niche,common_gate_test_eligible_size,higher,5,-0.4,-1.8,1.0,"{""0"": -2.0, ""1"": 2.0, ""2"": -1.0, ""3"": 1.0, ""4"": -2.0}"
minimax-cn-coding-plan,MiniMax-M3,tsp,slots8,relational_minus_niche,valid_fraction,higher,5,0.075,0.0,0.175,"{""0"": 0.0, ""1"": 0.125, ""2"": 0.0, ""3"": 0.0, ""4"": 0.25}"
minimax-cn-coding-plan,MiniMax-M3,tsp,slots8,relational_minus_niche,tokens_used,lower,5,7863.0,6993.8,8741.2,"{""0"": 9337.0, ""1"": 8701.0, ""2"": 6994.0, ""3"": 6698.0, ""4"": 7585.0}"
minimax-cn-coding-plan,MiniMax-M3,tsp,slots8,relational_minus_niche,token_budget_valid,higher,0,,,,{}
minimax-cn-coding-plan,MiniMax-M3,tsp,slots8,relational_minus_niche,learned_selector_test_loss,lower,5,-0.001538512486214963,-0.00977358934708343,0.006084585371379953,"{""0"": 0.003706575725393471, ""1"": -0.015327083386094037, ""2"": -0.009430230336127395, ""3"": 0.006543533758992352, ""4"": 0.006814641806760793}"
minimax-cn-coding-plan,MiniMax-M3,tsp,slots8,relational_minus_niche,selector_gain_vs_single,higher,5,0.00454595538872582,0.0007003813551969496,0.00839152942225469,"{""0"": -0.0010652271555218473, ""1"": 0.003368550233482648, ""2"": 0.009430230336127395, ""3"": 0.009864318102768006, ""4"": 0.0011319054267728973}"
minimax-cn-coding-plan,MiniMax-M3,tsp,slots8,relational_minus_niche,selector_seconds_per_instance,lower,5,-2.569722128100702e-05,-0.0004496294416538959,0.00034668166578436893,"{""0"": -0.000764697217770542, ""1"": 0.00011588055511108693, ""2"": -6.993611006894055e-05, ""3"": 0.0006065388863337124, ""4"": -1.6272220010351852e-05}"
minimax-cn-coding-plan,MiniMax-M3,tsp,slots8,relational_minus_niche,oracle_gain_upper_bound,higher,5,-0.0032828962151212767,-0.017732308671682625,0.011166516241440072,"{""0"": -0.01950776791614496, ""1"": -0.010957957163730023, ""2"": 0.01856126710379398, ""3"": 0.01483400208167121, ""4"": -0.01934402518119659}"
minimax-cn-coding-plan,MiniMax-M3,tsp,slots8,relational_minus_niche,parent_improvements,higher,5,-1.4,-2.2,-1.0,"{""0"": -1.0, ""1"": -3.0, ""2"": -1.0, ""3"": -1.0, ""4"": -1.0}"
minimax-cn-coding-plan,MiniMax-M3,tsp,slots8,relational_minus_niche,neighborhood_improvements,higher,5,-0.8,-1.4,-0.2,"{""0"": -2.0, ""1"": -1.0, ""2"": -1.0, ""3"": 0.0, ""4"": 0.0}"
minimax-cn-coding-plan,MiniMax-M3,tsp,slots8,relational_minus_niche,productive_collisions,higher,5,-0.8,-2.0,0.0,"{""0"": -3.0, ""1"": -1.0, ""2"": 0.0, ""3"": 0.0, ""4"": 0.0}"
minimax-cn-coding-plan,MiniMax-M3,tsp,slots8,relational_minus_niche,unproductive_collisions,lower,5,-0.8,-2.0,0.0,"{""0"": -3.0, ""1"": 0.0, ""2"": 0.0, ""3"": 0.0, ""4"": -1.0}"
minimax-cn-coding-plan,MiniMax-M3,tsp,slots8,relational_minus_niche,restarts,lower,5,5.2,4.6,5.8,"{""0"": 6.0, ""1"": 5.0, ""2"": 5.0, ""3"": 4.0, ""4"": 6.0}"
minimax-cn-coding-plan,MiniMax-M3,tsp,slots8,relational_qp_minus_niche,validation_selected_test_loss,lower,5,0.007170139647819632,-1.303347815967415e-05,0.017288294100256448,"{""0"": 0.00264134856987161, ""1"": -0.0013532579803349903, ""2"": 0.0, ""3"": 0.026616060416027848, ""4"": 0.00794654723353369}"
minimax-cn-coding-plan,MiniMax-M3,tsp,slots8,relational_qp_minus_niche,validation_selected_test_valid,higher,5,0.0,0.0,0.0,"{""0"": 0.0, ""1"": 0.0, ""2"": 0.0, ""3"": 0.0, ""4"": 0.0}"
minimax-cn-coding-plan,MiniMax-M3,tsp,slots8,relational_qp_minus_niche,common_gate_test_behavior_modes,higher,5,-0.6,-1.4,0.4,"{""0"": -2.0, ""1"": 0.0, ""2"": -1.0, ""3"": 1.0, ""4"": -1.0}"
minimax-cn-coding-plan,MiniMax-M3,tsp,slots8,relational_qp_minus_niche,common_gate_test_eligible_size,higher,5,-1.0,-1.8,-0.2,"{""0"": -2.0, ""1"": 0.0, ""2"": -1.0, ""3"": 0.0, ""4"": -2.0}"
minimax-cn-coding-plan,MiniMax-M3,tsp,slots8,relational_qp_minus_niche,valid_fraction,higher,5,0.0,-0.125,0.1,"{""0"": 0.0, ""1"": 0.125, ""2"": 0.0, ""3"": -0.25, ""4"": 0.125}"
minimax-cn-coding-plan,MiniMax-M3,tsp,slots8,relational_qp_minus_niche,tokens_used,lower,5,8173.4,7703.0,8643.8,"{""0"": 7465.0, ""1"": 8791.0, ""2"": 8608.0, ""3"": 8421.0, ""4"": 7582.0}"
minimax-cn-coding-plan,MiniMax-M3,tsp,slots8,relational_qp_minus_niche,token_budget_valid,higher,0,,,,{}
minimax-cn-coding-plan,MiniMax-M3,tsp,slots8,relational_qp_minus_niche,learned_selector_test_loss,lower,5,0.0017277727160929846,-0.005729141370578729,0.006787855014069791,"{""0"": 0.003706575725393471, ""1"": -0.01271633406688423, ""2"": 0.008145326574196636, ""3"": 0.0026886535409982523, ""4"": 0.006814641806760793}"
minimax-cn-coding-plan,MiniMax-M3,tsp,slots8,relational_qp_minus_niche,selector_gain_vs_single,higher,5,0.005442366931726649,-0.0034578404065328137,0.01638880840194138,"{""0"": -0.0010652271555218473, ""1"": 0.011363076086549247, ""2"": -0.008145326574196636, ""3"": 0.023927406875029582, ""4"": 0.0011319054267728973}"
minimax-cn-coding-plan,MiniMax-M3,tsp,slots8,relational_qp_minus_niche,selector_seconds_per_instance,lower,5,-0.0002736038897031298,-0.0008868566668954576,0.00015230944328423996,"{""0"": -0.0014594888877278815, ""1"": 0.00010246666432875721, ""2"": -0.00027535000117495656, ""3"": -2.7908335646821417e-05, ""4"": 0.0002922611117052534}"
minimax-cn-coding-plan,MiniMax-M3,tsp,slots8,relational_qp_minus_niche,oracle_gain_upper_bound,higher,5,-0.002234044062663349,-0.01486687203838539,0.010398783913058691,"{""0"": -0.01950776791614496, ""1"": 0.0036214756351231267, ""2"": 0.0033692260027561524, ""3"": 0.020690871146145526, ""4"": -0.01934402518119659}"
minimax-cn-coding-plan,MiniMax-M3,tsp,slots8,relational_qp_minus_niche,parent_improvements,higher,5,-1.6,-2.4,-1.0,"{""0"": -1.0, ""1"": -3.0, ""2"": -1.0, ""3"": -2.0, ""4"": -1.0}"
minimax-cn-coding-plan,MiniMax-M3,tsp,slots8,relational_qp_minus_niche,neighborhood_improvements,higher,5,-1.0,-1.8,-0.2,"{""0"": -2.0, ""1"": -2.0, ""2"": -1.0, ""3"": 0.0, ""4"": 0.0}"
minimax-cn-coding-plan,MiniMax-M3,tsp,slots8,relational_qp_minus_niche,productive_collisions,higher,5,-1.0,-2.2,0.0,"{""0"": -3.0, ""1"": -2.0, ""2"": 0.0, ""3"": 0.0, ""4"": 0.0}"
minimax-cn-coding-plan,MiniMax-M3,tsp,slots8,relational_qp_minus_niche,unproductive_collisions,lower,5,-0.4,-1.4,0.4,"{""0"": -2.0, ""1"": 0.0, ""2"": 0.0, ""3"": 1.0, ""4"": -1.0}"
minimax-cn-coding-plan,MiniMax-M3,tsp,slots8,relational_qp_minus_niche,restarts,lower,5,5.0,4.2,5.8,"{""0"": 6.0, ""1"": 4.0, ""2"": 5.0, ""3"": 4.0, ""4"": 6.0}"
minimax-cn-coding-plan,MiniMax-M3,tsp,slots8,relational_rr_minus_niche,validation_selected_test_loss,lower,5,-0.002556858467816821,-0.008577086894158117,0.0031088268858788072,"{""0"": -0.011251777467923066, ""1"": -0.00034896003767334594, ""2"": 0.0, ""3"": -0.009130102067021383, ""4"": 0.00794654723353369}"
minimax-cn-coding-plan,MiniMax-M3,tsp,slots8,relational_rr_minus_niche,validation_selected_test_valid,higher,5,0.0,0.0,0.0,"{""0"": 0.0, ""1"": 0.0, ""2"": 0.0, ""3"": 0.0, ""4"": 0.0}"
minimax-cn-coding-plan,MiniMax-M3,tsp,slots8,relational_rr_minus_niche,common_gate_test_behavior_modes,higher,5,-0.6,-2.8,1.8,"{""0"": -2.0, ""1"": -2.0, ""2"": -4.0, ""3"": 3.0, ""4"": 2.0}"
minimax-cn-coding-plan,MiniMax-M3,tsp,slots8,relational_rr_minus_niche,common_gate_test_eligible_size,higher,5,-1.0,-2.8,1.0,"{""0"": -2.0, ""1"": -2.0, ""2"": -4.0, ""3"": 2.0, ""4"": 1.0}"
minimax-cn-coding-plan,MiniMax-M3,tsp,slots8,relational_rr_minus_niche,valid_fraction,higher,5,0.05,-0.05,0.175,"{""0"": -0.125, ""1"": 0.125, ""2"": 0.0, ""3"": 0.0, ""4"": 0.25}"
minimax-cn-coding-plan,MiniMax-M3,tsp,slots8,relational_rr_minus_niche,tokens_used,lower,5,7674.8,4360.8,10988.8,"{""0"": 3783.0, ""1"": 12331.0, ""2"": 11144.0, ""3"": 3122.0, ""4"": 7994.0}"
minimax-cn-coding-plan,MiniMax-M3,tsp,slots8,relational_rr_minus_niche,token_budget_valid,higher,0,,,,{}
minimax-cn-coding-plan,MiniMax-M3,tsp,slots8,relational_rr_minus_niche,learned_selector_test_loss,lower,5,-0.006866289803166048,-0.013772465876121598,-9.40867197619738e-05,"{""0"": -0.010186550312401232, ""1"": -0.008012567850405716, ""2"": 0.0010344148682568804, ""3"": -0.019903397978821215, ""4"": 0.002736652257541043}"
minimax-cn-coding-plan,MiniMax-M3,tsp,slots8,relational_rr_minus_niche,selector_gain_vs_single,higher,5,0.004309431335349225,0.0002021221856870384,0.00841674048501141,"{""0"": -0.0010652271555218473, ""1"": 0.00766360781273237, ""2"": -0.0010344148682568804, ""3"": 0.010773295911799832, ""4"": 0.0052098949759926474}"
minimax-cn-coding-plan,MiniMax-M3,tsp,slots8,relational_rr_minus_niche,selector_seconds_per_instance,lower,5,1.5658334854783216e-05,-0.0009221227742576352,0.0010077322238228386,"{""0"": -0.0015176472176487248, ""1"": -2.924999959456431e-05, ""2"": 0.001706736113798494, ""3"": -5.312500353385182e-05, ""4"": -2.8422218747437e-05}"
minimax-cn-coding-plan,MiniMax-M3,tsp,slots8,relational_rr_minus_niche,oracle_gain_upper_bound,higher,5,-0.010230497967849644,-0.016576864362089615,-0.004014839106483738,"{""0"": -0.01950776791614496, ""1"": -0.0016149773416327153, ""2"": -0.018773260897165245, ""3"": -0.005668726519457344, ""4"": -0.005587757164847957}"
minimax-cn-coding-plan,MiniMax-M3,tsp,slots8,relational_rr_minus_niche,parent_improvements,higher,5,-1.4,-2.2,-1.0,"{""0"": -1.0, ""1"": -3.0, ""2"": -1.0, ""3"": -1.0, ""4"": -1.0}"
minimax-cn-coding-plan,MiniMax-M3,tsp,slots8,relational_rr_minus_niche,neighborhood_improvements,higher,5,-0.6,-1.4,0.4,"{""0"": -2.0, ""1"": -1.0, ""2"": -1.0, ""3"": 0.0, ""4"": 1.0}"
minimax-cn-coding-plan,MiniMax-M3,tsp,slots8,relational_rr_minus_niche,productive_collisions,higher,5,-0.6,-1.4,0.0,"{""0"": -2.0, ""1"": -1.0, ""2"": 0.0, ""3"": 0.0, ""4"": 0.0}"
minimax-cn-coding-plan,MiniMax-M3,tsp,slots8,relational_rr_minus_niche,unproductive_collisions,lower,5,-1.0,-2.6,0.2,"{""0"": -4.0, ""1"": -1.0, ""2"": -1.0, ""3"": 1.0, ""4"": 0.0}"
minimax-cn-coding-plan,MiniMax-M3,tsp,slots8,relational_rr_minus_niche,restarts,lower,5,5.2,4.6,5.8,"{""0"": 6.0, ""1"": 5.0, ""2"": 6.0, ""3"": 4.0, ""4"": 5.0}"
minimax-cn-coding-plan,MiniMax-M3,tsp,slots8,relational_qp_rr_minus_niche,validation_selected_test_loss,lower,5,0.0017131146314625797,-0.003480438124966456,0.0069066673878916155,"{""0"": -0.0018173895225445102, ""1"": 0.009320121236195349, ""2"": 0.0, ""3"": -0.00688370578987163, ""4"": 0.00794654723353369}"
minimax-cn-coding-plan,MiniMax-M3,tsp,slots8,relational_qp_rr_minus_niche,validation_selected_test_valid,higher,5,0.0,0.0,0.0,"{""0"": 0.0, ""1"": 0.0, ""2"": 0.0, ""3"": 0.0, ""4"": 0.0}"
minimax-cn-coding-plan,MiniMax-M3,tsp,slots8,relational_qp_rr_minus_niche,common_gate_test_behavior_modes,higher,5,-1.2,-2.8,0.2,"{""0"": -2.0, ""1"": -1.0, ""2"": -4.0, ""3"": 1.0, ""4"": 0.0}"
minimax-cn-coding-plan,MiniMax-M3,tsp,slots8,relational_qp_rr_minus_niche,common_gate_test_eligible_size,higher,5,-1.2,-2.8,0.0,"{""0"": -2.0, ""1"": 0.0, ""2"": -4.0, ""3"": 0.0, ""4"": 0.0}"
minimax-cn-coding-plan,MiniMax-M3,tsp,slots8,relational_qp_rr_minus_niche,valid_fraction,higher,5,0.075,0.0,0.175,"{""0"": 0.0, ""1"": 0.125, ""2"": 0.0, ""3"": 0.0, ""4"": 0.25}"
minimax-cn-coding-plan,MiniMax-M3,tsp,slots8,relational_qp_rr_minus_niche,tokens_used,lower,5,10063.8,7648.4,12098.8,"{""0"": 11378.0, ""1"": 11983.0, ""2"": 12575.0, ""3"": 5938.0, ""4"": 8445.0}"
minimax-cn-coding-plan,MiniMax-M3,tsp,slots8,relational_qp_rr_minus_niche,token_budget_valid,higher,0,,,,{}
minimax-cn-coding-plan,MiniMax-M3,tsp,slots8,relational_qp_rr_minus_niche,learned_selector_test_loss,lower,5,-0.0038407962549855484,-0.01139687539658343,0.0023354294500909033,"{""0"": -0.0007521623670226768, ""1"": -0.01701504416701384, ""2"": 0.0010344148682568804, ""3"": -0.007651429549629822, ""4"": 0.0051802399404817165}"
minimax-cn-coding-plan,MiniMax-M3,tsp,slots8,relational_qp_rr_minus_niche,selector_gain_vs_single,higher,5,0.005553910886448125,-0.0006863120575598527,0.01614131526943154,"{""0"": -0.0010652271555218473, ""1"": 0.02633516540320919, ""2"": -0.0010344148682568804, ""3"": 0.0007677237597581918, ""4"": 0.002766307293051974}"
minimax-cn-coding-plan,MiniMax-M3,tsp,slots8,relational_qp_rr_minus_niche,selector_seconds_per_instance,lower,5,-0.00024766388685545996,-0.0007522244420316486,5.1771668303343895e-05,"{""0"": -0.0012336999966969923, ""1"": 0.00012370277868790761, ""2"": -6.829999620094895e-05, ""3"": -9.381111077446909e-05, ""4"": 3.378889070720296e-05}"
minimax-cn-coding-plan,MiniMax-M3,tsp,slots8,relational_qp_rr_minus_niche,oracle_gain_upper_bound,higher,5,-0.00883046438681059,-0.01653830353569514,-0.001122625237926045,"{""0"": -0.01950776791614496, ""1"": 0.005245350243917125, ""2"": -0.018773260897165245, ""3"": -0.00612946005185528, ""4"": -0.004987183312804597}"
minimax-cn-coding-plan,MiniMax-M3,tsp,slots8,relational_qp_rr_minus_niche,parent_improvements,higher,5,-0.8,-1.6,0.2,"{""0"": 1.0, ""1"": -2.0, ""2"": -1.0, ""3"": -1.0, ""4"": -1.0}"
minimax-cn-coding-plan,MiniMax-M3,tsp,slots8,relational_qp_rr_minus_niche,neighborhood_improvements,higher,5,0.2,-0.6,1.2,"{""0"": 0.0, ""1"": 0.0, ""2"": -1.0, ""3"": 0.0, ""4"": 2.0}"
minimax-cn-coding-plan,MiniMax-M3,tsp,slots8,relational_qp_rr_minus_niche,productive_collisions,higher,5,0.4,-0.4,1.4,"{""0"": -1.0, ""1"": 1.0, ""2"": 0.0, ""3"": 0.0, ""4"": 2.0}"
minimax-cn-coding-plan,MiniMax-M3,tsp,slots8,relational_qp_rr_minus_niche,unproductive_collisions,lower,5,0.0,-1.2,1.2,"{""0"": -2.0, ""1"": 0.0, ""2"": 2.0, ""3"": 0.0, ""4"": 0.0}"
minimax-cn-coding-plan,MiniMax-M3,tsp,slots8,relational_qp_rr_minus_niche,restarts,lower,5,4.8,4.2,5.4,"{""0"": 5.0, ""1"": 4.0, ""2"": 6.0, ""3"": 4.0, ""4"": 5.0}"
minimax-cn-coding-plan,MiniMax-M3,tsp,slots8,quality_protection_main_effect,validation_selected_test_loss,lower,5,0.004216334922294089,0.0009434387945378555,0.007489231050050322,"{""0"": 0.004717193972689278, ""1"": 0.010137178223072547, ""2"": 0.0, ""3"": 0.006227302415708621, ""4"": 0.0}"
minimax-cn-coding-plan,MiniMax-M3,tsp,slots8,restart_correction_main_effect,validation_selected_test_loss,lower,5,-0.005510663193342364,-0.017711316040404365,0.004849699286419435,"{""0"": -0.009175932065105398, ""1"": 0.011141476165734191, ""2"": 0.0, ""3"": -0.02951886006734061, ""4"": 0.0}"
minimax-cn-coding-plan,MiniMax-M3,tsp,slots8,quality_by_restart_interaction,validation_selected_test_loss,lower,5,0.00010727635397062146,-0.004777087366270647,0.005473393987545592,"{""0"": 0.009434387945378556, ""1"": -0.0009361938984077042, ""2"": 0.0, ""3"": -0.007961812277117744, ""4"": 0.0}"
minimax-cn-coding-plan,MiniMax-M3,tsp,slots8,quality_protection_main_effect,validation_selected_test_valid,higher,5,0.0,0.0,0.0,"{""0"": 0.0, ""1"": 0.0, ""2"": 0.0, ""3"": 0.0, ""4"": 0.0}"
minimax-cn-coding-plan,MiniMax-M3,tsp,slots8,restart_correction_main_effect,validation_selected_test_valid,higher,5,0.0,0.0,0.0,"{""0"": 0.0, ""1"": 0.0, ""2"": 0.0, ""3"": 0.0, ""4"": 0.0}"
minimax-cn-coding-plan,MiniMax-M3,tsp,slots8,quality_by_restart_interaction,validation_selected_test_valid,higher,5,0.0,0.0,0.0,"{""0"": 0.0, ""1"": 0.0, ""2"": 0.0, ""3"": 0.0, ""4"": 0.0}"
minimax-cn-coding-plan,MiniMax-M3,tsp,slots8,quality_protection_main_effect,common_gate_test_behavior_modes,higher,5,-0.6,-1.1,-0.1,"{""0"": 0.0, ""1"": -0.5, ""2"": 0.0, ""3"": -1.5, ""4"": -1.0}"
minimax-cn-coding-plan,MiniMax-M3,tsp,slots8,restart_correction_main_effect,common_gate_test_behavior_modes,higher,5,-0.6,-2.2,1.0,"{""0"": 0.0, ""1"": -2.5, ""2"": -3.0, ""3"": 0.5, ""4"": 2.0}"
minimax-cn-coding-plan,MiniMax-M3,tsp,slots8,quality_by_restart_interaction,common_gate_test_behavior_modes,higher,5,0.0,-1.2,1.6,"{""0"": 0.0, ""1"": 3.0, ""2"": 0.0, ""3"": -1.0, ""4"": -2.0}"
minimax-cn-coding-plan,MiniMax-M3,tsp,slots8,quality_protection_main_effect,common_gate_test_eligible_size,higher,5,-0.4,-1.0,0.0,"{""0"": 0.0, ""1"": 0.0, ""2"": 0.0, ""3"": -1.5, ""4"": -0.5}"
minimax-cn-coding-plan,MiniMax-M3,tsp,slots8,restart_correction_main_effect,common_gate_test_eligible_size,higher,5,-0.4,-2.1,1.2,"{""0"": 0.0, ""1"": -2.0, ""2"": -3.0, ""3"": 0.5, ""4"": 2.5}"
minimax-cn-coding-plan,MiniMax-M3,tsp,slots8,quality_by_restart_interaction,common_gate_test_eligible_size,higher,5,0.4,-0.8,2.2,"{""0"": 0.0, ""1"": 4.0, ""2"": 0.0, ""3"": -1.0, ""4"": -1.0}"
minimax-cn-coding-plan,MiniMax-M3,tsp,slots8,quality_protection_main_effect,valid_fraction,higher,5,-0.025,-0.0875,0.025,"{""0"": 0.0625, ""1"": 0.0, ""2"": 0.0, ""3"": -0.125, ""4"": -0.0625}"
minimax-cn-coding-plan,MiniMax-M3,tsp,slots8,restart_correction_main_effect,valid_fraction,higher,5,0.025,-0.025,0.0875,"{""0"": -0.0625, ""1"": 0.0, ""2"": 0.0, ""3"": 0.125, ""4"": 0.0625}"
minimax-cn-coding-plan,MiniMax-M3,tsp,slots8,quality_by_restart_interaction,valid_fraction,higher,5,0.1,0.025,0.175,"{""0"": 0.125, ""1"": 0.0, ""2"": 0.0, ""3"": 0.25, ""4"": 0.125}"
minimax-cn-coding-plan,MiniMax-M3,tsp,slots8,quality_protection_main_effect,tokens_used,lower,5,1349.7,342.5,2356.9,"{""0"": 2861.5, ""1"": -129.0, ""2"": 1522.5, ""3"": 2269.5, ""4"": 224.0}"
minimax-cn-coding-plan,MiniMax-M3,tsp,slots8,restart_correction_main_effect,tokens_used,lower,5,851.1,-1412.8,3115.0,"{""0"": -820.5, ""1"": 3411.0, ""2"": 4058.5, ""3"": -3029.5, ""4"": 636.0}"
minimax-cn-coding-plan,MiniMax-M3,tsp,slots8,quality_by_restart_interaction,tokens_used,lower,5,2078.6,-157.6,5861.8,"{""0"": 9467.0, ""1"": -438.0, ""2"": -183.0, ""3"": 1093.0, ""4"": 454.0}"
minimax-cn-coding-plan,MiniMax-M3,tsp,slots8,quality_protection_main_effect,token_budget_valid,higher,0,,,,{}
minimax-cn-coding-plan,MiniMax-M3,tsp,slots8,restart_correction_main_effect,token_budget_valid,higher,0,,,,{}
minimax-cn-coding-plan,MiniMax-M3,tsp,slots8,quality_by_restart_interaction,token_budget_valid,higher,0,,,,{}
minimax-cn-coding-plan,MiniMax-M3,tsp,slots8,quality_protection_main_effect,learned_selector_test_loss,lower,5,0.0031458893752442235,-0.0005452690945974614,0.0063910500643897805,"{""0"": 0.004717193972689278, ""1"": -0.0031958634986991585, ""2"": 0.008787778455162015, ""3"": 0.004198544105598646, ""4"": 0.0012217938414703367}"
minimax-cn-coding-plan,MiniMax-M3,tsp,slots8,restart_correction_main_effect,learned_selector_test_loss,lower,5,-0.005448173144014809,-0.012569710317997706,0.0007026686452507632,"{""0"": -0.009175932065105426, ""1"": 0.0015079027177793553, ""2"": 0.0016768667492222597, ""3"": -0.01839350741422082, ""4"": -0.0028561957077494135}"
minimax-cn-coding-plan,MiniMax-M3,tsp,slots8,quality_by_restart_interaction,learned_selector_test_loss,lower,5,-0.00024079165412744797,-0.01118679548186865,0.010705212173613754,"{""0"": 0.009434387945378556, ""1"": -0.011613225635817931, ""2"": -0.01757555691032403, ""3"": 0.016106848647185493, ""4"": 0.0024435876829406733}"
minimax-cn-coding-plan,MiniMax-M3,tsp,slots8,quality_protection_main_effect,selector_gain_vs_single,higher,5,0.0010704455470498648,-0.004866915411075216,0.007999825033063025,"{""0"": 0.0, ""1"": 0.013333041721771709, ""2"": -0.008787778455162015, ""3"": 0.0020287583101099675, ""4"": -0.0012217938414703367}"
minimax-cn-coding-plan,MiniMax-M3,tsp,slots8,restart_correction_main_effect,selector_gain_vs_single,higher,5,-6.249004932755916e-05,-0.006439345800166437,0.005567146803831581,"{""0"": 0.0, ""1"": 0.009633573447954832, ""2"": -0.0016768667492222597, ""3"": -0.011125352653119782, ""4"": 0.0028561957077494135}"
minimax-cn-coding-plan,MiniMax-M3,tsp,slots8,quality_by_restart_interaction,selector_gain_vs_single,higher,5,0.0003480680080980722,-0.012794507743688021,0.012056736771992982,"{""0"": 0.0, ""1"": 0.01067703173741022, ""2"": 0.01757555691032403, ""3"": -0.024068660924303216, ""4"": -0.0024435876829406733}"
minimax-cn-coding-plan,MiniMax-M3,tsp,slots8,quality_protection_main_effect,selector_seconds_per_instance,lower,5,-0.00025561444506618295,-0.0006476944445037386,6.0972220833516775e-05,"{""0"": -0.00020542222450280353, ""1"": 6.97694437500711e-05, ""2"": -0.0009902250005527295, ""3"": -0.00033756666461057553, ""4"": 0.0001853722205851226}"
minimax-cn-coding-plan,MiniMax-M3,tsp,slots8,restart_correction_main_effect,selector_seconds_per_instance,lower,5,3.364777949173003e-05,-0.000282775554417943,0.0005300111137330532,"{""0"": -0.00026358055442364677, ""1"": -6.194722017325042e-05, ""2"": 0.000991861114420721, ""3"": -0.00036278333249760593, ""4"": -0.00013531110986756778}"
minimax-cn-coding-plan,MiniMax-M3,tsp,slots8,quality_by_restart_interaction,selector_seconds_per_instance,lower,5,-1.5415553288120358e-05,-0.0008722855528402658,0.0006622733360725558,"{""0"": 0.000978738890909072, ""1"": 0.00016636666906480165, ""2"": -0.001569622218893427, ""3"": 0.0005937611147399165, ""4"": -0.00024632222226096505}"
minimax-cn-coding-plan,MiniMax-M3,tsp,slots8,quality_protection_main_effect,oracle_gain_upper_bound,higher,5,0.0012244428667484903,-0.0039579413918993745,0.00655204288572957,"{""0"": 0.0, ""1"": 0.010719880192201495, ""2"": -0.007596020550518914, ""3"": 0.0026980677660381897, ""4"": 0.0003002869260216798}"
minimax-cn-coding-plan,MiniMax-M3,tsp,slots8,restart_correction_main_effect,oracle_gain_upper_bound,higher,5,-0.0067720110384378055,-0.021478725007087994,0.007815992863126387,"{""0"": 0.0, ""1"": 0.005483427215445653, ""2"": -0.02973850745044031, ""3"": -0.02366152989956468, ""4"": 0.014056554942370313}"
minimax-cn-coding-plan,MiniMax-M3,tsp,slots8,quality_by_restart_interaction,oracle_gain_upper_bound,higher,5,0.0003511814285811252,-0.005774868876947764,0.007971818911656919,"{""0"": 0.0, ""1"": -0.0077191052133033095, ""2"": 0.015192041101037827, ""3"": -0.0063176025968722516, ""4"": 0.0006005738520433596}"
minimax-cn-coding-plan,MiniMax-M3,tsp,slots8,quality_protection_main_effect,parent_improvements,higher,5,0.2,-0.2,0.7,"{""0"": 1.0, ""1"": 0.5, ""2"": 0.0, ""3"": -0.5, ""4"": 0.0}"
minimax-cn-coding-plan,MiniMax-M3,tsp,slots8,restart_correction_main_effect,parent_improvements,higher,5,0.4,0.1,0.7,"{""0"": 1.0, ""1"": 0.5, ""2"": 0.0, ""3"": 0.5, ""4"": 0.0}"
minimax-cn-coding-plan,MiniMax-M3,tsp,slots8,quality_by_restart_interaction,parent_improvements,higher,5,0.8,0.2,1.4,"{""0"": 2.0, ""1"": 1.0, ""2"": 0.0, ""3"": 1.0, ""4"": 0.0}"
minimax-cn-coding-plan,MiniMax-M3,tsp,slots8,quality_protection_main_effect,neighborhood_improvements,higher,5,0.3,0.0,0.7,"{""0"": 1.0, ""1"": 0.0, ""2"": 0.0, ""3"": 0.0, ""4"": 0.5}"
minimax-cn-coding-plan,MiniMax-M3,tsp,slots8,restart_correction_main_effect,neighborhood_improvements,higher,5,0.7,0.2,1.2,"{""0"": 1.0, ""1"": 1.0, ""2"": 0.0, ""3"": 0.0, ""4"": 1.5}"
minimax-cn-coding-plan,MiniMax-M3,tsp,slots8,quality_by_restart_interaction,neighborhood_improvements,higher,5,1.0,0.2,1.8,"{""0"": 2.0, ""1"": 2.0, ""2"": 0.0, ""3"": 0.0, ""4"": 1.0}"
minimax-cn-coding-plan,MiniMax-M3,tsp,slots8,quality_protection_main_effect,productive_collisions,higher,5,0.4,0.1,0.7,"{""0"": 0.5, ""1"": 0.5, ""2"": 0.0, ""3"": 0.0, ""4"": 1.0}"
minimax-cn-coding-plan,MiniMax-M3,tsp,slots8,restart_correction_main_effect,productive_collisions,higher,5,0.8,0.2,1.4,"{""0"": 1.5, ""1"": 1.5, ""2"": 0.0, ""3"": 0.0, ""4"": 1.0}"
minimax-cn-coding-plan,MiniMax-M3,tsp,slots8,quality_by_restart_interaction,productive_collisions,higher,5,1.2,0.2,2.2,"{""0"": 1.0, ""1"": 3.0, ""2"": 0.0, ""3"": 0.0, ""4"": 2.0}"
minimax-cn-coding-plan,MiniMax-M3,tsp,slots8,quality_protection_main_effect,unproductive_collisions,lower,5,0.7,0.1,1.3,"{""0"": 1.5, ""1"": 0.5, ""2"": 1.5, ""3"": 0.0, ""4"": 0.0}"
minimax-cn-coding-plan,MiniMax-M3,tsp,slots8,restart_correction_main_effect,unproductive_collisions,lower,5,0.1,-0.4,0.6,"{""0"": -0.5, ""1"": -0.5, ""2"": 0.5, ""3"": 0.0, ""4"": 1.0}"
minimax-cn-coding-plan,MiniMax-M3,tsp,slots8,quality_by_restart_interaction,unproductive_collisions,lower,5,0.6,-0.8,2.0,"{""0"": 1.0, ""1"": 1.0, ""2"": 3.0, ""3"": -2.0, ""4"": 0.0}"
minimax-cn-coding-plan,MiniMax-M3,tsp,slots8,quality_protection_main_effect,restarts,lower,5,-0.3,-0.7,0.0,"{""0"": -0.5, ""1"": -1.0, ""2"": 0.0, ""3"": 0.0, ""4"": 0.0}"
minimax-cn-coding-plan,MiniMax-M3,tsp,slots8,restart_correction_main_effect,restarts,lower,5,-0.1,-0.6,0.5,"{""0"": -0.5, ""1"": 0.0, ""2"": 1.0, ""3"": 0.0, ""4"": -1.0}"
minimax-cn-coding-plan,MiniMax-M3,tsp,slots8,quality_by_restart_interaction,restarts,lower,5,-0.2,-0.6,0.0,"{""0"": -1.0, ""1"": 0.0, ""2"": 0.0, ""3"": 0.0, ""4"": 0.0}"
minimax-cn-coding-plan,MiniMax-M3,tsp,tokens30000,relational_minus_niche,validation_selected_test_loss,lower,5,0.014022887023982647,0.002778618830581779,0.02526715521738352,"{""0"": 0.025582085318266327, ""1"": 0.030639255648738015, ""2"": 0.013893094152908896, ""3"": 0.0, ""4"": 0.0}"
minimax-cn-coding-plan,MiniMax-M3,tsp,tokens30000,relational_minus_niche,validation_selected_test_valid,higher,5,0.0,0.0,0.0,"{""0"": 0.0, ""1"": 0.0, ""2"": 0.0, ""3"": 0.0, ""4"": 0.0}"
minimax-cn-coding-plan,MiniMax-M3,tsp,tokens30000,relational_minus_niche,common_gate_test_behavior_modes,higher,5,-2.0,-3.2,-1.0,"{""0"": -4.0, ""1"": -1.0, ""2"": -3.0, ""3"": -1.0, ""4"": -1.0}"
minimax-cn-coding-plan,MiniMax-M3,tsp,tokens30000,relational_minus_niche,common_gate_test_eligible_size,higher,5,-2.6,-4.0,-1.2,"{""0"": -4.0, ""1"": -2.0, ""2"": -5.0, ""3"": -1.0, ""4"": -1.0}"
minimax-cn-coding-plan,MiniMax-M3,tsp,tokens30000,relational_minus_niche,valid_fraction,higher,5,0.025,0.0,0.075,"{""0"": 0.0, ""1"": 0.0, ""2"": 0.0, ""3"": 0.125, ""4"": 0.0}"
minimax-cn-coding-plan,MiniMax-M3,tsp,tokens30000,relational_minus_niche,tokens_used,lower,5,-732.6,-1272.6,-191.8,"{""0"": -1675.0, ""1"": -669.0, ""2"": -848.0, ""3"": 180.0, ""4"": -651.0}"
minimax-cn-coding-plan,MiniMax-M3,tsp,tokens30000,relational_minus_niche,token_budget_valid,higher,5,0.0,0.0,0.0,"{""0"": 0.0, ""1"": 0.0, ""2"": 0.0, ""3"": 0.0, ""4"": 0.0}"
minimax-cn-coding-plan,MiniMax-M3,tsp,tokens30000,relational_minus_niche,learned_selector_test_loss,lower,5,0.004513675797923678,-0.0014467061867879632,0.011871785836677237,"{""0"": 0.0012655371060682208, ""1"": 0.008254177376277816, ""2"": 0.01729819852727637, ""3"": -0.0037201927210982963, ""4"": -0.0005293412989057222}"
minimax-cn-coding-plan,MiniMax-M3,tsp,tokens30000,relational_minus_niche,selector_gain_vs_single,higher,5,0.009509211226058972,-0.0004062666859650413,0.019424689138082988,"{""0"": 0.02431654821219812, ""1"": 0.0223850782724602, ""2"": -0.0034051043743674736, ""3"": 0.0037201927210982963, ""4"": 0.0005293412989057222}"
minimax-cn-coding-plan,MiniMax-M3,tsp,tokens30000,relational_minus_niche,selector_seconds_per_instance,lower,5,0.00013625777856860724,-0.0002802394433981843,0.0006331127796632549,"{""0"": -1.9927777531039432e-05, ""1"": 2.591111115179956e-05, ""2"": 0.0010379138920042252, ""3"": -0.000532249997680386, ""4"": 0.00016964166489843698}"
minimax-cn-coding-plan,MiniMax-M3,tsp,tokens30000,relational_minus_niche,oracle_gain_upper_bound,higher,5,0.003259975707543566,-0.0030798304157155206,0.00962897830671917,"{""0"": 0.009194533879399204, ""1"": 0.013893487172509229, ""2"": -0.0027301038633310293, ""3"": 0.0018228670501963945, ""4"": -0.005880905701055969}"
minimax-cn-coding-plan,MiniMax-M3,tsp,tokens30000,relational_minus_niche,parent_improvements,higher,5,-2.0,-3.2,-0.8,"{""0"": -4.0, ""1"": -3.0, ""2"": -2.0, ""3"": -1.0, ""4"": 0.0}"
minimax-cn-coding-plan,MiniMax-M3,tsp,tokens30000,relational_minus_niche,neighborhood_improvements,higher,5,-0.4,-1.0,0.4,"{""0"": -1.0, ""1"": -1.0, ""2"": 0.0, ""3"": 1.0, ""4"": -1.0}"
minimax-cn-coding-plan,MiniMax-M3,tsp,tokens30000,relational_minus_niche,productive_collisions,higher,5,-0.6,-1.4,0.4,"{""0"": -1.0, ""1"": -2.0, ""2"": 0.0, ""3"": 1.0, ""4"": -1.0}"
minimax-cn-coding-plan,MiniMax-M3,tsp,tokens30000,relational_minus_niche,unproductive_collisions,lower,5,-0.6,-3.4,1.2,"{""0"": 1.0, ""1"": 0.0, ""2"": 2.0, ""3"": 0.0, ""4"": -6.0}"
minimax-cn-coding-plan,MiniMax-M3,tsp,tokens30000,relational_minus_niche,restarts,lower,5,4.4,4.0,4.8,"{""0"": 5.0, ""1"": 4.0, ""2"": 5.0, ""3"": 4.0, ""4"": 4.0}"
minimax-cn-coding-plan,MiniMax-M3,tsp,tokens30000,relational_qp_minus_niche,validation_selected_test_loss,lower,5,0.014640724997260934,0.001249384974808297,0.02803206501971357,"{""0"": 0.025582085318266327, ""1"": 0.037551530154563154, ""2"": 0.013893094152908896, ""3"": -0.003823084639433705, ""4"": 0.0}"
minimax-cn-coding-plan,MiniMax-M3,tsp,tokens30000,relational_qp_minus_niche,validation_selected_test_valid,higher,5,0.0,0.0,0.0,"{""0"": 0.0, ""1"": 0.0, ""2"": 0.0, ""3"": 0.0, ""4"": 0.0}"
minimax-cn-coding-plan,MiniMax-M3,tsp,tokens30000,relational_qp_minus_niche,common_gate_test_behavior_modes,higher,5,-1.8,-4.2,0.2,"{""0"": -6.0, ""1"": 0.0, ""2"": -3.0, ""3"": 1.0, ""4"": -1.0}"
minimax-cn-coding-plan,MiniMax-M3,tsp,tokens30000,relational_qp_minus_niche,common_gate_test_eligible_size,higher,5,-2.4,-4.8,-0.2,"{""0"": -6.0, ""1"": -1.0, ""2"": -5.0, ""3"": 1.0, ""4"": -1.0}"
minimax-cn-coding-plan,MiniMax-M3,tsp,tokens30000,relational_qp_minus_niche,valid_fraction,higher,5,0.025,0.0,0.075,"{""0"": 0.0, ""1"": 0.0, ""2"": 0.0, ""3"": 0.125, ""4"": 0.0}"
minimax-cn-coding-plan,MiniMax-M3,tsp,tokens30000,relational_qp_minus_niche,tokens_used,lower,5,-2233.2,-3287.8,-1411.2,"{""0"": -934.0, ""1"": -4221.0, ""2"": -2366.0, ""3"": -1888.0, ""4"": -1757.0}"
minimax-cn-coding-plan,MiniMax-M3,tsp,tokens30000,relational_qp_minus_niche,token_budget_valid,higher,5,0.0,0.0,0.0,"{""0"": 0.0, ""1"": 0.0, ""2"": 0.0, ""3"": 0.0, ""4"": 0.0}"
minimax-cn-coding-plan,MiniMax-M3,tsp,tokens30000,relational_qp_minus_niche,learned_selector_test_loss,lower,5,0.006128628663547889,0.001310439467059371,0.010946817860036406,"{""0"": 0.009265082065150018, ""1"": 0.011046552178708674, ""2"": 0.011687951438807333, ""3"": -0.0008271010660208591, ""4"": -0.0005293412989057222}"
minimax-cn-coding-plan,MiniMax-M3,tsp,tokens30000,relational_qp_minus_niche,selector_gain_vs_single,higher,5,0.00851209633371305,-0.0005456283669825368,0.019272255695917107,"{""0"": 0.016317003253116323, ""1"": 0.026504977975854497, ""2"": 0.002205142714101563, ""3"": -0.0029959835734128457, ""4"": 0.0005293412989057222}"
minimax-cn-coding-plan,MiniMax-M3,tsp,tokens30000,relational_qp_minus_niche,selector_seconds_per_instance,lower,5,0.00013596722403437733,-0.0002012166660279036,0.0004105066699493263,"{""0"": 0.00046108889121872676, ""1"": 0.0004889361152891072, ""2"": 0.00015248333673096377, ""3"": -0.0005222499991456668, ""4"": 9.957777607875573e-05}"
minimax-cn-coding-plan,MiniMax-M3,tsp,tokens30000,relational_qp_minus_niche,oracle_gain_upper_bound,higher,5,-0.003504952102080327,-0.014059254758108698,0.010030502850441289,"{""0"": -0.02020831747086562, ""1"": 0.020794025795343247, ""2"": -0.009959879616270748, ""3"": -0.002269683517552544, ""4"": -0.005880905701055969}"
minimax-cn-coding-plan,MiniMax-M3,tsp,tokens30000,relational_qp_minus_niche,parent_improvements,higher,5,-1.8,-3.2,-0.4,"{""0"": -4.0, ""1"": -3.0, ""2"": -2.0, ""3"": 0.0, ""4"": 0.0}"
minimax-cn-coding-plan,MiniMax-M3,tsp,tokens30000,relational_qp_minus_niche,neighborhood_improvements,higher,5,-0.2,-0.6,0.0,"{""0"": -1.0, ""1"": 0.0, ""2"": 0.0, ""3"": 0.0, ""4"": 0.0}"
minimax-cn-coding-plan,MiniMax-M3,tsp,tokens30000,relational_qp_minus_niche,productive_collisions,higher,5,-0.6,-1.0,-0.2,"{""0"": -1.0, ""1"": -1.0, ""2"": 0.0, ""3"": 0.0, ""4"": -1.0}"
minimax-cn-coding-plan,MiniMax-M3,tsp,tokens30000,relational_qp_minus_niche,unproductive_collisions,lower,5,-0.8,-3.0,0.6,"{""0"": 1.0, ""1"": 0.0, ""2"": 0.0, ""3"": 0.0, ""4"": -5.0}"
minimax-cn-coding-plan,MiniMax-M3,tsp,tokens30000,relational_qp_minus_niche,restarts,lower,5,3.8,2.8,4.8,"{""0"": 5.0, ""1"": 2.0, ""2"": 5.0, ""3"": 3.0, ""4"": 4.0}"
minimax-cn-coding-plan,MiniMax-M3,tsp,tokens30000,relational_rr_minus_niche,validation_selected_test_loss,lower,5,0.01696702324039648,0.007895035894235045,0.024958222622320385,"{""0"": 0.025582085318266327, ""1"": 0.028267005744262105, ""2"": 0.013893094152908896, ""3"": 0.017092930986545074, ""4"": 0.0}"
minimax-cn-coding-plan,MiniMax-M3,tsp,tokens30000,relational_rr_minus_niche,validation_selected_test_valid,higher,5,0.0,0.0,0.0,"{""0"": 0.0, ""1"": 0.0, ""2"": 0.0, ""3"": 0.0, ""4"": 0.0}"
minimax-cn-coding-plan,MiniMax-M3,tsp,tokens30000,relational_rr_minus_niche,common_gate_test_behavior_modes,higher,5,-2.2,-4.4,-0.2,"{""0"": -6.0, ""1"": -2.0, ""2"": -3.0, ""3"": 1.0, ""4"": -1.0}"
minimax-cn-coding-plan,MiniMax-M3,tsp,tokens30000,relational_rr_minus_niche,common_gate_test_eligible_size,higher,5,-2.8,-5.0,-0.6,"{""0"": -6.0, ""1"": -3.0, ""2"": -5.0, ""3"": 1.0, ""4"": -1.0}"
minimax-cn-coding-plan,MiniMax-M3,tsp,tokens30000,relational_rr_minus_niche,valid_fraction,higher,5,-0.008333333333333326,-0.09999999999999998,0.075,"{""0"": 0.0, ""1"": -0.16666666666666663, ""2"": 0.0, ""3"": 0.125, ""4"": 0.0}"
minimax-cn-coding-plan,MiniMax-M3,tsp,tokens30000,relational_rr_minus_niche,tokens_used,lower,5,-2280.6,-4303.6,-257.6,"{""0"": -4182.0, ""1"": -2570.0, ""2"": -5292.0, ""3"": 772.0, ""4"": -131.0}"
minimax-cn-coding-plan,MiniMax-M3,tsp,tokens30000,relational_rr_minus_niche,token_budget_valid,higher,5,0.0,0.0,0.0,"{""0"": 0.0, ""1"": 0.0, ""2"": 0.0, ""3"": 0.0, ""4"": 0.0}"
minimax-cn-coding-plan,MiniMax-M3,tsp,tokens30000,relational_rr_minus_niche,learned_selector_test_loss,lower,5,0.0077530261570663535,0.003388428046716574,0.011011507085983313,"{""0"": 0.009265082065150018, ""1"": 0.01120827524357594, ""2"": 0.011687951438807333, ""3"": 0.007133163336704197, ""4"": -0.0005293412989057222}"
minimax-cn-coding-plan,MiniMax-M3,tsp,tokens30000,relational_rr_minus_niche,selector_gain_vs_single,higher,5,0.00921399708333013,0.003085747135171092,0.01534224703148917,"{""0"": 0.016317003253116323, ""1"": 0.017058730500686157, ""2"": 0.002205142714101563, ""3"": 0.00995976764984089, ""4"": 0.0005293412989057222}"
minimax-cn-coding-plan,MiniMax-M3,tsp,tokens30000,relational_rr_minus_niche,selector_seconds_per_instance,lower,5,0.00011677777899118759,-5.930110993277709e-05,0.0004035055572684441,"{""0"": -7.653333078552456e-05, ""1"": 0.0006772805580921059, ""2"": 5.613333390404795e-05, ""3"": -7.044722183814503e-05, ""4"": -2.5444444165462557e-06}"
minimax-cn-coding-plan,MiniMax-M3,tsp,tokens30000,relational_rr_minus_niche,oracle_gain_upper_bound,higher,5,-0.0009071956459054252,-0.01324345997506574,0.011594357327955083,"{""0"": -0.02020831747086562, ""1"": 0.018209270848690475, ""2"": -0.009959879616270748, ""3"": 0.013303853709974736, ""4"": -0.005880905701055969}"
minimax-cn-coding-plan,MiniMax-M3,tsp,tokens30000,relational_rr_minus_niche,parent_improvements,higher,5,-2.0,-3.6,-0.4,"{""0"": -4.0, ""1"": -4.0, ""2"": -2.0, ""3"": 0.0, ""4"": 0.0}"
minimax-cn-coding-plan,MiniMax-M3,tsp,tokens30000,relational_rr_minus_niche,neighborhood_improvements,higher,5,-0.6,-1.4,0.0,"{""0"": 0.0, ""1"": -2.0, ""2"": 0.0, ""3"": 0.0, ""4"": -1.0}"
minimax-cn-coding-plan,MiniMax-M3,tsp,tokens30000,relational_rr_minus_niche,productive_collisions,higher,5,-1.0,-2.0,-0.2,"{""0"": -1.0, ""1"": -3.0, ""2"": 0.0, ""3"": 0.0, ""4"": -1.0}"
minimax-cn-coding-plan,MiniMax-M3,tsp,tokens30000,relational_rr_minus_niche,unproductive_collisions,lower,5,0.2,-2.0,1.6,"{""0"": 1.0, ""1"": 2.0, ""2"": 1.0, ""3"": 1.0, ""4"": -4.0}"
minimax-cn-coding-plan,MiniMax-M3,tsp,tokens30000,relational_rr_minus_niche,restarts,lower,5,3.8,3.2,4.4,"{""0"": 4.0, ""1"": 3.0, ""2"": 4.0, ""3"": 3.0, ""4"": 5.0}"
minimax-cn-coding-plan,MiniMax-M3,tsp,tokens30000,relational_qp_rr_minus_niche,validation_selected_test_loss,lower,5,0.015060408599274776,0.0048536619811660395,0.02526715521738352,"{""0"": 0.025582085318266327, ""1"": 0.030639255648738015, ""2"": 0.013893094152908896, ""3"": 0.005187607876460651, ""4"": 0.0}"
minimax-cn-coding-plan,MiniMax-M3,tsp,tokens30000,relational_qp_rr_minus_niche,validation_selected_test_valid,higher,5,0.0,0.0,0.0,"{""0"": 0.0, ""1"": 0.0, ""2"": 0.0, ""3"": 0.0, ""4"": 0.0}"
minimax-cn-coding-plan,MiniMax-M3,tsp,tokens30000,relational_qp_rr_minus_niche,common_gate_test_behavior_modes,higher,5,-1.6,-3.6,0.4,"{""0"": -5.0, ""1"": -2.0, ""2"": -2.0, ""3"": 2.0, ""4"": -1.0}"
minimax-cn-coding-plan,MiniMax-M3,tsp,tokens30000,relational_qp_rr_minus_niche,common_gate_test_eligible_size,higher,5,-2.2,-4.2,0.2,"{""0"": -5.0, ""1"": -3.0, ""2"": -4.0, ""3"": 2.0, ""4"": -1.0}"
minimax-cn-coding-plan,MiniMax-M3,tsp,tokens30000,relational_qp_rr_minus_niche,valid_fraction,higher,5,0.025,0.0,0.075,"{""0"": 0.0, ""1"": 0.0, ""2"": 0.0, ""3"": 0.125, ""4"": 0.0}"
minimax-cn-coding-plan,MiniMax-M3,tsp,tokens30000,relational_qp_rr_minus_niche,tokens_used,lower,5,-2034.2,-3213.6,-1047.4,"{""0"": -1641.0, ""1"": -4128.0, ""2"": -2604.0, ""3"": -577.0, ""4"": -1221.0}"
minimax-cn-coding-plan,MiniMax-M3,tsp,tokens30000,relational_qp_rr_minus_niche,token_budget_valid,higher,5,0.0,0.0,0.0,"{""0"": 0.0, ""1"": 0.0, ""2"": 0.0, ""3"": 0.0, ""4"": 0.0}"
minimax-cn-coding-plan,MiniMax-M3,tsp,tokens30000,relational_qp_rr_minus_niche,learned_selector_test_loss,lower,5,0.006826605081475698,0.0028087007040955582,0.010844509458855837,"{""0"": 0.011939491630695784, ""1"": 0.004425964437203722, ""2"": 0.012046653394502914, ""3"": 0.006250257243881792, ""4"": -0.0005293412989057222}"
minimax-cn-coding-plan,MiniMax-M3,tsp,tokens30000,relational_qp_rr_minus_niche,selector_gain_vs_single,higher,5,0.008233803517799083,0.00015596492427502883,0.018562361724215833,"{""0"": 0.013642593687570558, ""1"": 0.026213291211534293, ""2"": 0.0018464407584059817, ""3"": -0.001062649367421141, ""4"": 0.0005293412989057222}"
minimax-cn-coding-plan,MiniMax-M3,tsp,tokens30000,relational_qp_rr_minus_niche,selector_seconds_per_instance,lower,5,0.000285512223167138,7.366667139447474e-06,0.0006310888902387685,"{""0"": -3.485000019686087e-05, ""1"": -2.469443845459036e-06, ""2"": 0.00011147222378187719, ""3"": 0.00044862777900157684, ""4"": 0.0009047805570945558}"
minimax-cn-coding-plan,MiniMax-M3,tsp,tokens30000,relational_qp_rr_minus_niche,oracle_gain_upper_bound,higher,5,0.0011396303936976292,-0.007135094371630055,0.009414355159025313,"{""0"": -0.012041280050177995, ""1"": 0.009479650552963455, ""2"": 0.013971787522441, ""3"": 0.00016889964431765492, ""4"": -0.005880905701055969}"
minimax-cn-coding-plan,MiniMax-M3,tsp,tokens30000,relational_qp_rr_minus_niche,parent_improvements,higher,5,-1.8,-3.2,-0.4,"{""0"": -4.0, ""1"": -3.0, ""2"": -2.0, ""3"": 0.0, ""4"": 0.0}"
minimax-cn-coding-plan,MiniMax-M3,tsp,tokens30000,relational_qp_rr_minus_niche,neighborhood_improvements,higher,5,0.0,-0.8,0.8,"{""0"": 1.0, ""1"": -1.0, ""2"": 1.0, ""3"": 0.0, ""4"": -1.0}"
minimax-cn-coding-plan,MiniMax-M3,tsp,tokens30000,relational_qp_rr_minus_niche,productive_collisions,higher,5,-0.4,-1.4,0.4,"{""0"": 0.0, ""1"": -2.0, ""2"": 1.0, ""3"": 0.0, ""4"": -1.0}"
minimax-cn-coding-plan,MiniMax-M3,tsp,tokens30000,relational_qp_rr_minus_niche,unproductive_collisions,lower,5,-0.8,-3.4,0.8,"{""0"": 1.0, ""1"": 0.0, ""2"": 0.0, ""3"": 1.0, ""4"": -6.0}"
minimax-cn-coding-plan,MiniMax-M3,tsp,tokens30000,relational_qp_rr_minus_niche,restarts,lower,5,3.6,2.6,4.4,"{""0"": 5.0, ""1"": 2.0, ""2"": 4.0, ""3"": 3.0, ""4"": 4.0}"
minimax-cn-coding-plan,MiniMax-M3,tsp,tokens30000,quality_protection_main_effect,validation_selected_test_loss,lower,5,-0.0006443883339217075,-0.004718522324855439,0.002785357323090316,"{""0"": 0.0, ""1"": 0.004642262205150526, ""2"": 0.0, ""3"": -0.007864203874759064, ""4"": 0.0}"
minimax-cn-coding-plan,MiniMax-M3,tsp,tokens30000,restart_correction_main_effect,validation_selected_test_loss,lower,5,0.0016819099092138378,-0.002785357323090316,0.007831087050731829,"{""0"": 0.0, ""1"": -0.004642262205150526, ""2"": 0.0, ""3"": 0.013051811751219715, ""4"": 0.0}"
minimax-cn-coding-plan,MiniMax-M3,tsp,tokens30000,quality_by_restart_interaction,validation_selected_test_loss,lower,5,-0.0025244526143999913,-0.005757348002660279,0.0,"{""0"": 0.0, ""1"": -0.004540024601349238, ""2"": 0.0, ""3"": -0.008082238470650718, ""4"": 0.0}"
minimax-cn-coding-plan,MiniMax-M3,tsp,tokens30000,quality_protection_main_effect,validation_selected_test_valid,higher,5,0.0,0.0,0.0,"{""0"": 0.0, ""1"": 0.0, ""2"": 0.0, ""3"": 0.0, ""4"": 0.0}"
minimax-cn-coding-plan,MiniMax-M3,tsp,tokens30000,restart_correction_main_effect,validation_selected_test_valid,higher,5,0.0,0.0,0.0,"{""0"": 0.0, ""1"": 0.0, ""2"": 0.0, ""3"": 0.0, ""4"": 0.0}"
minimax-cn-coding-plan,MiniMax-M3,tsp,tokens30000,quality_by_restart_interaction,validation_selected_test_valid,higher,5,0.0,0.0,0.0,"{""0"": 0.0, ""1"": 0.0, ""2"": 0.0, ""3"": 0.0, ""4"": 0.0}"
minimax-cn-coding-plan,MiniMax-M3,tsp,tokens30000,quality_protection_main_effect,common_gate_test_behavior_modes,higher,5,0.4,-0.1,1.0,"{""0"": -0.5, ""1"": 0.5, ""2"": 0.5, ""3"": 1.5, ""4"": 0.0}"
minimax-cn-coding-plan,MiniMax-M3,tsp,tokens30000,restart_correction_main_effect,common_gate_test_behavior_modes,higher,5,0.0,-0.9,0.9,"{""0"": -0.5, ""1"": -1.5, ""2"": 0.5, ""3"": 1.5, ""4"": 0.0}"
minimax-cn-coding-plan,MiniMax-M3,tsp,tokens30000,quality_by_restart_interaction,common_gate_test_behavior_modes,higher,5,0.4,-0.8,1.8,"{""0"": 3.0, ""1"": -1.0, ""2"": 1.0, ""3"": -1.0, ""4"": 0.0}"
minimax-cn-coding-plan,MiniMax-M3,tsp,tokens30000,quality_protection_main_effect,common_gate_test_eligible_size,higher,5,0.4,-0.1,1.0,"{""0"": -0.5, ""1"": 0.5, ""2"": 0.5, ""3"": 1.5, ""4"": 0.0}"
minimax-cn-coding-plan,MiniMax-M3,tsp,tokens30000,restart_correction_main_effect,common_gate_test_eligible_size,higher,5,0.0,-0.9,0.9,"{""0"": -0.5, ""1"": -1.5, ""2"": 0.5, ""3"": 1.5, ""4"": 0.0}"
minimax-cn-coding-plan,MiniMax-M3,tsp,tokens30000,quality_by_restart_interaction,common_gate_test_eligible_size,higher,5,0.4,-0.8,1.8,"{""0"": 3.0, ""1"": -1.0, ""2"": 1.0, ""3"": -1.0, ""4"": 0.0}"
minimax-cn-coding-plan,MiniMax-M3,tsp,tokens30000,quality_protection_main_effect,valid_fraction,higher,5,0.016666666666666663,0.0,0.04999999999999999,"{""0"": 0.0, ""1"": 0.08333333333333331, ""2"": 0.0, ""3"": 0.0, ""4"": 0.0}"
minimax-cn-coding-plan,MiniMax-M3,tsp,tokens30000,restart_correction_main_effect,valid_fraction,higher,5,-0.016666666666666663,-0.04999999999999999,0.0,"{""0"": 0.0, ""1"": -0.08333333333333331, ""2"": 0.0, ""3"": 0.0, ""4"": 0.0}"
minimax-cn-coding-plan,MiniMax-M3,tsp,tokens30000,quality_by_restart_interaction,valid_fraction,higher,5,0.033333333333333326,0.0,0.09999999999999998,"{""0"": 0.0, ""1"": 0.16666666666666663, ""2"": 0.0, ""3"": 0.0, ""4"": 0.0}"
minimax-cn-coding-plan,MiniMax-M3,tsp,tokens30000,quality_protection_main_effect,tokens_used,lower,5,-627.1,-1925.0,759.9,"{""0"": 1641.0, ""1"": -2555.0, ""2"": 585.0, ""3"": -1708.5, ""4"": -1098.0}"
minimax-cn-coding-plan,MiniMax-M3,tsp,tokens30000,restart_correction_main_effect,tokens_used,lower,5,-674.5,-1760.0,411.0,"{""0"": -1607.0, ""1"": -904.0, ""2"": -2341.0, ""3"": 951.5, ""4"": 528.0}"
minimax-cn-coding-plan,MiniMax-M3,tsp,tokens30000,quality_by_restart_interaction,tokens_used,lower,5,1747.0,578.4,3066.2,"{""0"": 1800.0, ""1"": 1994.0, ""2"": 4206.0, ""3"": 719.0, ""4"": 16.0}"
minimax-cn-coding-plan,MiniMax-M3,tsp,tokens30000,quality_protection_main_effect,token_budget_valid,higher,5,0.0,0.0,0.0,"{""0"": 0.0, ""1"": 0.0, ""2"": 0.0, ""3"": 0.0, ""4"": 0.0}"
minimax-cn-coding-plan,MiniMax-M3,tsp,tokens30000,restart_correction_main_effect,token_budget_valid,higher,5,0.0,0.0,0.0,"{""0"": 0.0, ""1"": 0.0, ""2"": 0.0, ""3"": 0.0, ""4"": 0.0}"
minimax-cn-coding-plan,MiniMax-M3,tsp,tokens30000,quality_by_restart_interaction,token_budget_valid,higher,5,0.0,0.0,0.0,"{""0"": 0.0, ""1"": 0.0, ""2"": 0.0, ""3"": 0.0, ""4"": 0.0}"
minimax-cn-coding-plan,MiniMax-M3,tsp,tokens30000,quality_protection_main_effect,learned_selector_test_loss,lower,5,0.0003442658950167779,-0.0018482962273429632,0.003004211313219636,"{""0"": 0.0053369772623137815, ""1"": -0.0019949680019706803, ""2"": -0.0026257725663867276, ""3"": 0.001005092781127516, ""4"": 0.0}"
minimax-cn-coding-plan,MiniMax-M3,tsp,tokens30000,restart_correction_main_effect,learned_selector_test_loss,lower,5,0.0019686633885352424,-0.0017836070013960564,0.006079960775353617,"{""0"": 0.0053369772623137815, ""1"": -0.0018332449371034135, ""2"": -0.0026257725663867276, ""3"": 0.008965357183852572, ""4"": 0.0}"
minimax-cn-coding-plan,MiniMax-M3,tsp,tokens30000,quality_by_restart_interaction,learned_selector_test_loss,lower,5,-0.002541373941214867,-0.0068098384439890525,0.002387579617665847,"{""0"": -0.005325135393536032, ""1"": -0.009574685608803077, ""2"": 0.005968949044164618, ""3"": -0.0037759977478998424, ""4"": 0.0}"
minimax-cn-coding-plan,MiniMax-M3,tsp,tokens30000,quality_protection_main_effect,selector_gain_vs_single,higher,5,-0.0009886542289384848,-0.005863818932717363,0.003705201109403178,"{""0"": -0.0053369772623137815, ""1"": 0.006637230207121217, ""2"": 0.0026257725663867276, ""3"": -0.008869296655886587, ""4"": 0.0}"
minimax-cn-coding-plan,MiniMax-M3,tsp,tokens30000,restart_correction_main_effect,selector_gain_vs_single,higher,5,-0.0002867534793214055,-0.003258397812144362,0.002684890853501551,"{""0"": -0.0053369772623137815, ""1"": -0.002809017268047123, ""2"": 0.0026257725663867276, ""3"": 0.00408645456736715, ""4"": 0.0}"
minimax-cn-coding-plan,MiniMax-M3,tsp,tokens30000,quality_by_restart_interaction,selector_gain_vs_single,higher,5,1.6921326814872683e-05,-0.004110075906766203,0.004143918560395948,"{""0"": 0.005325135393536032, ""1"": 0.005034661007453839, ""2"": -0.005968949044164618, ""3"": -0.00430624072275089, ""4"": 0.0}"
minimax-cn-coding-plan,MiniMax-M3,tsp,tokens30000,quality_protection_main_effect,selector_seconds_per_instance,lower,5,8.422194482086024e-05,-0.00021779249946121126,0.00032553722234701535,"{""0"": 0.00026134999966921494, ""1"": -0.00010836249890012865, ""2"": -0.00041504583269771607, ""3"": 0.00026453749968722055, ""4"": 0.0004186305563457104}"
minimax-cn-coding-plan,MiniMax-M3,tsp,tokens30000,restart_correction_main_effect,selector_seconds_per_instance,lower,5,6.503249977767051e-05,-0.00029907083436329327,0.00043785138889991976,"{""0"": -0.0002762722223350364, ""1"": 7.998194390287006e-05, ""2"": -0.0005113958355246319, ""3"": 0.0007163402769947423, ""4"": 0.0003165083358504084}"
minimax-cn-coding-plan,MiniMax-M3,tsp,tokens30000,quality_by_restart_interaction,selector_seconds_per_instance,lower,5,0.00016902499871018035,-0.0005853777822469259,0.00086907833465375,"{""0"": -0.0004393333381611023, ""1"": -0.0011427750060748725, ""2"": 0.0009407694451510906, ""3"": 0.0005090750023050027, ""4"": 0.0009773888903307833}"
minimax-cn-coding-plan,MiniMax-M3,tsp,tokens30000,quality_protection_main_effect,oracle_gain_upper_bound,higher,5,-0.0023590508850104192,-0.008093494642213761,0.0032878169523910066,"{""0"": -0.0106179069647886, ""1"": -0.0009145408364465007, ""2"": 0.008350945692886014, ""3"": -0.00861375231670301, ""4"": 0.0}"
minimax-cn-coding-plan,MiniMax-M3,tsp,tokens30000,restart_correction_main_effect,oracle_gain_upper_bound,higher,5,0.00023870557116448254,-0.00567864635332816,0.006124292241484114,"{""0"": -0.0106179069647886, ""1"": -0.0034992957830992724, ""2"": 0.008350945692886014, ""3"": 0.00695978491082427, ""4"": 0.0}"
minimax-cn-coding-plan,MiniMax-M3,tsp,tokens30000,quality_by_restart_interaction,oracle_gain_upper_bound,higher,5,0.008811753849226948,-0.009869024966587672,0.02749253266504157,"{""0"": 0.03756988877095245, ""1"": -0.015630158918561038, ""2"": 0.031161442891651465, ""3"": -0.009042403497908143, ""4"": 0.0}"
minimax-cn-coding-plan,MiniMax-M3,tsp,tokens30000,quality_protection_main_effect,parent_improvements,higher,5,0.2,0.0,0.4,"{""0"": 0.0, ""1"": 0.5, ""2"": 0.0, ""3"": 0.5, ""4"": 0.0}"
minimax-cn-coding-plan,MiniMax-M3,tsp,tokens30000,restart_correction_main_effect,parent_improvements,higher,5,0.0,-0.3,0.3,"{""0"": 0.0, ""1"": -0.5, ""2"": 0.0, ""3"": 0.5, ""4"": 0.0}"
minimax-cn-coding-plan,MiniMax-M3,tsp,tokens30000,quality_by_restart_interaction,parent_improvements,higher,5,0.0,-0.6,0.6,"{""0"": 0.0, ""1"": 1.0, ""2"": 0.0, ""3"": -1.0, ""4"": 0.0}"
minimax-cn-coding-plan,MiniMax-M3,tsp,tokens30000,quality_protection_main_effect,neighborhood_improvements,higher,5,0.4,-0.1,0.8,"{""0"": 0.5, ""1"": 1.0, ""2"": 0.5, ""3"": -0.5, ""4"": 0.5}"
minimax-cn-coding-plan,MiniMax-M3,tsp,tokens30000,restart_correction_main_effect,neighborhood_improvements,higher,5,0.0,-0.7,0.9,"{""0"": 1.5, ""1"": -1.0, ""2"": 0.5, ""3"": -0.5, ""4"": -0.5}"
minimax-cn-coding-plan,MiniMax-M3,tsp,tokens30000,quality_by_restart_interaction,neighborhood_improvements,higher,5,0.4,-0.4,1.0,"{""0"": 1.0, ""1"": 0.0, ""2"": 1.0, ""3"": 1.0, ""4"": -1.0}"
minimax-cn-coding-plan,MiniMax-M3,tsp,tokens30000,quality_protection_main_effect,productive_collisions,higher,5,0.3,-0.2,0.7,"{""0"": 0.5, ""1"": 1.0, ""2"": 0.5, ""3"": -0.5, ""4"": 0.0}"
minimax-cn-coding-plan,MiniMax-M3,tsp,tokens30000,restart_correction_main_effect,productive_collisions,higher,5,-0.1,-0.6,0.4,"{""0"": 0.5, ""1"": -1.0, ""2"": 0.5, ""3"": -0.5, ""4"": 0.0}"
minimax-cn-coding-plan,MiniMax-M3,tsp,tokens30000,quality_by_restart_interaction,productive_collisions,higher,5,0.6,0.2,1.0,"{""0"": 1.0, ""1"": 0.0, ""2"": 1.0, ""3"": 1.0, ""4"": 0.0}"
minimax-cn-coding-plan,MiniMax-M3,tsp,tokens30000,quality_protection_main_effect,unproductive_collisions,lower,5,-0.6,-1.1,-0.1,"{""0"": 0.0, ""1"": -1.0, ""2"": -1.5, ""3"": 0.0, ""4"": -0.5}"
minimax-cn-coding-plan,MiniMax-M3,tsp,tokens30000,restart_correction_main_effect,unproductive_collisions,lower,5,0.4,-0.1,0.9,"{""0"": 0.0, ""1"": 1.0, ""2"": -0.5, ""3"": 1.0, ""4"": 0.5}"
minimax-cn-coding-plan,MiniMax-M3,tsp,tokens30000,quality_by_restart_interaction,unproductive_collisions,lower,5,-0.8,-2.2,0.4,"{""0"": 0.0, ""1"": -2.0, ""2"": 1.0, ""3"": 0.0, ""4"": -3.0}"
minimax-cn-coding-plan,MiniMax-M3,tsp,tokens30000,quality_protection_main_effect,restarts,lower,5,-0.4,-1.0,0.1,"{""0"": 0.5, ""1"": -1.5, ""2"": 0.0, ""3"": -0.5, ""4"": -0.5}"
minimax-cn-coding-plan,MiniMax-M3,tsp,tokens30000,restart_correction_main_effect,restarts,lower,5,-0.4,-0.8,0.1,"{""0"": -0.5, ""1"": -0.5, ""2"": -1.0, ""3"": -0.5, ""4"": 0.5}"
minimax-cn-coding-plan,MiniMax-M3,tsp,tokens30000,quality_by_restart_interaction,restarts,lower,5,0.4,-0.4,1.0,"{""0"": 1.0, ""1"": 1.0, ""2"": 0.0, ""3"": 1.0, ""4"": -1.0}"
